{"type":"FeatureCollection","properties":{"source":"Municipality of Basey GIS — ROADS UPDATED","crsOriginal":"WGS_1984_UTM_Zone_51N","convertedAt":"2026-08-27","note":"Carriageway polygons, not centerlines. Not routable; used to classify road access and propose drop-off points."},"features":[{"type":"Feature","properties":{"class":"national","barangay":"Inuntan"},"geometry":{"type":"Polygon","coordinates":[[[125.14945,11.3385],[125.1498,11.33879],[125.15008,11.33898],[125.15027,11.33906],[125.15075,11.33917],[125.15121,11.33928],[125.15158,11.33937],[125.15189,11.33945],[125.15197,11.33947],[125.15213,11.33955],[125.15249,11.33974],[125.15283,11.33993],[125.15305,11.34006],[125.15312,11.3401],[125.15419,11.34069],[125.15481,11.34104],[125.15513,11.34123],[125.15533,11.34131],[125.15545,11.34136],[125.15561,11.34139],[125.15585,11.34141],[125.15661,11.34152],[125.15691,11.34156],[125.15711,11.34159],[125.15728,11.34166],[125.15743,11.34174],[125.15757,11.34184],[125.15777,11.34204],[125.15785,11.34212],[125.15786,11.34213],[125.15792,11.34208],[125.1577,11.34187],[125.1575,11.34169],[125.15737,11.3416],[125.15723,11.34155],[125.15699,11.3415],[125.15666,11.34145],[125.15628,11.34141],[125.1558,11.34134],[125.15555,11.3413],[125.15547,11.34128],[125.15531,11.34123],[125.15515,11.34116],[125.15498,11.34106],[125.15469,11.3409],[125.15432,11.34069],[125.15332,11.34013],[125.15275,11.33983],[125.15229,11.33957],[125.15207,11.33945],[125.15196,11.33941],[125.15178,11.33935],[125.15106,11.33919],[125.15055,11.33907],[125.15031,11.33901],[125.15024,11.33899],[125.15013,11.33894],[125.14997,11.33884],[125.14985,11.33877],[125.14968,11.33863],[125.14948,11.33844],[125.14942,11.33841],[125.14938,11.33838],[125.14936,11.33836],[125.14936,11.33836],[125.14936,11.33836],[125.14934,11.3384],[125.14945,11.3385]]]}},{"type":"Feature","properties":{"class":"national","barangay":"Guirang"},"geometry":{"type":"Polygon","coordinates":[[[125.15824,11.34253],[125.15839,11.34265],[125.15848,11.34273],[125.15854,11.34277],[125.15861,11.3428],[125.15867,11.34282],[125.15876,11.34283],[125.15885,11.34282],[125.15893,11.3428],[125.15902,11.34277],[125.15937,11.34259],[125.15943,11.34256],[125.15957,11.34252],[125.15995,11.34241],[125.16027,11.34227],[125.16044,11.34216],[125.16061,11.34203],[125.16079,11.34189],[125.16082,11.34186],[125.16086,11.34185],[125.16094,11.34182],[125.16121,11.34173],[125.16139,11.34168],[125.16157,11.34164],[125.1616,11.34163],[125.16165,11.34163],[125.16169,11.34164],[125.16173,11.34166],[125.16177,11.3417],[125.1618,11.34176],[125.16194,11.34202],[125.16197,11.34209],[125.16198,11.34214],[125.16198,11.34218],[125.16197,11.34222],[125.16197,11.34227],[125.16195,11.34232],[125.16189,11.34244],[125.16179,11.3426],[125.16168,11.34278],[125.16163,11.34286],[125.16152,11.34304],[125.16141,11.34321],[125.16135,11.34332],[125.16132,11.34338],[125.16129,11.34346],[125.16128,11.34352],[125.16129,11.34361],[125.1613,11.34368],[125.16135,11.34393],[125.16138,11.3441],[125.16143,11.34425],[125.16146,11.34432],[125.1615,11.34437],[125.16156,11.34447],[125.1616,11.34452],[125.16164,11.34456],[125.16175,11.34464],[125.16189,11.34473],[125.16213,11.34491],[125.16222,11.34499],[125.16226,11.34502],[125.16237,11.3451],[125.16242,11.34513],[125.16249,11.34517],[125.16258,11.3452],[125.16269,11.34522],[125.16287,11.34527],[125.16297,11.34533],[125.16305,11.34538],[125.16309,11.34544],[125.16314,11.34553],[125.16316,11.34559],[125.16322,11.3458],[125.16327,11.34598],[125.16333,11.34623],[125.16335,11.34634],[125.16337,11.34667],[125.16337,11.34685],[125.16336,11.3469],[125.16335,11.34696],[125.16333,11.34701],[125.16328,11.34712],[125.16326,11.3472],[125.16324,11.34726],[125.16324,11.3473],[125.16325,11.34735],[125.16327,11.3474],[125.1633,11.34746],[125.16338,11.34757],[125.16353,11.34776],[125.16364,11.34788],[125.16397,11.34823],[125.16403,11.3483],[125.16407,11.34836],[125.16412,11.34842],[125.16414,11.34846],[125.16423,11.34867],[125.16428,11.34881],[125.16435,11.34901],[125.16437,11.34909],[125.16438,11.34913],[125.16438,11.34916],[125.16438,11.3492],[125.16434,11.34933],[125.16429,11.34947],[125.16422,11.34971],[125.16419,11.34982],[125.16417,11.34991],[125.16416,11.34994],[125.16415,11.34999],[125.16414,11.35005],[125.16412,11.35012],[125.16409,11.35018],[125.16406,11.35021],[125.16402,11.35025],[125.164,11.35027],[125.164,11.35027],[125.16404,11.35033],[125.1641,11.35027],[125.16412,11.35024],[125.16415,11.35021],[125.16417,11.35016],[125.1642,11.35009],[125.16424,11.34995],[125.16427,11.34978],[125.16432,11.34961],[125.16444,11.3493],[125.16446,11.34917],[125.16444,11.34904],[125.16441,11.34895],[125.16435,11.34882],[125.16428,11.3486],[125.16423,11.34849],[125.16414,11.34834],[125.16408,11.34826],[125.16401,11.34818],[125.16391,11.34808],[125.16378,11.34794],[125.16369,11.34784],[125.16357,11.3477],[125.16346,11.34757],[125.16337,11.34744],[125.16332,11.34736],[125.16331,11.34733],[125.16331,11.3473],[125.16332,11.34725],[125.16333,11.3472],[125.16342,11.34699],[125.16344,11.34692],[125.16345,11.34688],[125.16345,11.34683],[125.16345,11.34676],[125.16344,11.34658],[125.16342,11.34629],[125.16341,11.34623],[125.16338,11.34611],[125.16336,11.34601],[125.16333,11.34588],[125.16326,11.34569],[125.16319,11.34546],[125.16315,11.34538],[125.16311,11.34534],[125.16306,11.34531],[125.16301,11.34528],[125.16296,11.34525],[125.16292,11.34523],[125.16286,11.34521],[125.16277,11.34519],[125.16266,11.34516],[125.16258,11.34514],[125.16251,11.34512],[125.16247,11.3451],[125.16242,11.34508],[125.16222,11.34494],[125.1621,11.34484],[125.16198,11.34475],[125.1619,11.34469],[125.16181,11.34462],[125.16168,11.34453],[125.16165,11.34451],[125.16161,11.34446],[125.16159,11.34443],[125.16157,11.34439],[125.16151,11.34428],[125.16146,11.34416],[125.16142,11.34401],[125.16138,11.34385],[125.16135,11.34366],[125.16135,11.34358],[125.16134,11.34349],[125.16135,11.34342],[125.16139,11.34333],[125.16144,11.34324],[125.16157,11.34304],[125.16172,11.3428],[125.16183,11.34263],[125.16194,11.34244],[125.162,11.34234],[125.16202,11.34228],[125.16203,11.34219],[125.16203,11.34214],[125.16202,11.34208],[125.16201,11.34204],[125.16197,11.34196],[125.16193,11.3419],[125.16187,11.34178],[125.16183,11.34171],[125.1618,11.34166],[125.16179,11.34164],[125.16176,11.34161],[125.16174,11.3416],[125.1617,11.34159],[125.16167,11.34158],[125.16164,11.34157],[125.1616,11.34158],[125.16157,11.34158],[125.16153,11.34158],[125.16148,11.34159],[125.16133,11.34163],[125.16121,11.34167],[125.1611,11.34171],[125.16098,11.34174],[125.16085,11.34178],[125.16081,11.3418],[125.16077,11.34182],[125.16071,11.34186],[125.16064,11.34192],[125.16051,11.34201],[125.16042,11.34209],[125.16033,11.34215],[125.16026,11.34219],[125.16014,11.34225],[125.15997,11.34231],[125.15978,11.34238],[125.15957,11.34246],[125.15936,11.34252],[125.15928,11.34255],[125.15918,11.3426],[125.1591,11.34265],[125.15905,11.34269],[125.15899,11.34272],[125.15892,11.34274],[125.15884,11.34276],[125.15876,11.34276],[125.1587,11.34275],[125.15861,11.34272],[125.15852,11.34266],[125.1583,11.34247],[125.15816,11.34232],[125.15798,11.34214],[125.15792,11.34209],[125.15792,11.34208],[125.15786,11.34213],[125.15824,11.34253]]]}},{"type":"Feature","properties":{"class":"national","barangay":"Inuntan"},"geometry":{"type":"Polygon","coordinates":[[[125.16397,11.35029],[125.16392,11.35033],[125.16389,11.35034],[125.16383,11.35037],[125.16377,11.3504],[125.16372,11.35043],[125.1637,11.35045],[125.16368,11.35046],[125.16366,11.35048],[125.16364,11.3505],[125.16362,11.35053],[125.1636,11.35057],[125.16359,11.35062],[125.16357,11.35069],[125.16355,11.35075],[125.1635,11.35097],[125.16347,11.35108],[125.16346,11.35116],[125.16345,11.35124],[125.16345,11.35133],[125.16348,11.35144],[125.16351,11.35153],[125.16354,11.35158],[125.16359,11.35163],[125.16376,11.35173],[125.16405,11.35189],[125.16421,11.35199],[125.16426,11.35203],[125.16432,11.35209],[125.16442,11.35221],[125.16447,11.3523],[125.16454,11.3524],[125.16457,11.35244],[125.16463,11.35248],[125.16474,11.35254],[125.16495,11.35264],[125.16515,11.35275],[125.16528,11.35284],[125.1654,11.3529],[125.16554,11.35295],[125.16574,11.353],[125.16598,11.35303],[125.16617,11.35304],[125.16628,11.35304],[125.16628,11.35303],[125.16623,11.35296],[125.16603,11.35295],[125.1658,11.35292],[125.1657,11.35291],[125.16559,11.3529],[125.16548,11.35286],[125.16537,11.35281],[125.16526,11.35275],[125.16507,11.35264],[125.16489,11.35253],[125.16478,11.35248],[125.16462,11.35239],[125.1646,11.35237],[125.16456,11.35232],[125.16451,11.35225],[125.16447,11.35217],[125.16441,11.3521],[125.16437,11.35204],[125.16432,11.352],[125.16423,11.35193],[125.16412,11.35186],[125.1639,11.35173],[125.16379,11.35168],[125.1637,11.35162],[125.16363,11.35157],[125.16359,11.35154],[125.16356,11.3515],[125.16353,11.3514],[125.16352,11.35132],[125.16352,11.35119],[125.16354,11.35108],[125.16357,11.35095],[125.16363,11.35077],[125.16366,11.35065],[125.16371,11.35054],[125.16374,11.35051],[125.1638,11.35047],[125.16389,11.35041],[125.16399,11.35036],[125.16404,11.35033],[125.164,11.35027],[125.16397,11.35029]]]}},{"type":"Feature","properties":{"class":"national","barangay":"Guirang"},"geometry":{"type":"Polygon","coordinates":[[[125.16637,11.35305],[125.16647,11.35307],[125.16663,11.3531],[125.16676,11.3531],[125.1669,11.35309],[125.167,11.35309],[125.16722,11.35309],[125.16747,11.35308],[125.16763,11.35307],[125.16777,11.35308],[125.16784,11.35311],[125.16796,11.35317],[125.16814,11.35326],[125.16839,11.35338],[125.16864,11.35351],[125.1688,11.3536],[125.16887,11.35366],[125.16896,11.35379],[125.1691,11.35399],[125.16942,11.3544],[125.16986,11.35487],[125.16999,11.35501],[125.17015,11.35516],[125.17032,11.35529],[125.17054,11.35542],[125.17064,11.35547],[125.17086,11.35557],[125.17099,11.35562],[125.17121,11.35573],[125.17136,11.35583],[125.17217,11.3563],[125.17265,11.35657],[125.17299,11.35676],[125.17339,11.35697],[125.17355,11.35707],[125.17364,11.35713],[125.17379,11.35724],[125.17393,11.35734],[125.17399,11.35737],[125.1741,11.35743],[125.17417,11.35746],[125.17424,11.35748],[125.17434,11.3575],[125.17442,11.35751],[125.17454,11.35753],[125.17465,11.35755],[125.17469,11.35757],[125.17476,11.35761],[125.17489,11.35768],[125.17514,11.35781],[125.17545,11.35794],[125.17565,11.35803],[125.17595,11.35814],[125.17613,11.3582],[125.17632,11.35825],[125.1765,11.35826],[125.17663,11.35825],[125.17673,11.35824],[125.17699,11.35819],[125.17718,11.35817],[125.17734,11.35816],[125.17746,11.35816],[125.1776,11.35814],[125.17772,11.3581],[125.17787,11.35805],[125.17802,11.35799],[125.17815,11.35795],[125.17826,11.35793],[125.17835,11.35793],[125.17848,11.35793],[125.17857,11.35791],[125.17865,11.35789],[125.17874,11.35786],[125.17885,11.35781],[125.17892,11.35777],[125.17902,11.35771],[125.17906,11.35768],[125.17911,11.35765],[125.17916,11.3576],[125.17922,11.35753],[125.17925,11.35749],[125.17934,11.35734],[125.1794,11.35723],[125.17952,11.35699],[125.17957,11.3569],[125.17963,11.35681],[125.17973,11.35666],[125.17977,11.3566],[125.17983,11.35652],[125.17988,11.35647],[125.17992,11.35644],[125.17997,11.3564],[125.18003,11.35637],[125.18008,11.35635],[125.18016,11.35632],[125.18042,11.35624],[125.18048,11.35622],[125.18066,11.35616],[125.18093,11.35609],[125.18099,11.35607],[125.18106,11.35607],[125.18116,11.35607],[125.18124,11.35607],[125.18144,11.35608],[125.18156,11.35608],[125.1817,11.35608],[125.18198,11.35608],[125.18203,11.35608],[125.1821,11.35609],[125.18221,11.3561],[125.18228,11.35611],[125.18237,11.3561],[125.18244,11.3561],[125.18258,11.35609],[125.18266,11.35608],[125.18283,11.35606],[125.18288,11.35605],[125.18298,11.35603],[125.18315,11.35599],[125.18322,11.35597],[125.18328,11.35594],[125.18334,11.35591],[125.18341,11.35588],[125.18352,11.35581],[125.1836,11.35575],[125.1837,11.35569],[125.18374,11.35566],[125.18382,11.35561],[125.18387,11.35558],[125.18394,11.35556],[125.18401,11.35554],[125.18407,11.35553],[125.18416,11.35553],[125.18427,11.35554],[125.18447,11.35557],[125.1847,11.35562],[125.18506,11.35569],[125.18532,11.35574],[125.18557,11.35578],[125.18563,11.3558],[125.18567,11.35581],[125.18572,11.35584],[125.18575,11.35586],[125.18579,11.35589],[125.18582,11.35592],[125.18587,11.356],[125.18597,11.35615],[125.18608,11.35633],[125.18615,11.35643],[125.18617,11.35646],[125.1862,11.35649],[125.18625,11.35651],[125.1863,11.35653],[125.18637,11.35654],[125.18642,11.35653],[125.18651,11.35652],[125.1866,11.35651],[125.18669,11.3565],[125.18677,11.3565],[125.18685,11.3565],[125.18691,11.35652],[125.18696,11.35653],[125.187,11.35655],[125.18709,11.3566],[125.18718,11.35666],[125.18725,11.35669],[125.18732,11.35672],[125.18739,11.35674],[125.18748,11.35676],[125.18753,11.35676],[125.18759,11.35676],[125.18765,11.35676],[125.18776,11.35675],[125.18787,11.35673],[125.18802,11.35669],[125.18825,11.35663],[125.18833,11.35662],[125.18844,11.3566],[125.18868,11.35659],[125.18879,11.35661],[125.18887,11.35662],[125.18895,11.35665],[125.18903,11.35671],[125.18911,11.35677],[125.18919,11.35684],[125.18927,11.35692],[125.18936,11.35703],[125.18944,11.35716],[125.18947,11.35722],[125.18948,11.35729],[125.18949,11.35736],[125.18947,11.35744],[125.18942,11.35755],[125.18931,11.35782],[125.18926,11.35794],[125.18923,11.35805],[125.18922,11.35817],[125.18922,11.35822],[125.18924,11.35827],[125.18926,11.3583],[125.18928,11.35834],[125.18932,11.35838],[125.1895,11.35852],[125.18962,11.35861],[125.1897,11.3587],[125.18976,11.35877],[125.18981,11.35885],[125.18989,11.359],[125.18994,11.35909],[125.18997,11.35917],[125.19002,11.35924],[125.19012,11.35935],[125.19025,11.35948],[125.19031,11.35954],[125.1904,11.35961],[125.19046,11.35965],[125.19052,11.35969],[125.19054,11.3597],[125.19057,11.35971],[125.19066,11.35973],[125.19079,11.35976],[125.19096,11.35979],[125.1912,11.35984],[125.1913,11.35987],[125.19143,11.35993],[125.19154,11.35998],[125.19168,11.36006],[125.19184,11.36016],[125.19204,11.36028],[125.19213,11.36034],[125.19228,11.36041],[125.19242,11.36046],[125.19253,11.3605],[125.193,11.36061],[125.19331,11.36068],[125.19349,11.36072],[125.1936,11.36073],[125.19369,11.36073],[125.1938,11.36071],[125.1944,11.36063],[125.19458,11.3606],[125.19484,11.36058],[125.19504,11.36056],[125.19539,11.36053],[125.19556,11.36052],[125.1957,11.3605],[125.19578,11.36049],[125.19593,11.36046],[125.19605,11.36043],[125.19617,11.3604],[125.19634,11.36036],[125.19641,11.36035],[125.1965,11.36034],[125.19671,11.36036],[125.19688,11.36038],[125.19696,11.36039],[125.19704,11.36041],[125.19732,11.36048],[125.19759,11.36056],[125.19777,11.3606],[125.1979,11.3606],[125.19813,11.36061],[125.19822,11.36061],[125.19843,11.3606],[125.19879,11.36058],[125.19899,11.36056],[125.19919,11.36055],[125.19928,11.36055],[125.19933,11.36056],[125.19937,11.36057],[125.19941,11.36058],[125.19956,11.36065],[125.19985,11.36078],[125.20009,11.3609],[125.20016,11.36095],[125.20021,11.36099],[125.20031,11.3611],[125.20041,11.36121],[125.20049,11.36128],[125.20076,11.36147],[125.20102,11.36165],[125.2011,11.3617],[125.20117,11.36172],[125.20125,11.36173],[125.2014,11.36175],[125.20159,11.36176],[125.20187,11.36179],[125.20216,11.36181],[125.20241,11.36183],[125.20256,11.36186],[125.20265,11.36186],[125.20272,11.36184],[125.20282,11.36181],[125.2029,11.36176],[125.20296,11.3617],[125.20303,11.36164],[125.20312,11.36156],[125.20324,11.36147],[125.20337,11.36138],[125.20355,11.36132],[125.2037,11.36128],[125.2038,11.36127],[125.20392,11.36127],[125.20405,11.36129],[125.20427,11.36136],[125.20449,11.36144],[125.20465,11.3615],[125.20479,11.36157],[125.20495,11.36169],[125.20518,11.36187],[125.20538,11.36201],[125.20545,11.36205],[125.20553,11.36207],[125.20559,11.36207],[125.20567,11.36206],[125.20574,11.36204],[125.20585,11.36201],[125.20613,11.3619],[125.20618,11.36188],[125.20625,11.36187],[125.20634,11.36187],[125.20644,11.36189],[125.20653,11.36192],[125.20663,11.36198],[125.20677,11.36207],[125.20708,11.36228],[125.20722,11.36236],[125.20737,11.36247],[125.2075,11.36259],[125.20757,11.36265],[125.20762,11.36268],[125.20769,11.36271],[125.20777,11.36274],[125.20788,11.36276],[125.20806,11.36276],[125.20832,11.36275],[125.20849,11.36272],[125.20877,11.36271],[125.20902,11.36268],[125.20907,11.36269],[125.20916,11.3627],[125.20922,11.36272],[125.20926,11.36275],[125.20932,11.36279],[125.20939,11.36285],[125.20948,11.36294],[125.20955,11.363],[125.20962,11.36306],[125.20971,11.36313],[125.20977,11.36318],[125.20984,11.36322],[125.20993,11.36325],[125.21001,11.36327],[125.21008,11.36328],[125.21017,11.36329],[125.21025,11.36328],[125.21035,11.36328],[125.21046,11.36326],[125.21054,11.36326],[125.21062,11.36327],[125.21067,11.36331],[125.21072,11.36335],[125.21075,11.36339],[125.21078,11.36345],[125.21078,11.3635],[125.21079,11.36355],[125.2108,11.3636],[125.21082,11.36365],[125.21085,11.36369],[125.21092,11.3638],[125.21097,11.36388],[125.21102,11.36394],[125.21107,11.36399],[125.21115,11.36407],[125.21122,11.36412],[125.2113,11.36415],[125.2114,11.3642],[125.21147,11.36424],[125.21152,11.36428],[125.21155,11.36432],[125.21159,11.36438],[125.21162,11.36443],[125.21167,11.3645],[125.2117,11.36458],[125.21174,11.36469],[125.21177,11.36478],[125.21182,11.36489],[125.21187,11.36496],[125.21191,11.36502],[125.21195,11.36505],[125.212,11.36508],[125.21207,11.36511],[125.21213,11.36513],[125.21222,11.36514],[125.21232,11.36513],[125.21238,11.36514],[125.21246,11.36514],[125.21255,11.36516],[125.21262,11.36518],[125.21272,11.36521],[125.21282,11.36523],[125.21291,11.36524],[125.213,11.36522],[125.21307,11.36519],[125.21316,11.36513],[125.21326,11.36507],[125.21334,11.36502],[125.21339,11.36499],[125.21351,11.36494],[125.21361,11.36489],[125.21371,11.36483],[125.21381,11.36475],[125.21388,11.36469],[125.21394,11.36463],[125.21396,11.36458],[125.214,11.36448],[125.21404,11.36436],[125.21407,11.36426],[125.2141,11.36415],[125.21411,11.36411],[125.21415,11.36406],[125.21417,11.36403],[125.21421,11.36399],[125.21426,11.36396],[125.21432,11.36393],[125.2144,11.36391],[125.21448,11.36389],[125.21454,11.36388],[125.21464,11.36388],[125.21477,11.36387],[125.2149,11.36386],[125.21514,11.36382],[125.21523,11.3638],[125.21534,11.3638],[125.21543,11.36381],[125.21554,11.36383],[125.21568,11.36386],[125.21581,11.36389],[125.21589,11.3639],[125.21596,11.36389],[125.21601,11.36388],[125.21603,11.36386],[125.21606,11.36384],[125.2161,11.36379],[125.21614,11.3637],[125.21616,11.36359],[125.21617,11.3635],[125.21616,11.36341],[125.21614,11.3633],[125.21615,11.36328],[125.21616,11.36324],[125.21618,11.36319],[125.21618,11.36313],[125.21618,11.36308],[125.21619,11.36304],[125.21621,11.363],[125.21624,11.36295],[125.21628,11.36284],[125.21631,11.36277],[125.21632,11.36269],[125.21632,11.36258],[125.21631,11.3625],[125.21629,11.36244],[125.21625,11.36237],[125.21621,11.36232],[125.21613,11.36226],[125.21605,11.3622],[125.216,11.36215],[125.21597,11.36212],[125.21596,11.36208],[125.21595,11.36204],[125.21596,11.36201],[125.21597,11.36199],[125.216,11.36197],[125.21604,11.36196],[125.2161,11.36196],[125.21616,11.36199],[125.21624,11.36203],[125.21631,11.36209],[125.2164,11.36213],[125.21651,11.36219],[125.21668,11.36224],[125.21681,11.36227],[125.21689,11.36231],[125.21692,11.36233],[125.21693,11.36238],[125.21696,11.36247],[125.21698,11.36255],[125.217,11.36262],[125.21702,11.3627],[125.21706,11.36279],[125.21711,11.36287],[125.21715,11.36296],[125.21718,11.36304],[125.2172,11.36311],[125.21722,11.36318],[125.21723,11.36327],[125.21725,11.36332],[125.21728,11.36336],[125.21731,11.36341],[125.21735,11.36345],[125.2174,11.36348],[125.21752,11.36354],[125.21765,11.36361],[125.21779,11.36369],[125.21789,11.36374],[125.21802,11.36382],[125.21808,11.36387],[125.21816,11.36393],[125.21819,11.36397],[125.21822,11.36404],[125.21825,11.36412],[125.21827,11.3642],[125.21831,11.3643],[125.21832,11.36434],[125.21834,11.36438],[125.21838,11.36442],[125.21842,11.36444],[125.21846,11.36446],[125.21859,11.3645],[125.21868,11.36454],[125.21877,11.36457],[125.21885,11.36459],[125.21889,11.3646],[125.21891,11.36462],[125.21894,11.36465],[125.21903,11.36473],[125.2192,11.36486],[125.21931,11.36493],[125.21948,11.36503],[125.21956,11.36506],[125.21961,11.36508],[125.21968,11.36509],[125.21978,11.36509],[125.21985,11.36507],[125.21992,11.36505],[125.22,11.36501],[125.22008,11.36498],[125.22019,11.36495],[125.22029,11.3649],[125.22036,11.36485],[125.22046,11.36475],[125.22052,11.3647],[125.22059,11.36466],[125.22066,11.36463],[125.22074,11.36461],[125.22079,11.36462],[125.22089,11.36466],[125.2211,11.36475],[125.22116,11.36479],[125.22124,11.36482],[125.22133,11.36484],[125.22138,11.36484],[125.22142,11.36483],[125.22146,11.36481],[125.2215,11.36478],[125.22153,11.36475],[125.22157,11.36474],[125.22166,11.36473],[125.22169,11.36472],[125.22177,11.36472],[125.22182,11.36473],[125.22188,11.36475],[125.22208,11.36483],[125.22221,11.36489],[125.22247,11.365],[125.22254,11.36503],[125.22259,11.36505],[125.22265,11.36506],[125.22276,11.36507],[125.22289,11.36507],[125.22306,11.3651],[125.22318,11.36512],[125.22327,11.36515],[125.2234,11.36517],[125.22356,11.36519],[125.22369,11.3652],[125.2239,11.36514],[125.22415,11.36499],[125.22431,11.36491],[125.2245,11.36479],[125.22469,11.3647],[125.22484,11.36462],[125.22494,11.36456],[125.22498,11.36452],[125.22505,11.36443],[125.22512,11.36427],[125.22517,11.36413],[125.22522,11.36383],[125.22528,11.36354],[125.22531,11.36342],[125.22537,11.36328],[125.22548,11.36311],[125.22558,11.36302],[125.22566,11.36295],[125.22577,11.36289],[125.22591,11.36286],[125.22597,11.36286],[125.22604,11.36287],[125.22608,11.3629],[125.22612,11.36293],[125.22614,11.36296],[125.22616,11.363],[125.22618,11.36304],[125.22621,11.36311],[125.22622,11.3632],[125.22621,11.36328],[125.22621,11.36334],[125.22619,11.36341],[125.22609,11.36362],[125.22606,11.3637],[125.22603,11.36376],[125.22603,11.36383],[125.22603,11.36389],[125.22604,11.36392],[125.22606,11.36396],[125.22608,11.36399],[125.22611,11.36401],[125.22615,11.36403],[125.2262,11.36403],[125.22625,11.36402],[125.22628,11.364],[125.22633,11.36395],[125.22637,11.36389],[125.22642,11.36381],[125.22645,11.36375],[125.22648,11.36368],[125.2265,11.36364],[125.22654,11.36359],[125.22659,11.36354],[125.22663,11.36352],[125.22668,11.36351],[125.22671,11.36351],[125.22677,11.3635],[125.22681,11.3635],[125.22686,11.3635],[125.22692,11.3635],[125.22697,11.3635],[125.22701,11.36349],[125.22707,11.36346],[125.22711,11.36343],[125.22715,11.36339],[125.22717,11.36336],[125.22718,11.36333],[125.22719,11.36326],[125.22718,11.36321],[125.22716,11.36314],[125.2271,11.36307],[125.227,11.36302],[125.22688,11.36295],[125.22678,11.3629],[125.22668,11.36284],[125.22659,11.36276],[125.22655,11.36268],[125.22653,11.36259],[125.22652,11.36253],[125.22653,11.36248],[125.22654,11.3624],[125.22657,11.36235],[125.22661,11.3623],[125.22665,11.36228],[125.22657,11.36224],[125.22656,11.36225],[125.22654,11.36226],[125.22651,11.3623],[125.22648,11.36236],[125.22646,11.36242],[125.22644,11.3625],[125.22644,11.36258],[125.22646,11.36271],[125.22651,11.36283],[125.22665,11.36295],[125.22687,11.36305],[125.22697,11.3631],[125.22701,11.36314],[125.22705,11.36319],[125.22707,11.36324],[125.22707,11.3633],[125.22705,11.36335],[125.22701,11.3634],[125.22696,11.36343],[125.22687,11.36343],[125.22678,11.36343],[125.22668,11.36342],[125.22656,11.36346],[125.2265,11.3635],[125.22645,11.3636],[125.22642,11.36363],[125.22637,11.36372],[125.22635,11.36377],[125.22633,11.36381],[125.2263,11.36386],[125.22627,11.36391],[125.22624,11.36394],[125.22621,11.36396],[125.22617,11.36396],[125.22613,11.36393],[125.2261,11.36389],[125.22609,11.36384],[125.2261,11.36378],[125.22613,11.36371],[125.2262,11.36358],[125.22627,11.36344],[125.22629,11.36337],[125.22631,11.36324],[125.2263,11.36312],[125.22627,11.36298],[125.22621,11.36286],[125.22611,11.36278],[125.22598,11.36273],[125.22586,11.36273],[125.22574,11.36274],[125.22562,11.36279],[125.22548,11.36288],[125.22535,11.36307],[125.22526,11.36322],[125.2252,11.36332],[125.22516,11.36352],[125.22511,11.36376],[125.22507,11.36393],[125.22502,11.36417],[125.22496,11.36432],[125.22489,11.36442],[125.22482,11.3645],[125.22456,11.36465],[125.2243,11.36479],[125.224,11.36498],[125.22387,11.36505],[125.22377,11.3651],[125.22367,11.36511],[125.22358,11.36512],[125.22343,11.3651],[125.22327,11.36507],[125.22311,11.36503],[125.22297,11.36501],[125.22281,11.36501],[125.22267,11.36499],[125.22254,11.36495],[125.2223,11.36484],[125.22214,11.36478],[125.22199,11.36472],[125.22181,11.36466],[125.22172,11.36466],[125.2216,11.36466],[125.22153,11.36468],[125.22148,11.36471],[125.22144,11.36474],[125.2214,11.36476],[125.22134,11.36477],[125.22126,11.36475],[125.22114,11.3647],[125.221,11.36462],[125.2208,11.36454],[125.22072,11.36453],[125.22064,11.36455],[125.22054,11.3646],[125.22046,11.36467],[125.22036,11.36475],[125.22031,11.3648],[125.22022,11.36485],[125.22009,11.3649],[125.21991,11.36499],[125.21985,11.36501],[125.21978,11.36503],[125.2197,11.36504],[125.21962,11.36503],[125.21953,11.36499],[125.21943,11.36495],[125.21929,11.36485],[125.21914,11.36475],[125.21905,11.36468],[125.21898,11.3646],[125.21893,11.36457],[125.21884,11.36453],[125.21873,11.36451],[125.2186,11.36447],[125.2185,11.36444],[125.21843,11.36438],[125.21837,11.36431],[125.21833,11.3642],[125.21827,11.36401],[125.21823,11.36393],[125.21817,11.36385],[125.21809,11.36378],[125.21799,11.36372],[125.21769,11.36355],[125.21755,11.36346],[125.21746,11.36343],[125.21738,11.36338],[125.21734,11.36335],[125.21732,11.3633],[125.2173,11.36316],[125.21728,11.36304],[125.21723,11.36291],[125.21715,11.36275],[125.21708,11.36259],[125.21705,11.36245],[125.21704,11.36239],[125.21703,11.36235],[125.217,11.3623],[125.21696,11.36225],[125.2169,11.36221],[125.21685,11.36219],[125.21681,11.36217],[125.21673,11.36215],[125.21664,11.36213],[125.21653,11.36209],[125.21646,11.36207],[125.21638,11.36204],[125.21632,11.362],[125.21627,11.36197],[125.21621,11.36194],[125.21614,11.36191],[125.21609,11.3619],[125.21605,11.36189],[125.216,11.36189],[125.21598,11.36189],[125.21593,11.36191],[125.21591,11.36193],[125.21589,11.36196],[125.21588,11.36199],[125.21588,11.36202],[125.21588,11.36206],[125.21589,11.36209],[125.21593,11.36216],[125.21601,11.36225],[125.2161,11.36233],[125.21617,11.36239],[125.21622,11.36246],[125.21624,11.36251],[125.21626,11.36258],[125.21626,11.36266],[125.21626,11.36272],[125.21625,11.36277],[125.21624,11.36281],[125.21619,11.36292],[125.21615,11.36299],[125.21614,11.36304],[125.21612,11.3631],[125.21612,11.36319],[125.21611,11.36324],[125.2161,11.36331],[125.21611,11.36338],[125.21611,11.36347],[125.21611,11.36354],[125.21609,11.36363],[125.21607,11.36371],[125.21604,11.36377],[125.21601,11.36381],[125.21594,11.36384],[125.21585,11.36384],[125.21574,11.36382],[125.21558,11.36378],[125.21538,11.36375],[125.21533,11.36375],[125.21517,11.36376],[125.215,11.3638],[125.21481,11.36381],[125.21459,11.36382],[125.21439,11.36385],[125.21428,11.36388],[125.2142,11.36392],[125.21414,11.36397],[125.21408,11.36405],[125.21404,11.36415],[125.21399,11.36427],[125.21395,11.3644],[125.21393,11.3645],[125.21389,11.36459],[125.21379,11.36468],[125.21362,11.3648],[125.21336,11.36493],[125.21323,11.36501],[125.21309,11.36511],[125.21302,11.36515],[125.21295,11.36516],[125.21289,11.36517],[125.21284,11.36517],[125.21279,11.36516],[125.2127,11.36515],[125.21263,11.36513],[125.21256,11.36511],[125.21249,11.36509],[125.21241,11.36509],[125.21237,11.36508],[125.2123,11.36509],[125.2122,11.36508],[125.2121,11.36506],[125.21205,11.36504],[125.21198,11.36499],[125.21191,11.36491],[125.21184,11.36481],[125.2118,11.36473],[125.21177,11.36464],[125.21172,11.36452],[125.21168,11.36442],[125.21163,11.36434],[125.21158,11.36427],[125.21153,11.36421],[125.21148,11.36417],[125.2114,11.36413],[125.21131,11.3641],[125.21121,11.36403],[125.21111,11.36392],[125.21098,11.36373],[125.21091,11.36363],[125.21087,11.36356],[125.21086,11.3635],[125.21085,11.36343],[125.21084,11.36339],[125.21081,11.36335],[125.21079,11.36331],[125.21076,11.36328],[125.21072,11.36324],[125.21066,11.36321],[125.21058,11.36319],[125.21048,11.36318],[125.21038,11.36319],[125.21029,11.36319],[125.21015,11.36321],[125.21006,11.36321],[125.20996,11.3632],[125.20987,11.36317],[125.20981,11.36313],[125.2097,11.36305],[125.20958,11.36294],[125.20938,11.36274],[125.2093,11.36266],[125.20922,11.36262],[125.20912,11.3626],[125.20902,11.36261],[125.20888,11.36262],[125.20875,11.36264],[125.20855,11.36265],[125.20833,11.36268],[125.20816,11.3627],[125.20799,11.3627],[125.20784,11.36269],[125.20775,11.36266],[125.20769,11.36264],[125.20763,11.3626],[125.20755,11.36254],[125.20742,11.36244],[125.20725,11.36231],[125.2071,11.3622],[125.2069,11.36207],[125.20666,11.36191],[125.20654,11.36184],[125.20647,11.36181],[125.2064,11.36179],[125.20631,11.36178],[125.20625,11.36178],[125.20617,11.36179],[125.20608,11.36182],[125.20596,11.36186],[125.20587,11.3619],[125.20578,11.36194],[125.20567,11.36198],[125.20558,11.36199],[125.20552,11.36197],[125.20544,11.36194],[125.20533,11.36188],[125.20521,11.36179],[125.20509,11.3617],[125.20493,11.36157],[125.20476,11.36147],[125.20453,11.36137],[125.20438,11.36131],[125.20423,11.36126],[125.20401,11.36121],[125.20382,11.36119],[125.20364,11.36121],[125.2035,11.36125],[125.20341,11.36128],[125.20329,11.36133],[125.20317,11.36142],[125.20305,11.36152],[125.20291,11.36166],[125.20283,11.36172],[125.20278,11.36175],[125.20272,11.36178],[125.20267,11.36179],[125.20262,11.3618],[125.20256,11.36179],[125.20247,11.36178],[125.20234,11.36177],[125.20216,11.36175],[125.20199,11.36174],[125.20173,11.36172],[125.20142,11.3617],[125.20129,11.36169],[125.20119,11.36167],[125.20115,11.36166],[125.20111,11.36164],[125.20107,11.36162],[125.201,11.36157],[125.20086,11.36147],[125.20075,11.36139],[125.20064,11.36132],[125.20054,11.36125],[125.20047,11.36119],[125.20039,11.36111],[125.20032,11.36104],[125.20028,11.36099],[125.20022,11.36094],[125.20018,11.3609],[125.2001,11.36086],[125.20005,11.36084],[125.19998,11.3608],[125.19992,11.36077],[125.19982,11.36072],[125.19974,11.36068],[125.19956,11.36059],[125.19945,11.36054],[125.19935,11.3605],[125.19927,11.36049],[125.19917,11.36049],[125.19903,11.3605],[125.19865,11.36054],[125.19841,11.36056],[125.19812,11.36056],[125.19797,11.36055],[125.19787,11.36055],[125.19777,11.36054],[125.19772,11.36053],[125.19759,11.3605],[125.19739,11.36045],[125.19711,11.36037],[125.197,11.36035],[125.1969,11.36033],[125.19674,11.3603],[125.19654,11.36028],[125.1965,11.36028],[125.19644,11.36028],[125.19636,11.3603],[125.19624,11.36032],[125.19598,11.36039],[125.1958,11.36044],[125.19567,11.36045],[125.19527,11.36048],[125.19504,11.3605],[125.1947,11.36053],[125.19432,11.36057],[125.19398,11.36062],[125.1939,11.36064],[125.19371,11.36067],[125.1936,11.36067],[125.19347,11.36066],[125.19336,11.36064],[125.19309,11.36058],[125.19287,11.36053],[125.19263,11.36048],[125.19249,11.36043],[125.19238,11.3604],[125.19232,11.36037],[125.1922,11.36031],[125.19201,11.36019],[125.1918,11.36007],[125.19163,11.35996],[125.19145,11.35988],[125.19131,11.35982],[125.19117,11.35978],[125.19091,11.35973],[125.19072,11.35969],[125.19063,11.35967],[125.19056,11.35964],[125.19052,11.35962],[125.19044,11.35958],[125.19036,11.35952],[125.19024,11.3594],[125.19015,11.35931],[125.19008,11.35922],[125.19,11.35909],[125.18995,11.35899],[125.18989,11.35887],[125.18985,11.3588],[125.18979,11.35871],[125.18973,11.35864],[125.18968,11.35858],[125.1896,11.35852],[125.18943,11.3584],[125.18936,11.35835],[125.1893,11.35827],[125.18927,11.35821],[125.18927,11.35811],[125.18928,11.35804],[125.18931,11.35797],[125.18934,11.35789],[125.18939,11.35779],[125.18946,11.35762],[125.1895,11.35752],[125.18952,11.35745],[125.18954,11.35739],[125.18954,11.35732],[125.18954,11.3573],[125.18953,11.35724],[125.18952,11.3572],[125.18948,11.35711],[125.1894,11.35698],[125.1893,11.35686],[125.18908,11.35668],[125.18902,11.35663],[125.18897,11.3566],[125.18892,11.35658],[125.18884,11.35656],[125.18876,11.35655],[125.18864,11.35654],[125.18848,11.35655],[125.18833,11.35657],[125.18815,11.35661],[125.18799,11.35666],[125.18773,11.3567],[125.18761,11.35671],[125.18752,11.35671],[125.18739,11.35668],[125.18729,11.35665],[125.18722,11.35662],[125.18715,11.35657],[125.18704,11.3565],[125.187,11.35649],[125.18695,11.35647],[125.18689,11.35646],[125.18684,11.35645],[125.18677,11.35645],[125.18671,11.35645],[125.18665,11.35645],[125.18657,11.35646],[125.18649,11.35647],[125.18642,11.35648],[125.18633,11.35648],[125.1863,11.35647],[125.18627,11.35646],[125.18623,11.35644],[125.1862,11.35641],[125.18611,11.35628],[125.18595,11.35601],[125.18591,11.35595],[125.18585,11.35588],[125.18582,11.35583],[125.18578,11.3558],[125.18574,11.35578],[125.1857,11.35576],[125.18565,11.35574],[125.18542,11.3557],[125.18528,11.35568],[125.18493,11.35561],[125.18455,11.35553],[125.18438,11.35551],[125.18422,11.35548],[125.18412,11.35547],[125.18403,11.35548],[125.18394,11.3555],[125.18389,11.35553],[125.18384,11.35555],[125.18375,11.35559],[125.18367,11.35565],[125.18347,11.35579],[125.18337,11.35584],[125.18323,11.35591],[125.18311,11.35595],[125.18299,11.35598],[125.18287,11.356],[125.18269,11.35602],[125.1824,11.35605],[125.18232,11.35606],[125.18226,11.35606],[125.18217,11.35604],[125.18209,11.35603],[125.18202,11.35603],[125.18189,11.35603],[125.18145,11.35603],[125.18138,11.35603],[125.18128,11.35602],[125.18114,11.35601],[125.18103,11.35601],[125.181,11.35601],[125.18095,11.35603],[125.1807,11.3561],[125.18047,11.35617],[125.18029,11.35622],[125.18016,11.35626],[125.18006,11.35629],[125.18002,11.35631],[125.18,11.35632],[125.17995,11.35634],[125.17989,11.35639],[125.17982,11.35646],[125.17974,11.35656],[125.17958,11.3568],[125.17946,11.35701],[125.17935,11.35722],[125.17922,11.35744],[125.17914,11.35754],[125.17906,11.35762],[125.17894,11.35769],[125.17882,11.35775],[125.17868,11.35782],[125.1786,11.35785],[125.17854,11.35786],[125.17843,11.35786],[125.17837,11.35786],[125.17829,11.35785],[125.1782,11.35786],[125.17811,11.35789],[125.17798,11.35794],[125.17786,11.35798],[125.17772,11.35804],[125.17764,11.35807],[125.17757,11.35809],[125.17749,11.3581],[125.17738,11.3581],[125.17716,11.35811],[125.17703,11.35812],[125.17694,11.35813],[125.17682,11.35816],[125.17672,11.35818],[125.17657,11.3582],[125.17648,11.3582],[125.17638,11.35819],[125.17622,11.35816],[125.1761,11.35813],[125.17588,11.35805],[125.17557,11.35793],[125.17515,11.35775],[125.17495,11.35765],[125.1748,11.35757],[125.17472,11.35752],[125.17466,11.35749],[125.17461,11.35748],[125.17451,11.35747],[125.17432,11.35744],[125.17419,11.3574],[125.1741,11.35736],[125.17395,11.35727],[125.17367,11.35708],[125.17349,11.35696],[125.17308,11.35674],[125.17251,11.35643],[125.17205,11.35616],[125.17151,11.35583],[125.17135,11.35573],[125.17122,11.35566],[125.171,11.35555],[125.17085,11.35549],[125.1707,11.35543],[125.17058,11.35537],[125.17044,11.35529],[125.17033,11.35522],[125.17019,11.3551],[125.17009,11.35502],[125.17,11.35493],[125.16987,11.3548],[125.16966,11.35456],[125.16952,11.3544],[125.16943,11.35429],[125.16922,11.35402],[125.16906,11.35381],[125.16893,11.35363],[125.16888,11.35358],[125.16883,11.35354],[125.16879,11.35352],[125.16869,11.35346],[125.1686,11.35342],[125.16845,11.35334],[125.16831,11.35327],[125.16815,11.3532],[125.16807,11.35316],[125.16799,11.35311],[125.1679,11.35306],[125.1678,11.35303],[125.1677,11.353],[125.1676,11.35299],[125.16753,11.35299],[125.16741,11.353],[125.16721,11.35302],[125.16705,11.35303],[125.16685,11.35303],[125.16664,11.35303],[125.16656,11.35303],[125.16652,11.35302],[125.16645,11.35301],[125.16636,11.35298],[125.16623,11.35296],[125.16628,11.35303],[125.16628,11.35304],[125.16637,11.35305]]]}},{"type":"Feature","properties":{"class":"national","barangay":"Lo-og"},"geometry":{"type":"Polygon","coordinates":[[[125.22666,11.36227],[125.22667,11.36226],[125.22669,11.36226],[125.22672,11.36226],[125.22679,11.36227],[125.22684,11.36227],[125.2269,11.36228],[125.22694,11.3623],[125.22696,11.36231],[125.22699,11.36234],[125.22706,11.36241],[125.22712,11.36245],[125.22715,11.36247],[125.22719,11.36249],[125.22723,11.3625],[125.22728,11.36252],[125.22732,11.36253],[125.22736,11.36255],[125.22738,11.36257],[125.22743,11.3626],[125.22749,11.36265],[125.22765,11.36272],[125.22764,11.3627],[125.22761,11.36267],[125.22757,11.36263],[125.22751,11.36257],[125.22745,11.36252],[125.2274,11.36249],[125.22735,11.36247],[125.22729,11.36245],[125.22722,11.36243],[125.22718,11.36241],[125.22714,11.36238],[125.22711,11.36236],[125.22706,11.36232],[125.22698,11.36227],[125.22691,11.36223],[125.22685,11.36221],[125.2268,11.3622],[125.22674,11.3622],[125.22667,11.3622],[125.22662,11.36221],[125.22657,11.36224],[125.22665,11.36228],[125.22666,11.36227]]]}},{"type":"Feature","properties":{"class":"national","barangay":"Guirang"},"geometry":{"type":"Polygon","coordinates":[[[125.22756,11.36271],[125.22764,11.36281],[125.22769,11.36291],[125.22772,11.36297],[125.22774,11.36303],[125.22776,11.3631],[125.22777,11.3632],[125.22778,11.3633],[125.22778,11.36336],[125.2278,11.36344],[125.22784,11.3636],[125.22786,11.36367],[125.22791,11.3638],[125.22795,11.36391],[125.22799,11.36398],[125.22802,11.36405],[125.22806,11.36412],[125.22814,11.36421],[125.22818,11.36426],[125.22823,11.36434],[125.22826,11.3644],[125.22828,11.36447],[125.22833,11.36465],[125.22836,11.36477],[125.2284,11.36497],[125.22843,11.36507],[125.22847,11.36516],[125.22855,11.36529],[125.22862,11.3654],[125.22871,11.36549],[125.2288,11.36557],[125.2289,11.36562],[125.22901,11.36567],[125.22915,11.36569],[125.2293,11.36571],[125.22939,11.3657],[125.22946,11.36569],[125.22953,11.36568],[125.22962,11.36565],[125.22969,11.36562],[125.22978,11.36559],[125.22989,11.36554],[125.22987,11.3655],[125.2297,11.36557],[125.22956,11.36563],[125.22941,11.36566],[125.22924,11.36565],[125.22906,11.36563],[125.22897,11.3656],[125.22888,11.36555],[125.2288,11.3655],[125.22874,11.36543],[125.22867,11.36535],[125.22861,11.36526],[125.22855,11.36515],[125.2285,11.36503],[125.22846,11.3649],[125.22842,11.3647],[125.22837,11.36447],[125.22834,11.36437],[125.22831,11.36431],[125.22829,11.36425],[125.22827,11.36422],[125.22823,11.36418],[125.2282,11.36414],[125.22815,11.36409],[125.22811,11.36403],[125.22807,11.36398],[125.22801,11.36386],[125.22793,11.36364],[125.22788,11.3635],[125.22787,11.36344],[125.22786,11.36336],[125.22785,11.36328],[125.22784,11.36319],[125.22784,11.36314],[125.22783,11.36309],[125.22783,11.36305],[125.22781,11.36301],[125.22779,11.36296],[125.22777,11.3629],[125.22774,11.36283],[125.2277,11.36278],[125.22765,11.36272],[125.22749,11.36265],[125.22756,11.36271]]]}},{"type":"Feature","properties":{"class":"municipal","barangay":"Old San Agustin"},"geometry":{"type":"Polygon","coordinates":[[[125.09687,11.32285],[125.09681,11.32285],[125.09681,11.3229],[125.09681,11.32302],[125.09679,11.32334],[125.09677,11.32377],[125.09675,11.32419],[125.09673,11.32451],[125.0967,11.32502],[125.09666,11.32603],[125.09664,11.3264],[125.09663,11.32663],[125.0966,11.32695],[125.09657,11.32756],[125.09655,11.32792],[125.09654,11.32827],[125.09651,11.32848],[125.09644,11.33001],[125.0964,11.33044],[125.09636,11.33101],[125.09635,11.33114],[125.09635,11.33119],[125.09636,11.33122],[125.09638,11.33129],[125.09643,11.33139],[125.09651,11.33158],[125.09662,11.33182],[125.09679,11.33221],[125.09684,11.33233],[125.09686,11.33237],[125.0969,11.33245],[125.09693,11.33259],[125.09694,11.3327],[125.09694,11.33275],[125.09694,11.33285],[125.09692,11.33305],[125.0969,11.33321],[125.09689,11.33326],[125.09687,11.33333],[125.09682,11.33344],[125.09674,11.33366],[125.09673,11.3337],[125.0967,11.33382],[125.09669,11.3339],[125.09668,11.33395],[125.09666,11.33401],[125.09655,11.33425],[125.09652,11.33434],[125.0965,11.33438],[125.09648,11.33444],[125.09645,11.33451],[125.09643,11.3346],[125.09636,11.33481],[125.0963,11.33497],[125.09621,11.33518],[125.09625,11.33521],[125.09626,11.33518],[125.09633,11.335],[125.09639,11.33485],[125.09644,11.3347],[125.09647,11.33461],[125.09649,11.33454],[125.09651,11.33448],[125.09655,11.33437],[125.09657,11.33432],[125.0966,11.33424],[125.09667,11.33409],[125.0967,11.33402],[125.09673,11.33395],[125.09673,11.3339],[125.09674,11.33386],[125.09674,11.3338],[125.09675,11.33376],[125.09677,11.33372],[125.09679,11.33366],[125.09681,11.33359],[125.09685,11.3335],[125.09691,11.33337],[125.09692,11.3333],[125.09693,11.33326],[125.09695,11.33317],[125.09697,11.33293],[125.09698,11.3328],[125.09698,11.33272],[125.09697,11.33259],[125.09695,11.3325],[125.09692,11.33241],[125.0969,11.33237],[125.09687,11.33229],[125.09677,11.33207],[125.09659,11.33168],[125.09641,11.33124],[125.0964,11.3312],[125.0964,11.33116],[125.0964,11.33106],[125.09645,11.3302],[125.0965,11.32936],[125.09655,11.32861],[125.09667,11.32672],[125.09673,11.32543],[125.09677,11.32452],[125.0968,11.324],[125.09686,11.32314],[125.09687,11.32301],[125.09687,11.32285]]]}},{"type":"Feature","properties":{"class":"municipal","barangay":"Cogon"},"geometry":{"type":"Polygon","coordinates":[[[125.09618,11.33523],[125.09609,11.33542],[125.096,11.3356],[125.09593,11.33576],[125.09588,11.33587],[125.09585,11.33599],[125.09582,11.33609],[125.09579,11.33626],[125.09575,11.33652],[125.09573,11.3367],[125.09572,11.33678],[125.09568,11.3369],[125.09564,11.33698],[125.0956,11.33703],[125.09556,11.33706],[125.09552,11.33708],[125.09547,11.3371],[125.0954,11.33711],[125.09525,11.33711],[125.09512,11.33712],[125.09504,11.33713],[125.09502,11.33713],[125.09498,11.33715],[125.09488,11.3372],[125.0948,11.33726],[125.09474,11.33733],[125.09467,11.33741],[125.09462,11.3375],[125.09458,11.33759],[125.09454,11.3377],[125.0945,11.33783],[125.09446,11.33798],[125.09444,11.33813],[125.09443,11.3382],[125.09443,11.33838],[125.09445,11.33858],[125.09445,11.33873],[125.09439,11.33892],[125.0943,11.33913],[125.09422,11.33931],[125.09417,11.33946],[125.09413,11.33958],[125.0941,11.33964],[125.09406,11.33969],[125.09401,11.33973],[125.09397,11.33975],[125.09392,11.33978],[125.09387,11.33978],[125.09382,11.33978],[125.09375,11.33977],[125.0937,11.33975],[125.09364,11.33974],[125.09353,11.3397],[125.09339,11.33969],[125.0933,11.33968],[125.0932,11.3397],[125.09308,11.33975],[125.09291,11.33981],[125.09274,11.3399],[125.0926,11.33996],[125.09252,11.34001],[125.09243,11.34009],[125.09237,11.34014],[125.09229,11.34024],[125.09223,11.34033],[125.09218,11.34041],[125.09214,11.3405],[125.0921,11.3406],[125.09205,11.3408],[125.092,11.34102],[125.09197,11.34115],[125.0919,11.34131],[125.09173,11.34158],[125.09165,11.34168],[125.09154,11.34177],[125.09142,11.34183],[125.09128,11.34187],[125.09113,11.34191],[125.09088,11.34194],[125.09061,11.34196],[125.09046,11.34197],[125.09025,11.34199],[125.09006,11.34205],[125.0899,11.34212],[125.08962,11.34224],[125.08947,11.34232],[125.08938,11.34236],[125.08929,11.34243],[125.08924,11.3425],[125.08915,11.34264],[125.08911,11.34273],[125.08906,11.34291],[125.08891,11.34335],[125.08883,11.34351],[125.08864,11.34383],[125.08854,11.34399],[125.08841,11.34419],[125.08828,11.34437],[125.08826,11.34448],[125.08843,11.34426],[125.08869,11.34388],[125.08895,11.34344],[125.08902,11.34324],[125.08919,11.3427],[125.0893,11.34253],[125.08943,11.34241],[125.08966,11.3423],[125.08996,11.34216],[125.09024,11.34206],[125.09044,11.34203],[125.09073,11.34202],[125.09097,11.342],[125.09127,11.34194],[125.09152,11.34186],[125.09165,11.34177],[125.09176,11.34166],[125.09187,11.34148],[125.09198,11.3413],[125.09203,11.34117],[125.09206,11.34106],[125.09212,11.34077],[125.0922,11.34052],[125.09226,11.34041],[125.09234,11.34028],[125.09243,11.34017],[125.09253,11.34008],[125.09265,11.34],[125.09281,11.33994],[125.0929,11.33989],[125.09308,11.3398],[125.09325,11.33975],[125.09335,11.33974],[125.09343,11.33975],[125.09354,11.33978],[125.09367,11.3398],[125.09375,11.33982],[125.0938,11.33984],[125.09385,11.33984],[125.0939,11.33984],[125.09396,11.33983],[125.09402,11.33981],[125.09407,11.33978],[125.09411,11.33974],[125.09415,11.3397],[125.09417,11.33966],[125.09418,11.33962],[125.09421,11.33951],[125.09428,11.33932],[125.09432,11.3392],[125.09438,11.33907],[125.09443,11.33895],[125.09448,11.33882],[125.09449,11.33875],[125.09449,11.33867],[125.09449,11.33857],[125.09449,11.33833],[125.09449,11.33814],[125.09452,11.33797],[125.09458,11.33773],[125.09462,11.33762],[125.09466,11.33752],[125.09472,11.33744],[125.09479,11.33735],[125.09487,11.33726],[125.09491,11.33724],[125.09494,11.33722],[125.09498,11.3372],[125.09502,11.33718],[125.09507,11.33717],[125.09516,11.33715],[125.09528,11.33715],[125.09543,11.33714],[125.09549,11.33714],[125.09554,11.33713],[125.09559,11.3371],[125.09562,11.33707],[125.09566,11.33704],[125.09568,11.337],[125.09569,11.33698],[125.09573,11.33688],[125.09575,11.3368],[125.09577,11.33671],[125.09579,11.33656],[125.0958,11.33649],[125.09583,11.33633],[125.09585,11.33617],[125.09587,11.33606],[125.0959,11.33596],[125.09593,11.33589],[125.09596,11.33582],[125.09601,11.3357],[125.09608,11.33555],[125.09614,11.3354],[125.09623,11.33525],[125.09625,11.33521],[125.09621,11.33518],[125.09618,11.33523]]]}},{"type":"Feature","properties":{"class":"municipal","barangay":"New San Agustin"},"geometry":{"type":"Polygon","coordinates":[[[125.08817,11.34453],[125.08812,11.3446],[125.08809,11.34467],[125.08803,11.34476],[125.08807,11.34477],[125.08812,11.3447],[125.08817,11.34459],[125.08826,11.34448],[125.08828,11.34437],[125.08817,11.34453]]]}},{"type":"Feature","properties":{"class":"municipal","barangay":"Canca-iyas"},"geometry":{"type":"Polygon","coordinates":[[[125.08803,11.34476],[125.088,11.34482],[125.08791,11.34496],[125.08786,11.34506],[125.08777,11.34521],[125.0876,11.34548],[125.08751,11.34568],[125.08745,11.34589],[125.08738,11.34604],[125.08734,11.34615],[125.08733,11.34621],[125.08728,11.34643],[125.08722,11.34663],[125.08714,11.34682],[125.08707,11.34698],[125.08695,11.34725],[125.08691,11.34737],[125.08685,11.34747],[125.0868,11.34754],[125.08671,11.34763],[125.08669,11.34765],[125.08662,11.34771],[125.08647,11.34785],[125.08629,11.34803],[125.08613,11.34826],[125.08598,11.34845],[125.0859,11.34854],[125.08583,11.34859],[125.08576,11.34863],[125.08566,11.3487],[125.08555,11.34876],[125.08546,11.34884],[125.0854,11.34888],[125.08538,11.34891],[125.08532,11.34898],[125.08528,11.34902],[125.08527,11.34906],[125.08526,11.34915],[125.08523,11.34936],[125.0852,11.34951],[125.08518,11.34968],[125.08519,11.34986],[125.08519,11.34994],[125.08522,11.35006],[125.08525,11.35021],[125.08528,11.35033],[125.08528,11.35059],[125.08529,11.35087],[125.08529,11.35109],[125.08529,11.35124],[125.08529,11.35139],[125.0853,11.35152],[125.0853,11.35159],[125.08528,11.35165],[125.08525,11.3517],[125.0852,11.35179],[125.08515,11.35187],[125.08512,11.3519],[125.08506,11.35197],[125.08499,11.35201],[125.08491,11.35204],[125.08481,11.35205],[125.08471,11.35206],[125.08464,11.35206],[125.08455,11.35204],[125.08442,11.35202],[125.08432,11.352],[125.08423,11.35196],[125.08415,11.35188],[125.08406,11.35179],[125.08402,11.35172],[125.08398,11.35164],[125.08394,11.35158],[125.08389,11.35154],[125.08382,11.35149],[125.08374,11.35145],[125.08365,11.35143],[125.08357,11.35142],[125.08346,11.35142],[125.08332,11.35143],[125.0831,11.35146],[125.0829,11.35148],[125.08264,11.35148],[125.08251,11.35147],[125.08245,11.35145],[125.08237,11.35141],[125.08216,11.35131],[125.08198,11.35123],[125.08188,11.35121],[125.08176,11.35119],[125.08164,11.35119],[125.08151,11.3512],[125.08139,11.35122],[125.08131,11.35123],[125.08124,11.35124],[125.0812,11.35124],[125.08114,11.35122],[125.08107,11.35119],[125.08099,11.35117],[125.08092,11.35116],[125.08086,11.35117],[125.0808,11.35119],[125.08072,11.35122],[125.08061,11.35125],[125.08056,11.35128],[125.08049,11.35128],[125.08046,11.35128],[125.08041,11.35126],[125.08032,11.3512],[125.0801,11.3511],[125.08003,11.35106],[125.07994,11.35101],[125.07984,11.35097],[125.07975,11.35093],[125.07965,11.35091],[125.07953,11.35086],[125.07942,11.35081],[125.0793,11.35073],[125.07921,11.35067],[125.07906,11.35049],[125.07881,11.35021],[125.07862,11.35003],[125.07856,11.34996],[125.07841,11.34977],[125.07835,11.34972],[125.07829,11.34967],[125.07824,11.34965],[125.07813,11.34963],[125.07798,11.34961],[125.07764,11.34956],[125.07729,11.34952],[125.07711,11.3495],[125.07662,11.34944],[125.07636,11.34941],[125.07627,11.34941],[125.07617,11.34942],[125.07607,11.34943],[125.07594,11.34945],[125.07571,11.34948],[125.07556,11.34949],[125.07547,11.3495],[125.0754,11.3495],[125.07535,11.3495],[125.07529,11.34949],[125.07525,11.34948],[125.07519,11.34946],[125.07509,11.34942],[125.07498,11.34936],[125.07489,11.34932],[125.07489,11.34935],[125.07493,11.34938],[125.07507,11.34945],[125.07519,11.3495],[125.0753,11.34953],[125.07541,11.34954],[125.07554,11.34954],[125.07584,11.34951],[125.07612,11.34947],[125.07629,11.34946],[125.07652,11.34947],[125.07675,11.3495],[125.07711,11.34955],[125.07747,11.34959],[125.07774,11.34963],[125.07808,11.34967],[125.07824,11.34971],[125.07831,11.34976],[125.07838,11.34981],[125.07857,11.35006],[125.07909,11.35061],[125.07923,11.35076],[125.07934,11.35084],[125.07957,11.35094],[125.07977,11.351],[125.07992,11.35107],[125.0801,11.35116],[125.0802,11.35121],[125.08031,11.35127],[125.08035,11.3513],[125.0804,11.35133],[125.08045,11.35133],[125.08051,11.35133],[125.08056,11.35133],[125.08061,11.35131],[125.0807,11.35128],[125.08078,11.35126],[125.08085,11.35123],[125.08091,11.35122],[125.08097,11.35122],[125.08103,11.35124],[125.08113,11.35127],[125.08119,11.35129],[125.08123,11.35129],[125.08127,11.35129],[125.08132,11.35128],[125.08138,11.35127],[125.0816,11.35124],[125.08175,11.35124],[125.08186,11.35125],[125.08201,11.3513],[125.08221,11.3514],[125.08235,11.35147],[125.08246,11.35152],[125.08257,11.35153],[125.08279,11.35153],[125.08303,11.35152],[125.08326,11.35149],[125.08348,11.35148],[125.08358,11.35148],[125.08365,11.3515],[125.08373,11.35153],[125.08382,11.35158],[125.08384,11.3516],[125.08388,11.35165],[125.08393,11.35172],[125.08401,11.35184],[125.08409,11.35192],[125.08412,11.35197],[125.08417,11.352],[125.08426,11.35203],[125.08441,11.35207],[125.08456,11.3521],[125.08466,11.35211],[125.08478,11.35211],[125.08487,11.3521],[125.08496,11.35208],[125.08503,11.35205],[125.0851,11.352],[125.08516,11.35194],[125.08522,11.35185],[125.08526,11.35178],[125.08532,11.3517],[125.08535,11.35166],[125.08536,11.35161],[125.08536,11.35154],[125.08536,11.35139],[125.08536,11.3512],[125.08536,11.35093],[125.08533,11.35063],[125.08533,11.35047],[125.08533,11.35035],[125.08531,11.35022],[125.0853,11.35012],[125.08525,11.3499],[125.08524,11.34986],[125.08524,11.34978],[125.08525,11.34962],[125.08527,11.34941],[125.08529,11.34929],[125.08529,11.34921],[125.0853,11.34914],[125.08531,11.34909],[125.08533,11.34904],[125.08537,11.34899],[125.08542,11.34893],[125.08545,11.34889],[125.08549,11.34886],[125.08554,11.34883],[125.08561,11.34879],[125.0857,11.34873],[125.08579,11.34868],[125.08585,11.34864],[125.08589,11.34861],[125.08594,11.34856],[125.08602,11.34848],[125.08607,11.34843],[125.08616,11.34831],[125.08626,11.34817],[125.08636,11.34805],[125.08647,11.34792],[125.08653,11.34785],[125.08658,11.3478],[125.08665,11.34774],[125.08674,11.34767],[125.08684,11.34755],[125.08687,11.34752],[125.08688,11.3475],[125.08692,11.34742],[125.08694,11.34737],[125.08696,11.34732],[125.08698,11.34726],[125.08703,11.34717],[125.08711,11.347],[125.08721,11.34679],[125.08724,11.34672],[125.08731,11.34651],[125.08737,11.34629],[125.08741,11.34613],[125.08748,11.34592],[125.08754,11.34576],[125.08756,11.34571],[125.08759,11.34563],[125.08761,11.34557],[125.08765,11.34548],[125.0877,11.34539],[125.08778,11.34528],[125.08784,11.34518],[125.08791,11.34506],[125.08795,11.34498],[125.08799,11.3449],[125.08803,11.34483],[125.08807,11.34477],[125.08803,11.34476]]]}},{"type":"Feature","properties":{"class":"municipal","barangay":"Villa Aurora"},"geometry":{"type":"Polygon","coordinates":[[[125.07487,11.34931],[125.07477,11.34924],[125.07472,11.34922],[125.07462,11.34918],[125.07447,11.34913],[125.07438,11.3491],[125.07426,11.34906],[125.07416,11.34903],[125.0741,11.34901],[125.07405,11.34898],[125.074,11.34893],[125.07394,11.34888],[125.07389,11.34883],[125.07383,11.34875],[125.0737,11.34864],[125.07362,11.34859],[125.07356,11.34855],[125.07351,11.34854],[125.07344,11.34853],[125.07337,11.34853],[125.07326,11.34854],[125.07317,11.34855],[125.07311,11.34855],[125.07305,11.34854],[125.07302,11.34853],[125.073,11.34852],[125.07296,11.34851],[125.07292,11.34848],[125.07287,11.34844],[125.07283,11.3484],[125.07281,11.34836],[125.07278,11.3483],[125.07275,11.34822],[125.07272,11.34815],[125.07269,11.34808],[125.07265,11.34799],[125.07262,11.34791],[125.07258,11.34779],[125.07257,11.34771],[125.07257,11.34765],[125.07257,11.34757],[125.07258,11.34752],[125.0726,11.34745],[125.07262,11.34735],[125.07263,11.34731],[125.07263,11.34727],[125.07262,11.34721],[125.07262,11.34713],[125.07261,11.34704],[125.0726,11.34699],[125.07257,11.34694],[125.07253,11.34689],[125.07244,11.34678],[125.07235,11.34665],[125.07229,11.34658],[125.07222,11.34646],[125.07211,11.3463],[125.07205,11.34619],[125.07199,11.3461],[125.07191,11.34599],[125.07185,11.34589],[125.07179,11.34581],[125.07173,11.34567],[125.07164,11.34549],[125.0716,11.34543],[125.07154,11.34536],[125.07148,11.34531],[125.07141,11.34529],[125.07132,11.34525],[125.07126,11.34522],[125.07123,11.34519],[125.07118,11.34515],[125.07115,11.3451],[125.07113,11.34503],[125.07112,11.34498],[125.0711,11.34486],[125.07107,11.34473],[125.07104,11.34466],[125.071,11.34455],[125.07092,11.34442],[125.07083,11.34425],[125.07077,11.34414],[125.07071,11.34403],[125.07063,11.34392],[125.07056,11.34382],[125.07049,11.34373],[125.07039,11.34361],[125.07032,11.34354],[125.07025,11.34348],[125.07013,11.34339],[125.07005,11.34334],[125.06998,11.34333],[125.06987,11.34331],[125.06971,11.34331],[125.0695,11.3433],[125.06931,11.34329],[125.06907,11.34327],[125.06886,11.34323],[125.06875,11.34321],[125.06864,11.34319],[125.06846,11.34318],[125.06834,11.34316],[125.06823,11.34316],[125.06813,11.34316],[125.06806,11.34315],[125.068,11.34313],[125.06796,11.34311],[125.06793,11.34309],[125.06783,11.34303],[125.06767,11.34293],[125.06751,11.34282],[125.0674,11.34276],[125.06732,11.3427],[125.06725,11.34266],[125.06721,11.34265],[125.06717,11.34262],[125.06711,11.3426],[125.06703,11.34258],[125.06696,11.34257],[125.06687,11.34256],[125.06675,11.34254],[125.06668,11.34252],[125.0666,11.3425],[125.06654,11.34248],[125.06649,11.34246],[125.06643,11.34242],[125.06635,11.34238],[125.06627,11.34232],[125.06621,11.34228],[125.06618,11.34226],[125.06614,11.34222],[125.06612,11.3422],[125.0661,11.34219],[125.06607,11.34217],[125.06604,11.34214],[125.066,11.34212],[125.06599,11.3421],[125.06597,11.34209],[125.06596,11.34207],[125.06595,11.34206],[125.06594,11.34204],[125.06592,11.34201],[125.06591,11.34199],[125.0659,11.34196],[125.06588,11.3419],[125.06586,11.34183],[125.06585,11.34181],[125.06584,11.34178],[125.06584,11.34175],[125.06584,11.34167],[125.06583,11.34158],[125.06583,11.34149],[125.06583,11.34141],[125.06581,11.34128],[125.0658,11.3412],[125.06579,11.34109],[125.06576,11.34088],[125.06575,11.34072],[125.06575,11.34069],[125.06572,11.34069],[125.06572,11.34073],[125.06575,11.34091],[125.06578,11.34124],[125.0658,11.34145],[125.06581,11.34163],[125.06581,11.34177],[125.06582,11.34182],[125.06584,11.34186],[125.06589,11.342],[125.06593,11.34207],[125.06598,11.34214],[125.06609,11.34221],[125.06618,11.3423],[125.0664,11.34244],[125.06655,11.34252],[125.06674,11.34258],[125.06697,11.34261],[125.06706,11.34263],[125.06713,11.34265],[125.06721,11.34269],[125.0675,11.34286],[125.06786,11.34309],[125.06795,11.34315],[125.06804,11.34319],[125.06812,11.34321],[125.06835,11.34322],[125.06858,11.34324],[125.06878,11.34328],[125.06906,11.34333],[125.06925,11.34335],[125.06952,11.34336],[125.0698,11.34337],[125.06995,11.34339],[125.07006,11.34342],[125.07016,11.34349],[125.07032,11.34362],[125.07055,11.34391],[125.07071,11.34416],[125.07085,11.34443],[125.07093,11.34456],[125.07098,11.34468],[125.07106,11.34498],[125.07108,11.34509],[125.07113,11.34519],[125.0712,11.34525],[125.07126,11.34528],[125.07139,11.34534],[125.07145,11.34536],[125.07149,11.34539],[125.07154,11.34545],[125.07161,11.34555],[125.07169,11.34574],[125.07177,11.34588],[125.07199,11.3462],[125.07223,11.34658],[125.07242,11.34682],[125.07248,11.34689],[125.07252,11.34696],[125.07256,11.34705],[125.07257,11.34719],[125.07258,11.3473],[125.07255,11.34747],[125.07252,11.34757],[125.07252,11.34768],[125.07253,11.34781],[125.07259,11.34797],[125.07272,11.34827],[125.07277,11.34838],[125.07285,11.34848],[125.07292,11.34854],[125.073,11.34857],[125.07308,11.34859],[125.07316,11.34859],[125.07333,11.34858],[125.07345,11.34857],[125.07354,11.3486],[125.07366,11.34867],[125.07377,11.34877],[125.07389,11.3489],[125.07398,11.34898],[125.07405,11.34903],[125.07412,11.34906],[125.07426,11.34911],[125.07444,11.34916],[125.0746,11.34922],[125.0747,11.34925],[125.07482,11.34931],[125.07489,11.34935],[125.07489,11.34932],[125.07487,11.34931]]]}},{"type":"Feature","properties":{"class":"municipal","barangay":"Buenavista"},"geometry":{"type":"Polygon","coordinates":[[[125.06575,11.34067],[125.06575,11.34062],[125.06575,11.34056],[125.06576,11.34051],[125.06577,11.34045],[125.06578,11.3404],[125.06579,11.34036],[125.06581,11.34031],[125.06582,11.34028],[125.06585,11.34022],[125.06588,11.34017],[125.06592,11.34012],[125.06595,11.34006],[125.06596,11.34001],[125.06598,11.33996],[125.06599,11.3399],[125.06599,11.33986],[125.06599,11.33982],[125.06597,11.33974],[125.06595,11.33968],[125.06594,11.33965],[125.0659,11.33958],[125.06587,11.33954],[125.06578,11.33945],[125.06572,11.33939],[125.06568,11.33935],[125.06564,11.33933],[125.0656,11.3393],[125.06556,11.33929],[125.06551,11.33928],[125.06546,11.33928],[125.06542,11.33928],[125.06538,11.33929],[125.06533,11.3393],[125.06527,11.33932],[125.06523,11.33933],[125.06518,11.33936],[125.06512,11.3394],[125.065,11.33945],[125.06486,11.33949],[125.06474,11.33953],[125.0646,11.33955],[125.06451,11.33956],[125.06442,11.33957],[125.06435,11.33956],[125.0643,11.33955],[125.06422,11.33953],[125.06416,11.33951],[125.06411,11.33949],[125.06403,11.33946],[125.06397,11.33943],[125.06392,11.3394],[125.06387,11.33937],[125.06382,11.33935],[125.06378,11.33932],[125.06376,11.3393],[125.06371,11.33925],[125.06367,11.33921],[125.06364,11.33918],[125.06361,11.33914],[125.06357,11.3391],[125.06354,11.33906],[125.06351,11.33902],[125.06349,11.339],[125.06347,11.33898],[125.06344,11.33897],[125.06338,11.33895],[125.0633,11.33892],[125.06321,11.33889],[125.06312,11.33885],[125.06305,11.33882],[125.06296,11.33879],[125.06288,11.33875],[125.0628,11.33873],[125.06277,11.33874],[125.06265,11.33876],[125.06254,11.33878],[125.06244,11.33879],[125.06236,11.3388],[125.06227,11.33881],[125.06222,11.33884],[125.06214,11.33886],[125.06205,11.3389],[125.06193,11.33896],[125.06176,11.33904],[125.0613,11.33925],[125.06121,11.33929],[125.06112,11.33935],[125.06102,11.3394],[125.0609,11.33948],[125.06082,11.33953],[125.0607,11.33961],[125.06055,11.3397],[125.06041,11.3398],[125.06037,11.33983],[125.06035,11.33985],[125.06034,11.33988],[125.06029,11.33995],[125.06023,11.34007],[125.06017,11.34019],[125.06019,11.3402],[125.0602,11.34019],[125.06021,11.34016],[125.06026,11.34007],[125.06032,11.33995],[125.06037,11.33987],[125.06041,11.33983],[125.06046,11.3398],[125.06063,11.33968],[125.06113,11.33936],[125.06183,11.33904],[125.06201,11.33895],[125.06217,11.33888],[125.06225,11.33885],[125.06242,11.33882],[125.06255,11.3388],[125.06268,11.33878],[125.0628,11.33877],[125.06286,11.33878],[125.063,11.33884],[125.06324,11.33893],[125.06339,11.33899],[125.06346,11.33902],[125.0636,11.33918],[125.06367,11.33925],[125.06375,11.33934],[125.06394,11.33945],[125.06412,11.33953],[125.06422,11.33956],[125.06434,11.3396],[125.06447,11.3396],[125.06462,11.33959],[125.06475,11.33956],[125.06486,11.33953],[125.06497,11.33949],[125.06507,11.33945],[125.06516,11.33941],[125.06528,11.33935],[125.06539,11.33932],[125.06548,11.33931],[125.06553,11.33931],[125.06564,11.33937],[125.06575,11.33946],[125.06587,11.33959],[125.06592,11.33966],[125.06595,11.33977],[125.06596,11.33987],[125.06594,11.33997],[125.0659,11.34008],[125.06584,11.34016],[125.0658,11.34025],[125.06577,11.34036],[125.06574,11.34047],[125.06572,11.34056],[125.06572,11.34069],[125.06575,11.34069],[125.06575,11.34067]]]}},{"type":"Feature","properties":{"class":"municipal","barangay":"Villa Aurora"},"geometry":{"type":"Polygon","coordinates":[[[125.06016,11.3402],[125.06015,11.34024],[125.06012,11.34028],[125.06007,11.34033],[125.06001,11.34039],[125.0599,11.34047],[125.05979,11.34053],[125.05967,11.3406],[125.05956,11.34066],[125.05949,11.3407],[125.05943,11.34071],[125.05938,11.34072],[125.0593,11.34072],[125.05923,11.34071],[125.05912,11.34069],[125.059,11.34068],[125.0589,11.34069],[125.05879,11.34072],[125.05864,11.34075],[125.0585,11.34078],[125.0584,11.34082],[125.05834,11.34084],[125.05828,11.34088],[125.05824,11.34092],[125.05819,11.34096],[125.05811,11.34103],[125.05806,11.34108],[125.05797,11.34112],[125.05788,11.34115],[125.05781,11.34114],[125.0577,11.34112],[125.05762,11.34108],[125.05753,11.34104],[125.05741,11.34098],[125.05723,11.3409],[125.05705,11.34081],[125.05693,11.34076],[125.05683,11.34072],[125.0567,11.34066],[125.05661,11.3406],[125.05651,11.34054],[125.05641,11.34047],[125.05631,11.34039],[125.05622,11.34033],[125.05611,11.34024],[125.05607,11.3402],[125.05605,11.34016],[125.05602,11.3401],[125.056,11.34005],[125.05597,11.33998],[125.05594,11.33993],[125.0559,11.33987],[125.05588,11.33985],[125.05586,11.33983],[125.05583,11.33981],[125.0558,11.33981],[125.05581,11.33982],[125.05587,11.33987],[125.05593,11.33996],[125.05596,11.34002],[125.05601,11.34013],[125.05604,11.3402],[125.05605,11.34022],[125.05609,11.34026],[125.0562,11.34034],[125.05634,11.34044],[125.05644,11.34052],[125.05654,11.34059],[125.05665,11.34066],[125.05685,11.34075],[125.05698,11.34081],[125.05716,11.34089],[125.05724,11.34093],[125.05738,11.341],[125.05747,11.34104],[125.05761,11.3411],[125.0577,11.34114],[125.05775,11.34116],[125.05779,11.34116],[125.05784,11.34117],[125.05788,11.34116],[125.05793,11.34116],[125.05797,11.34115],[125.058,11.34114],[125.05802,11.34113],[125.05804,11.34112],[125.05806,11.34111],[125.05807,11.3411],[125.05809,11.34109],[125.05813,11.34105],[125.05818,11.34101],[125.05822,11.34097],[125.05825,11.34094],[125.05828,11.34091],[125.05832,11.34088],[125.05837,11.34085],[125.05841,11.34083],[125.05846,11.34082],[125.05852,11.3408],[125.05859,11.34078],[125.05866,11.34077],[125.05871,11.34076],[125.05876,11.34075],[125.05886,11.34073],[125.05892,11.34071],[125.05897,11.34071],[125.05902,11.34071],[125.05906,11.34071],[125.05913,11.34072],[125.0592,11.34074],[125.05931,11.34075],[125.05938,11.34076],[125.05942,11.34075],[125.05948,11.34074],[125.05957,11.3407],[125.05965,11.34066],[125.0597,11.34062],[125.05979,11.34057],[125.0599,11.3405],[125.05998,11.34044],[125.06006,11.34037],[125.06008,11.34036],[125.06012,11.34031],[125.06015,11.34028],[125.06017,11.34023],[125.06019,11.3402],[125.06017,11.34019],[125.06016,11.3402]]]}},{"type":"Feature","properties":{"class":"municipal","barangay":"Buenavista"},"geometry":{"type":"Polygon","coordinates":[[[125.05582,11.3398],[125.05579,11.33977],[125.05573,11.33974],[125.05566,11.33971],[125.05561,11.33969],[125.05558,11.33968],[125.05554,11.33968],[125.05552,11.33968],[125.05548,11.33968],[125.05544,11.3397],[125.05536,11.33971],[125.05523,11.33974],[125.05516,11.33975],[125.05524,11.33976],[125.05525,11.33976],[125.0553,11.33974],[125.05534,11.33974],[125.0554,11.33973],[125.05549,11.33971],[125.05552,11.3397],[125.05555,11.3397],[125.05557,11.33971],[125.05562,11.33972],[125.05568,11.33974],[125.05575,11.33978],[125.0558,11.33981],[125.05583,11.33981],[125.05582,11.3398]]]}},{"type":"Feature","properties":{"class":"municipal","barangay":"Villa Aurora"},"geometry":{"type":"Polygon","coordinates":[[[125.05511,11.33976],[125.05506,11.33977],[125.05503,11.33978],[125.05497,11.3398],[125.05498,11.33982],[125.05499,11.33982],[125.05502,11.33981],[125.05507,11.33979],[125.05513,11.33978],[125.05524,11.33976],[125.05516,11.33975],[125.05511,11.33976]]]}},{"type":"Feature","properties":{"class":"municipal","barangay":"Balante"},"geometry":{"type":"Polygon","coordinates":[[[125.05497,11.3398],[125.05495,11.3398],[125.05492,11.33982],[125.05486,11.33986],[125.05482,11.3399],[125.05478,11.33994],[125.05473,11.34004],[125.05463,11.34019],[125.05455,11.34032],[125.05448,11.34043],[125.05446,11.34048],[125.05442,11.34051],[125.0544,11.34054],[125.05436,11.34058],[125.05433,11.3406],[125.05429,11.34062],[125.05426,11.34064],[125.05423,11.34066],[125.05419,11.34066],[125.05414,11.34067],[125.05411,11.34066],[125.05402,11.34064],[125.05394,11.34061],[125.05384,11.34058],[125.05373,11.34054],[125.05365,11.34052],[125.05354,11.34051],[125.05343,11.34052],[125.05335,11.34053],[125.05324,11.34059],[125.05316,11.34063],[125.05307,11.34069],[125.05299,11.34075],[125.05292,11.34081],[125.05279,11.34089],[125.05268,11.34094],[125.05254,11.34101],[125.05235,11.3411],[125.05221,11.34118],[125.0521,11.34124],[125.05201,11.34128],[125.0519,11.3413],[125.05184,11.34131],[125.05177,11.34131],[125.0517,11.3413],[125.05166,11.34129],[125.05161,11.34127],[125.05155,11.34125],[125.05146,11.34124],[125.05135,11.34125],[125.05126,11.34127],[125.05113,11.3413],[125.05101,11.34134],[125.05096,11.34134],[125.05091,11.34134],[125.05087,11.34132],[125.05083,11.3413],[125.0508,11.34127],[125.05076,11.34121],[125.05073,11.34112],[125.05073,11.34105],[125.05071,11.34093],[125.0507,11.34079],[125.05067,11.34067],[125.05065,11.34061],[125.0506,11.34051],[125.05057,11.34046],[125.05054,11.34042],[125.0505,11.34039],[125.05043,11.34036],[125.05033,11.34033],[125.05019,11.34028],[125.05011,11.34025],[125.05002,11.34022],[125.04991,11.3402],[125.04978,11.34018],[125.04964,11.34017],[125.04952,11.34016],[125.04944,11.34017],[125.04931,11.34021],[125.0492,11.34024],[125.04908,11.34029],[125.04896,11.34035],[125.04886,11.34038],[125.04875,11.34042],[125.04866,11.34044],[125.04859,11.34044],[125.04852,11.34044],[125.04844,11.34042],[125.04838,11.3404],[125.04832,11.34035],[125.04824,11.34027],[125.04812,11.3402],[125.04802,11.34013],[125.04793,11.34008],[125.04785,11.34005],[125.04774,11.34004],[125.04764,11.34002],[125.04756,11.34001],[125.04748,11.33998],[125.04743,11.33994],[125.04734,11.33989],[125.04723,11.3398],[125.04713,11.3397],[125.04705,11.33959],[125.04698,11.33951],[125.04693,11.33938],[125.04688,11.33926],[125.04684,11.33918],[125.04678,11.33909],[125.04674,11.33901],[125.0467,11.33896],[125.04665,11.33891],[125.04659,11.33886],[125.0465,11.33883],[125.04644,11.33881],[125.04635,11.33881],[125.04617,11.33883],[125.046,11.33884],[125.04584,11.33885],[125.04567,11.33886],[125.04555,11.33887],[125.0454,11.33887],[125.04528,11.33887],[125.04518,11.3389],[125.04511,11.33893],[125.04505,11.33896],[125.04495,11.33903],[125.04485,11.33909],[125.04478,11.33915],[125.04471,11.33919],[125.04464,11.33922],[125.04456,11.33922],[125.04446,11.33922],[125.04436,11.33922],[125.04427,11.33921],[125.04416,11.33919],[125.0441,11.33917],[125.04407,11.33914],[125.04401,11.33907],[125.04394,11.33897],[125.04388,11.3389],[125.04383,11.33882],[125.04378,11.33875],[125.04372,11.3387],[125.04362,11.33863],[125.04359,11.3386],[125.04353,11.33858],[125.04343,11.33857],[125.04332,11.33855],[125.0432,11.33851],[125.04307,11.33847],[125.04295,11.33842],[125.04272,11.33832],[125.04263,11.3383],[125.04255,11.33829],[125.04248,11.3383],[125.04238,11.33833],[125.04228,11.33838],[125.04217,11.33844],[125.04199,11.33857],[125.04192,11.3386],[125.04181,11.33863],[125.04171,11.33863],[125.04163,11.33862],[125.0415,11.3386],[125.04142,11.33858],[125.04133,11.33852],[125.04126,11.33847],[125.04116,11.3384],[125.04107,11.33837],[125.04102,11.33835],[125.04097,11.33836],[125.04091,11.33837],[125.04082,11.3384],[125.04071,11.33842],[125.04064,11.33843],[125.04056,11.33844],[125.0405,11.33843],[125.04046,11.33842],[125.0404,11.3384],[125.04034,11.33838],[125.0402,11.33832],[125.04006,11.33826],[125.03997,11.33823],[125.03996,11.33825],[125.04001,11.33827],[125.04009,11.3383],[125.04018,11.33834],[125.04023,11.33836],[125.04032,11.3384],[125.04041,11.33843],[125.04048,11.33846],[125.04054,11.33846],[125.04063,11.33846],[125.0407,11.33845],[125.04079,11.33843],[125.0409,11.33841],[125.04098,11.33839],[125.04104,11.3384],[125.04111,11.33842],[125.04118,11.33845],[125.04125,11.33851],[125.04133,11.33857],[125.04139,11.3386],[125.04146,11.33863],[125.04157,11.33864],[125.04167,11.33866],[125.04177,11.33866],[125.04185,11.33865],[125.04194,11.33862],[125.04201,11.3386],[125.04205,11.33857],[125.04215,11.3385],[125.04226,11.33844],[125.04237,11.33838],[125.04247,11.33834],[125.04254,11.33833],[125.04262,11.33833],[125.04271,11.33835],[125.04278,11.33838],[125.04294,11.33845],[125.04306,11.3385],[125.04319,11.33854],[125.04336,11.33859],[125.04345,11.3386],[125.04353,11.33862],[125.04357,11.33863],[125.04363,11.33868],[125.04374,11.33877],[125.04383,11.3389],[125.04398,11.3391],[125.04403,11.33917],[125.04405,11.33919],[125.04408,11.33921],[125.04413,11.33923],[125.04419,11.33924],[125.04434,11.33926],[125.04451,11.33926],[125.04461,11.33926],[125.04466,11.33925],[125.04471,11.33923],[125.04476,11.33921],[125.04481,11.33918],[125.04489,11.33911],[125.04498,11.33905],[125.04509,11.33897],[125.04517,11.33893],[125.04526,11.33892],[125.04536,11.33891],[125.04554,11.33891],[125.04563,11.3389],[125.04583,11.33888],[125.04591,11.33889],[125.04604,11.33888],[125.0462,11.33886],[125.04641,11.33884],[125.04644,11.33884],[125.04647,11.33885],[125.04651,11.33887],[125.04655,11.33888],[125.04659,11.33891],[125.04668,11.33898],[125.04673,11.33906],[125.04679,11.33916],[125.04684,11.33927],[125.04689,11.33938],[125.04695,11.3395],[125.04701,11.33961],[125.04709,11.33971],[125.04719,11.3398],[125.04732,11.33992],[125.04743,11.34001],[125.04757,11.34005],[125.04769,11.34007],[125.04782,11.34009],[125.0479,11.34012],[125.04801,11.34018],[125.04818,11.3403],[125.0483,11.3404],[125.04835,11.34044],[125.04845,11.34048],[125.04856,11.34049],[125.04866,11.34049],[125.04877,11.34046],[125.04883,11.34044],[125.04896,11.34039],[125.04913,11.34032],[125.04928,11.34026],[125.04946,11.34022],[125.04955,11.34021],[125.04965,11.34022],[125.04981,11.34023],[125.05003,11.34028],[125.05033,11.34037],[125.05044,11.34042],[125.05047,11.34043],[125.0505,11.34044],[125.05052,11.34047],[125.05054,11.3405],[125.05058,11.34056],[125.05062,11.34066],[125.05062,11.34073],[125.05066,11.34081],[125.05067,11.34086],[125.05068,11.34094],[125.05069,11.34108],[125.05071,11.34118],[125.05072,11.34121],[125.05076,11.34128],[125.0508,11.34132],[125.05082,11.34134],[125.05086,11.34136],[125.05089,11.34138],[125.05093,11.34139],[125.05097,11.34138],[125.05104,11.34136],[125.05111,11.34134],[125.05121,11.34131],[125.05129,11.34129],[125.05132,11.34129],[125.05136,11.34128],[125.05139,11.34128],[125.05142,11.34127],[125.05145,11.34127],[125.05147,11.34127],[125.05151,11.34128],[125.05157,11.3413],[125.05163,11.34132],[125.0517,11.34134],[125.05179,11.34135],[125.05188,11.34134],[125.05197,11.34133],[125.05207,11.34129],[125.05215,11.34125],[125.05231,11.34117],[125.05248,11.34107],[125.05257,11.34103],[125.05269,11.34098],[125.05277,11.34093],[125.05283,11.3409],[125.05293,11.34084],[125.05302,11.34078],[125.05313,11.34068],[125.05317,11.34066],[125.05322,11.34063],[125.0533,11.3406],[125.05339,11.34056],[125.05347,11.34055],[125.05357,11.34055],[125.05365,11.34056],[125.05375,11.34059],[125.05387,11.34063],[125.05402,11.34067],[125.05408,11.3407],[125.05412,11.34071],[125.05417,11.34071],[125.0542,11.3407],[125.05423,11.34069],[125.05427,11.34067],[125.05434,11.34063],[125.05438,11.3406],[125.05443,11.34056],[125.05448,11.3405],[125.05452,11.34044],[125.05456,11.34037],[125.05462,11.34026],[125.05467,11.34018],[125.05475,11.34006],[125.05482,11.33995],[125.05485,11.33992],[125.05488,11.33988],[125.05491,11.33986],[125.05495,11.33983],[125.05498,11.33982],[125.05497,11.3398],[125.05497,11.3398]]]}},{"type":"Feature","properties":{"class":"municipal","barangay":"Dolongan"},"geometry":{"type":"Polygon","coordinates":[[[125.03993,11.33821],[125.03984,11.33818],[125.03972,11.33814],[125.03957,11.33811],[125.03946,11.33806],[125.03935,11.33799],[125.03919,11.33787],[125.0391,11.33777],[125.03905,11.33769],[125.03898,11.33772],[125.03901,11.33775],[125.03912,11.33787],[125.03919,11.33791],[125.03929,11.33799],[125.03939,11.33806],[125.03946,11.33811],[125.03952,11.33814],[125.03962,11.33816],[125.03982,11.33821],[125.03996,11.33825],[125.03997,11.33823],[125.03993,11.33821]]]}},{"type":"Feature","properties":{"class":"municipal","barangay":"Guirang"},"geometry":{"type":"Polygon","coordinates":[[[125.14102,11.33173],[125.14174,11.33204],[125.14417,11.33301],[125.14494,11.33332],[125.14519,11.33341],[125.14531,11.33346],[125.14541,11.33353],[125.14551,11.3336],[125.1456,11.33371],[125.14578,11.33397],[125.14586,11.33411],[125.14591,11.33427],[125.14607,11.33472],[125.14624,11.33527],[125.14637,11.3357],[125.14641,11.33583],[125.14646,11.33596],[125.14655,11.33611],[125.14665,11.33625],[125.14675,11.33635],[125.14707,11.33659],[125.14735,11.33678],[125.14773,11.33704],[125.14791,11.33715],[125.14806,11.33725],[125.14817,11.33734],[125.14842,11.33755],[125.1486,11.33772],[125.14891,11.338],[125.14918,11.33825],[125.14934,11.3384],[125.14936,11.33836],[125.14936,11.33836],[125.14911,11.33813],[125.14892,11.33796],[125.14869,11.33776],[125.1485,11.33758],[125.14841,11.33749],[125.14828,11.33736],[125.14816,11.33727],[125.14805,11.33719],[125.14778,11.33701],[125.14765,11.33692],[125.14749,11.33681],[125.14736,11.33673],[125.14704,11.3365],[125.14687,11.33637],[125.14671,11.33623],[125.14662,11.33612],[125.14655,11.33601],[125.14648,11.33589],[125.14641,11.33569],[125.14622,11.3349],[125.146,11.33428],[125.14592,11.33406],[125.14579,11.33381],[125.14558,11.33356],[125.14545,11.33346],[125.14522,11.33336],[125.14493,11.33325],[125.14427,11.33298],[125.14411,11.33292],[125.14333,11.33261],[125.14273,11.33237],[125.14196,11.33206],[125.14147,11.33186],[125.14054,11.33148],[125.14031,11.33139],[125.14018,11.33143],[125.14102,11.33173]]]}},{"type":"Feature","properties":{"class":"municipal","barangay":"Del Pilar"},"geometry":{"type":"Polygon","coordinates":[[[125.144,11.33016],[125.1441,11.33013],[125.14416,11.32997],[125.14426,11.32979],[125.1444,11.32951],[125.14451,11.32928],[125.14466,11.32894],[125.14471,11.32881],[125.14493,11.32809],[125.14503,11.3277],[125.14514,11.32726],[125.14517,11.32711],[125.14517,11.32673],[125.14516,11.32658],[125.14512,11.32638],[125.1451,11.32617],[125.14508,11.32592],[125.14508,11.32572],[125.14507,11.3256],[125.14507,11.3255],[125.14505,11.3254],[125.14501,11.32529],[125.14489,11.32504],[125.14482,11.32491],[125.14478,11.3248],[125.14476,11.32467],[125.14475,11.32458],[125.14476,11.32448],[125.14477,11.32443],[125.14477,11.32431],[125.14477,11.3242],[125.14479,11.32406],[125.14479,11.32386],[125.1448,11.32368],[125.14481,11.32353],[125.14484,11.32343],[125.14492,11.32327],[125.14508,11.323],[125.1452,11.32281],[125.1453,11.32261],[125.14538,11.32244],[125.14548,11.32218],[125.14555,11.32198],[125.14564,11.3217],[125.14567,11.32153],[125.14571,11.32119],[125.14575,11.32088],[125.14576,11.32075],[125.14579,11.32056],[125.14581,11.32048],[125.14592,11.32013],[125.14601,11.31985],[125.14613,11.31961],[125.14624,11.31943],[125.14641,11.31913],[125.14661,11.31883],[125.14684,11.31845],[125.14712,11.31801],[125.1473,11.31773],[125.14732,11.3177],[125.14762,11.31721],[125.14775,11.31701],[125.14787,11.31681],[125.14795,11.31657],[125.14781,11.31681],[125.14768,11.31705],[125.14759,11.3172],[125.14749,11.31736],[125.14729,11.31766],[125.14727,11.31769],[125.14707,11.318],[125.14667,11.31864],[125.14647,11.31894],[125.14634,11.31915],[125.14626,11.31927],[125.14619,11.31939],[125.14612,11.31953],[125.14603,11.31968],[125.14598,11.31981],[125.14591,11.31994],[125.14586,11.32011],[125.14578,11.32039],[125.14574,11.32054],[125.14572,11.32063],[125.1457,11.32081],[125.14568,11.321],[125.14566,11.32116],[125.14564,11.32132],[125.14562,11.32153],[125.14559,11.32168],[125.14553,11.32184],[125.14548,11.322],[125.14543,11.32217],[125.14533,11.32242],[125.14526,11.32257],[125.14519,11.32271],[125.14509,11.32289],[125.14494,11.32313],[125.14482,11.32333],[125.14477,11.32348],[125.14473,11.32361],[125.14471,11.32387],[125.14473,11.32411],[125.14472,11.3243],[125.14469,11.32452],[125.14468,11.32463],[125.1447,11.32476],[125.14473,11.32486],[125.14483,11.32508],[125.14496,11.32538],[125.145,11.32556],[125.145,11.32568],[125.14503,11.32606],[125.14505,11.32633],[125.14507,11.32651],[125.1451,11.3268],[125.1451,11.32703],[125.14509,11.32714],[125.14506,11.32725],[125.14499,11.32753],[125.14489,11.32785],[125.14483,11.32811],[125.14476,11.32838],[125.1447,11.32864],[125.14461,11.32888],[125.14455,11.32904],[125.14441,11.32937],[125.14434,11.32951],[125.14417,11.32982],[125.14408,11.32996],[125.14402,11.33012],[125.144,11.33016]]]}},{"type":"Feature","properties":{"class":"municipal","barangay":"Guirang"},"geometry":{"type":"Polygon","coordinates":[[[125.14344,11.33262],[125.1436,11.33231],[125.14369,11.33209],[125.14375,11.33189],[125.14378,11.33173],[125.1438,11.33151],[125.14382,11.33123],[125.14385,11.33098],[125.14388,11.33081],[125.14395,11.33058],[125.144,11.33041],[125.1441,11.33013],[125.144,11.33016],[125.14391,11.33042],[125.14383,11.33066],[125.14378,11.33082],[125.14375,11.33102],[125.14373,11.33129],[125.1437,11.33156],[125.14366,11.33188],[125.14364,11.33202],[125.14358,11.33215],[125.14352,11.33225],[125.14345,11.33235],[125.14332,11.33242],[125.14321,11.33247],[125.14311,11.33249],[125.14306,11.3325],[125.14306,11.3325],[125.14342,11.33265],[125.14343,11.33265],[125.14344,11.33262]]]}},{"type":"Feature","properties":{"class":"barangay","barangay":"Del Pilar"},"geometry":{"type":"Polygon","coordinates":[[[125.14729,11.31766],[125.14722,11.31766],[125.14699,11.31766],[125.14685,11.31767],[125.14647,11.31769],[125.14628,11.31769],[125.14619,11.31768],[125.14619,11.31771],[125.14619,11.31771],[125.14636,11.31771],[125.14666,11.31771],[125.147,11.31769],[125.14727,11.31769],[125.14729,11.31766]]]}},{"type":"Feature","properties":{"class":"barangay","barangay":"Del Pilar"},"geometry":{"type":"Polygon","coordinates":[[[125.14619,11.31763],[125.1462,11.31752],[125.14621,11.31739],[125.14619,11.31738],[125.14617,11.31759],[125.14617,11.31763],[125.14615,11.3178],[125.14612,11.318],[125.14611,11.31812],[125.1461,11.31815],[125.1461,11.31818],[125.14609,11.31831],[125.14608,11.31852],[125.14605,11.31877],[125.14605,11.3188],[125.14607,11.3188],[125.14609,11.31868],[125.14611,11.31853],[125.14612,11.3182],[125.14614,11.31803],[125.14617,11.31781],[125.14619,11.31771],[125.14619,11.31771],[125.14619,11.31768],[125.14619,11.31763]]]}},{"type":"Feature","properties":{"class":"barangay","barangay":"Del PIlar"},"geometry":{"type":"Polygon","coordinates":[[[125.14626,11.31739],[125.14643,11.3174],[125.14666,11.31741],[125.1468,11.31739],[125.14696,11.31735],[125.14712,11.31731],[125.14729,11.31728],[125.14742,11.31724],[125.14748,11.31721],[125.14755,11.3172],[125.14759,11.3172],[125.14759,11.3172],[125.1476,11.31718],[125.14759,11.31718],[125.14755,11.31718],[125.14749,11.31719],[125.14745,11.3172],[125.14741,11.31722],[125.14729,11.31726],[125.14713,11.31729],[125.14695,11.31733],[125.14681,11.31736],[125.14672,11.31738],[125.14659,11.31738],[125.14624,11.31737],[125.14615,11.31735],[125.14606,11.31733],[125.146,11.31731],[125.14594,11.31727],[125.1459,11.31723],[125.14585,11.31718],[125.14579,11.31712],[125.14576,11.31709],[125.14565,11.31706],[125.14555,11.31704],[125.14552,11.31704],[125.14552,11.31706],[125.14549,11.3172],[125.14547,11.31737],[125.14547,11.31737],[125.14549,11.31737],[125.14552,11.3172],[125.14554,11.31706],[125.14557,11.31707],[125.14565,11.31708],[125.14572,11.31711],[125.14575,11.31712],[125.14579,11.31716],[125.14585,11.31721],[125.1459,11.31728],[125.14596,11.31732],[125.14604,11.31735],[125.14619,11.31738],[125.14621,11.31739],[125.14626,11.31739]]]}},{"type":"Feature","properties":{"class":"barangay","barangay":"Del Pilar"},"geometry":{"type":"Polygon","coordinates":[[[125.146,11.31878],[125.14584,11.31877],[125.14572,11.31876],[125.14556,11.31874],[125.14554,11.31874],[125.14547,11.31874],[125.14538,11.31873],[125.1453,11.31873],[125.14516,11.31873],[125.14511,11.31873],[125.14499,11.31871],[125.14484,11.3187],[125.14467,11.31869],[125.14454,11.3187],[125.14444,11.3187],[125.14435,11.31869],[125.14435,11.31872],[125.14436,11.31872],[125.14442,11.31872],[125.14455,11.31871],[125.14473,11.31871],[125.14495,11.31872],[125.14512,11.31875],[125.14525,11.31875],[125.14538,11.31875],[125.14546,11.31875],[125.14561,11.31876],[125.14605,11.3188],[125.14605,11.3188],[125.14605,11.31878],[125.146,11.31878]]]}},{"type":"Feature","properties":{"class":"barangay","barangay":"Del Pilar"},"geometry":{"type":"Polygon","coordinates":[[[125.1461,11.31812],[125.146,11.3181],[125.1459,11.31809],[125.14569,11.31805],[125.14566,11.31805],[125.14549,11.31802],[125.14525,11.31797],[125.14522,11.31797],[125.1451,11.31796],[125.14497,11.31794],[125.14486,11.31793],[125.14472,11.31792],[125.14455,11.31791],[125.14437,11.3179],[125.14428,11.31789],[125.14413,11.31789],[125.14404,11.3179],[125.14389,11.31793],[125.14378,11.31795],[125.14376,11.31797],[125.14378,11.31798],[125.14381,11.31797],[125.14389,11.31795],[125.14399,11.31793],[125.14409,11.31791],[125.14419,11.31791],[125.14431,11.31792],[125.14434,11.31792],[125.1444,11.31793],[125.1446,11.31794],[125.14473,11.31795],[125.14487,11.31795],[125.145,11.31797],[125.14521,11.31799],[125.14524,11.31799],[125.14527,11.318],[125.14553,11.31805],[125.14566,11.31807],[125.14568,11.31807],[125.14581,11.31809],[125.14601,11.31812],[125.14605,11.31813],[125.1461,11.31813],[125.14611,11.31812],[125.14611,11.31812],[125.1461,11.31812]]]}},{"type":"Feature","properties":{"class":"barangay","barangay":"Del Pilar"},"geometry":{"type":"Polygon","coordinates":[[[125.14545,11.31736],[125.14537,11.31733],[125.14536,11.31735],[125.14539,11.31736],[125.1454,11.31737],[125.1455,11.3174],[125.1456,11.31743],[125.1458,11.3175],[125.14584,11.31751],[125.14599,11.31756],[125.14611,11.3176],[125.14617,11.31762],[125.14617,11.3176],[125.14613,11.31758],[125.14604,11.31755],[125.14594,11.31752],[125.14583,11.31749],[125.14575,11.31746],[125.14567,11.31743],[125.14559,11.3174],[125.14549,11.31737],[125.14547,11.31737],[125.14547,11.31737],[125.14547,11.31737],[125.14545,11.31736]]]}},{"type":"Feature","properties":{"class":"barangay","barangay":"Del Pilar"},"geometry":{"type":"Polygon","coordinates":[[[125.14695,11.31735],[125.14698,11.31742],[125.14701,11.31754],[125.14703,11.31763],[125.14703,11.31766],[125.14703,11.31766],[125.14704,11.31766],[125.14704,11.31765],[125.14704,11.31764],[125.14704,11.31759],[125.14701,11.31748],[125.14698,11.31741],[125.14697,11.31735],[125.14697,11.31735],[125.14696,11.31735],[125.14695,11.31735],[125.14695,11.31735]]]}},{"type":"Feature","properties":{"class":"barangay","barangay":"Del Pilar"},"geometry":{"type":"Polygon","coordinates":[[[125.14571,11.31799],[125.14573,11.31786],[125.1458,11.31763],[125.14584,11.31751],[125.14581,11.31751],[125.1458,11.31753],[125.14578,11.31761],[125.14576,11.31768],[125.14574,11.31775],[125.14572,11.31782],[125.14571,11.31788],[125.14569,11.31793],[125.14568,11.31801],[125.14567,11.31805],[125.14569,11.31805],[125.14571,11.31799]]]}},{"type":"Feature","properties":{"class":"barangay","barangay":"Del Pilar"},"geometry":{"type":"Polygon","coordinates":[[[125.14532,11.31752],[125.14528,11.31768],[125.14522,11.31793],[125.14522,11.31797],[125.14525,11.31797],[125.14525,11.31793],[125.14531,11.31772],[125.14534,11.31758],[125.14536,11.31746],[125.14539,11.31736],[125.14536,11.31735],[125.14532,11.31752]]]}},{"type":"Feature","properties":{"class":"barangay","barangay":"Del Pilar"},"geometry":{"type":"Polygon","coordinates":[[[125.14557,11.31868],[125.1456,11.31854],[125.14564,11.31829],[125.14569,11.31808],[125.14568,11.31807],[125.14566,11.31807],[125.14565,11.31814],[125.14562,11.31828],[125.1456,11.31836],[125.14559,11.31846],[125.14557,11.31853],[125.14555,11.31862],[125.14555,11.31867],[125.14554,11.31874],[125.14556,11.31874],[125.14557,11.31868]]]}},{"type":"Feature","properties":{"class":"barangay","barangay":"Del Pilar"},"geometry":{"type":"Polygon","coordinates":[[[125.14519,11.31803],[125.14518,11.3181],[125.14515,11.31824],[125.14514,11.31828],[125.14517,11.31829],[125.14518,11.31827],[125.14518,11.31822],[125.1452,11.31813],[125.14522,11.31799],[125.14521,11.31799],[125.1452,11.31799],[125.14519,11.31803]]]}},{"type":"Feature","properties":{"class":"barangay","barangay":"Del Pilar"},"geometry":{"type":"Polygon","coordinates":[[[125.14431,11.31804],[125.14432,11.31815],[125.14433,11.31833],[125.14432,11.31856],[125.14431,11.31871],[125.14433,11.31885],[125.14435,11.31898],[125.14436,11.31906],[125.1444,11.31905],[125.14437,11.31896],[125.14436,11.31882],[125.14435,11.31872],[125.14435,11.31869],[125.14435,11.31859],[125.14435,11.31846],[125.14436,11.31837],[125.14436,11.31833],[125.14436,11.31822],[125.14435,11.31809],[125.14434,11.31801],[125.14434,11.31792],[125.14431,11.31792],[125.14431,11.31804]]]}},{"type":"Feature","properties":{"class":"municipal","barangay":"Burgos"},"geometry":{"type":"Polygon","coordinates":[[[125.14796,11.31666],[125.14818,11.31633],[125.14845,11.31597],[125.14906,11.31522],[125.14925,11.31495],[125.14937,11.31477],[125.14945,11.31464],[125.14952,11.31445],[125.14967,11.31409],[125.14991,11.31357],[125.15005,11.31327],[125.1501,11.31317],[125.15026,11.31299],[125.15056,11.31272],[125.15073,11.31258],[125.15082,11.3125],[125.15098,11.31239],[125.1513,11.31218],[125.15172,11.31196],[125.1519,11.31186],[125.152,11.31179],[125.15203,11.31176],[125.15205,11.31173],[125.15206,11.31169],[125.15206,11.31155],[125.15205,11.3114],[125.15209,11.31095],[125.15213,11.31064],[125.15216,11.31038],[125.15217,11.31009],[125.15218,11.30988],[125.15216,11.30971],[125.15214,11.30948],[125.15212,11.30928],[125.15209,11.30893],[125.15207,11.30863],[125.15204,11.30823],[125.15205,11.30801],[125.15206,11.30789],[125.15201,11.30792],[125.152,11.30796],[125.15199,11.30818],[125.15199,11.30825],[125.152,11.30841],[125.152,11.3085],[125.15204,11.30893],[125.15206,11.30927],[125.15209,11.30957],[125.15213,11.30992],[125.1521,11.31036],[125.15208,11.31061],[125.15203,11.31099],[125.15201,11.3112],[125.152,11.31135],[125.152,11.31153],[125.15201,11.31165],[125.15201,11.31168],[125.152,11.31171],[125.15197,11.31175],[125.15189,11.3118],[125.15182,11.31185],[125.15165,11.31194],[125.15149,11.31202],[125.15137,11.31208],[125.15132,11.31211],[125.15113,11.31221],[125.15104,11.31227],[125.15094,11.31234],[125.15083,11.31243],[125.15068,11.31257],[125.15055,11.31266],[125.15042,11.31276],[125.15031,11.31287],[125.15018,11.31299],[125.15008,11.31309],[125.15002,11.31316],[125.14996,11.31325],[125.14986,11.31343],[125.14983,11.3135],[125.14977,11.31365],[125.14971,11.31377],[125.14962,11.31395],[125.14953,11.31417],[125.14939,11.31453],[125.14934,11.31464],[125.14923,11.31483],[125.14912,11.31499],[125.14903,11.31514],[125.1489,11.3153],[125.14875,11.31548],[125.14861,11.31566],[125.14846,11.31585],[125.14831,11.31605],[125.14817,11.31625],[125.14801,11.31652],[125.14795,11.31657],[125.14787,11.31681],[125.14796,11.31666]]]}},{"type":"Feature","properties":{"class":"municipal","barangay":"Panugmonon"},"geometry":{"type":"Polygon","coordinates":[[[125.15201,11.30792],[125.15206,11.30789],[125.15206,11.30785],[125.1521,11.3076],[125.15213,11.30739],[125.15217,11.30717],[125.15219,11.30704],[125.15223,11.30682],[125.15223,11.3067],[125.15222,11.30662],[125.1521,11.30634],[125.15199,11.30609],[125.15189,11.30594],[125.15185,11.30588],[125.15181,11.30583],[125.15173,11.30576],[125.15165,11.30572],[125.15156,11.30569],[125.15147,11.30569],[125.15133,11.30572],[125.15122,11.30573],[125.15053,11.3057],[125.15019,11.30565],[125.1501,11.30564],[125.14993,11.30562],[125.14966,11.30561],[125.14952,11.30558],[125.14947,11.30556],[125.14946,11.30555],[125.14928,11.30547],[125.14903,11.30532],[125.14881,11.30519],[125.14853,11.30504],[125.14848,11.30502],[125.14842,11.30502],[125.1481,11.30502],[125.14765,11.30501],[125.1473,11.30498],[125.147,11.30489],[125.14689,11.30484],[125.14658,11.30469],[125.14611,11.30443],[125.14589,11.30434],[125.14575,11.30425],[125.14557,11.30414],[125.1453,11.30396],[125.14516,11.3039],[125.14494,11.30382],[125.14489,11.30378],[125.14483,11.30373],[125.14468,11.30354],[125.14449,11.30329],[125.14439,11.30311],[125.14428,11.30291],[125.14418,11.30278],[125.1441,11.30267],[125.14401,11.30256],[125.14394,11.30247],[125.14379,11.30233],[125.14364,11.3022],[125.14352,11.30206],[125.14333,11.30187],[125.14309,11.30165],[125.14291,11.30154],[125.14272,11.30143],[125.14238,11.30128],[125.14173,11.30097],[125.14147,11.3009],[125.14118,11.30086],[125.14102,11.30083],[125.14058,11.30073],[125.14009,11.30058],[125.13973,11.30043],[125.13945,11.30034],[125.13902,11.30023],[125.139,11.30029],[125.13904,11.3003],[125.1395,11.30041],[125.13968,11.30047],[125.14,11.30061],[125.14015,11.30067],[125.14051,11.30077],[125.14073,11.30083],[125.14106,11.30089],[125.14117,11.30091],[125.1413,11.30093],[125.14144,11.30096],[125.14158,11.30098],[125.1417,11.30102],[125.14176,11.30104],[125.14182,11.30107],[125.14197,11.30115],[125.14206,11.3012],[125.1424,11.30134],[125.14269,11.30147],[125.14292,11.3016],[125.14303,11.30168],[125.14324,11.30187],[125.14336,11.30198],[125.14353,11.30216],[125.14374,11.30236],[125.14397,11.30259],[125.14414,11.30283],[125.14425,11.30297],[125.14433,11.30312],[125.14439,11.30322],[125.14445,11.30331],[125.14457,11.30349],[125.14469,11.30363],[125.14476,11.30372],[125.14483,11.30379],[125.14488,11.30383],[125.14491,11.30386],[125.14495,11.30388],[125.14506,11.30392],[125.14517,11.30397],[125.14528,11.30401],[125.14547,11.30413],[125.14566,11.30426],[125.14582,11.30435],[125.14594,11.30441],[125.14625,11.30456],[125.14651,11.3047],[125.14664,11.30477],[125.14683,11.30487],[125.14698,11.30494],[125.14732,11.30504],[125.14741,11.30505],[125.1479,11.30506],[125.1484,11.30508],[125.14848,11.30509],[125.14864,11.30515],[125.14889,11.3053],[125.14941,11.3056],[125.14953,11.30565],[125.1497,11.30566],[125.14994,11.30568],[125.15015,11.3057],[125.15048,11.30575],[125.15072,11.30576],[125.15093,11.30577],[125.15116,11.30578],[125.15126,11.30578],[125.15131,11.30577],[125.15151,11.30575],[125.15159,11.30575],[125.15165,11.30578],[125.15174,11.30584],[125.15181,11.30593],[125.15189,11.30605],[125.15201,11.30627],[125.15212,11.30654],[125.15216,11.30663],[125.15218,11.30673],[125.15217,11.3068],[125.15216,11.30688],[125.15212,11.30711],[125.15209,11.30727],[125.15207,11.30746],[125.15203,11.3077],[125.15201,11.30792]]]}},{"type":"Feature","properties":{"class":"municipal","barangay":"Serum"},"geometry":{"type":"Polygon","coordinates":[[[125.13876,11.30017],[125.13811,11.30001],[125.13755,11.29989],[125.13705,11.29977],[125.13658,11.29966],[125.13582,11.2995],[125.13538,11.2994],[125.13505,11.29933],[125.13492,11.29932],[125.13441,11.29923],[125.13346,11.29901],[125.13299,11.2989],[125.13258,11.29879],[125.13224,11.2987],[125.13216,11.29868],[125.13193,11.29865],[125.13187,11.29865],[125.13181,11.29864],[125.13154,11.29861],[125.13078,11.29845],[125.13012,11.2983],[125.13005,11.29828],[125.12996,11.29827],[125.12908,11.29808],[125.12903,11.29807],[125.12853,11.29796],[125.12784,11.29781],[125.12684,11.2976],[125.12617,11.29744],[125.12577,11.29736],[125.12529,11.29725],[125.12509,11.29722],[125.12488,11.29718],[125.12464,11.29712],[125.12447,11.29708],[125.12434,11.29704],[125.12425,11.2971],[125.12441,11.29715],[125.12733,11.29775],[125.12825,11.29796],[125.12919,11.29817],[125.13172,11.29868],[125.13201,11.29871],[125.13218,11.29874],[125.1325,11.29883],[125.13352,11.29908],[125.13387,11.29917],[125.13445,11.29929],[125.13506,11.29939],[125.13555,11.29949],[125.13591,11.29955],[125.13631,11.29965],[125.13666,11.29973],[125.1372,11.29986],[125.13753,11.29994],[125.13791,11.30003],[125.1384,11.30014],[125.13871,11.30022],[125.139,11.30029],[125.139,11.30029],[125.139,11.30029],[125.13902,11.30023],[125.13876,11.30017]]]}},{"type":"Feature","properties":{"class":"municipal","barangay":"Magallanes"},"geometry":{"type":"Polygon","coordinates":[[[125.12431,11.29704],[125.12421,11.29702],[125.12391,11.29694],[125.12332,11.29682],[125.12257,11.29665],[125.12237,11.29661],[125.12226,11.29659],[125.12153,11.29645],[125.12109,11.29636],[125.12064,11.29626],[125.12035,11.2962],[125.12029,11.29618],[125.12016,11.29617],[125.12003,11.29617],[125.11987,11.29619],[125.11983,11.29618],[125.1198,11.29625],[125.11984,11.29624],[125.12009,11.29623],[125.12022,11.29623],[125.12033,11.29625],[125.12057,11.29631],[125.12075,11.29635],[125.12101,11.29639],[125.12229,11.29665],[125.12321,11.29685],[125.12374,11.29697],[125.12391,11.297],[125.12425,11.2971],[125.12434,11.29704],[125.12431,11.29704]]]}},{"type":"Feature","properties":{"class":"national","barangay":"Iba"},"geometry":{"type":"Polygon","coordinates":[[[125.07452,11.2913],[125.07452,11.29133],[125.07453,11.29133],[125.07796,11.29191],[125.08018,11.2923],[125.08148,11.29252],[125.08296,11.29277],[125.08432,11.29301],[125.08555,11.29322],[125.088,11.29365],[125.08893,11.29381],[125.08998,11.29399],[125.09142,11.29424],[125.09256,11.29444],[125.09331,11.29457],[125.09415,11.29472],[125.09497,11.29487],[125.09578,11.29501],[125.09654,11.29515],[125.09732,11.29528],[125.09812,11.29541],[125.09812,11.29535],[125.09685,11.29512],[125.09553,11.29488],[125.09205,11.29426],[125.08652,11.29333],[125.08291,11.2927],[125.08175,11.2925],[125.07991,11.29218],[125.07796,11.29184],[125.07579,11.29147],[125.07265,11.29093],[125.07452,11.2913],[125.07452,11.2913]]]}},{"type":"Feature","properties":{"class":"national","barangay":"Sawa"},"geometry":{"type":"Polygon","coordinates":[[[125.07452,11.2913],[125.07265,11.29093],[125.07234,11.2909],[125.07171,11.29081],[125.07156,11.29072],[125.07143,11.2907],[125.0714,11.29075],[125.07104,11.29068],[125.07074,11.2905],[125.07048,11.29026],[125.07033,11.29009],[125.07027,11.29004],[125.07014,11.28992],[125.07023,11.29007],[125.07032,11.29018],[125.07066,11.2905],[125.07074,11.29057],[125.07097,11.2907],[125.07114,11.29076],[125.07145,11.29082],[125.07175,11.29089],[125.07236,11.29098],[125.07269,11.29101],[125.07362,11.29117],[125.07452,11.29133],[125.07452,11.2913]]]}},{"type":"Feature","properties":{"class":"national","barangay":"Palaypay"},"geometry":{"type":"Polygon","coordinates":[[[125.07028,11.29003],[125.07019,11.28984],[125.07004,11.28934],[125.06982,11.28865],[125.06964,11.2881],[125.06947,11.28754],[125.06928,11.28696],[125.0691,11.28643],[125.06891,11.28588],[125.0688,11.28553],[125.0687,11.28519],[125.06861,11.28493],[125.06846,11.28453],[125.06835,11.28445],[125.06848,11.28481],[125.06872,11.28554],[125.06889,11.28611],[125.06913,11.28679],[125.06936,11.28748],[125.06958,11.28816],[125.0699,11.28914],[125.07006,11.28968],[125.07014,11.28992],[125.07027,11.29004],[125.07033,11.29009],[125.07028,11.29003]]]}},{"type":"Feature","properties":{"class":"national","barangay":"Sugca"},"geometry":{"type":"Polygon","coordinates":[[[125.09891,11.29556],[125.09995,11.29572],[125.1034,11.29635],[125.10485,11.29661],[125.10599,11.29681],[125.10621,11.29684],[125.10625,11.29676],[125.10558,11.29663],[125.10497,11.29654],[125.10432,11.29641],[125.10343,11.29626],[125.1028,11.29615],[125.10193,11.29599],[125.10131,11.29588],[125.10031,11.2957],[125.09955,11.29557],[125.09835,11.29538],[125.09812,11.29535],[125.09812,11.29541],[125.09891,11.29556]]]}},{"type":"Feature","properties":{"class":"national","barangay":"Anglit"},"geometry":{"type":"Polygon","coordinates":[[[125.10858,11.29727],[125.11048,11.29758],[125.11231,11.2979],[125.11376,11.29816],[125.11443,11.29827],[125.11444,11.2982],[125.11381,11.29808],[125.11297,11.29794],[125.11213,11.29779],[125.11084,11.29755],[125.10952,11.29732],[125.10809,11.29707],[125.10625,11.29676],[125.10621,11.29684],[125.10858,11.29727]]]}},{"type":"Feature","properties":{"class":"national","barangay":"Magallanes"},"geometry":{"type":"Polygon","coordinates":[[[125.11485,11.29833],[125.11607,11.29855],[125.1171,11.29875],[125.11724,11.29878],[125.11734,11.29879],[125.11743,11.29878],[125.11751,11.29877],[125.11762,11.29871],[125.11775,11.29858],[125.11826,11.29806],[125.11892,11.29732],[125.11943,11.29675],[125.11968,11.29648],[125.11973,11.29638],[125.1198,11.29625],[125.11983,11.29618],[125.11986,11.29606],[125.11987,11.29594],[125.11986,11.29576],[125.11982,11.29538],[125.11979,11.29517],[125.11975,11.29476],[125.11969,11.29418],[125.11968,11.29413],[125.11958,11.29413],[125.11958,11.29424],[125.11963,11.29454],[125.11967,11.29479],[125.11971,11.29526],[125.11975,11.29568],[125.11977,11.29581],[125.11976,11.29596],[125.11976,11.29603],[125.11973,11.29617],[125.11965,11.29634],[125.11961,11.29641],[125.11949,11.29655],[125.11934,11.29672],[125.11916,11.29692],[125.11834,11.29782],[125.11804,11.29816],[125.11773,11.29849],[125.11767,11.29854],[125.11758,11.29862],[125.11751,11.29866],[125.11745,11.29869],[125.11738,11.2987],[125.11727,11.2987],[125.11717,11.29867],[125.11661,11.29857],[125.11593,11.29846],[125.11536,11.29836],[125.11483,11.29825],[125.11444,11.2982],[125.11444,11.2982],[125.11443,11.29827],[125.11485,11.29833]]]}},{"type":"Feature","properties":{"class":"national","barangay":"Binungtu-an"},"geometry":{"type":"Polygon","coordinates":[[[125.11968,11.29413],[125.11966,11.29393],[125.11962,11.29345],[125.11958,11.29293],[125.11956,11.29249],[125.11954,11.29212],[125.11954,11.29206],[125.1195,11.29166],[125.11948,11.29145],[125.11949,11.29126],[125.11954,11.29109],[125.11963,11.29097],[125.1198,11.29081],[125.12001,11.29072],[125.12023,11.29065],[125.1208,11.29047],[125.12119,11.29034],[125.12166,11.29018],[125.12186,11.29013],[125.12216,11.29003],[125.1226,11.2899],[125.12301,11.28976],[125.12341,11.28963],[125.12338,11.28954],[125.1233,11.28957],[125.12286,11.28972],[125.12147,11.29017],[125.12005,11.29064],[125.11986,11.2907],[125.11973,11.29076],[125.11964,11.29083],[125.11952,11.29095],[125.11947,11.29102],[125.11943,11.29114],[125.11939,11.29127],[125.11939,11.29144],[125.11944,11.29184],[125.11947,11.29258],[125.11949,11.29307],[125.1195,11.2932],[125.11954,11.29369],[125.11958,11.29413],[125.11968,11.29413]]]}},{"type":"Feature","properties":{"class":"national","barangay":"Balud"},"geometry":{"type":"Polygon","coordinates":[[[125.12361,11.28957],[125.12434,11.28936],[125.12529,11.28899],[125.12579,11.28883],[125.12632,11.28865],[125.12695,11.28846],[125.12763,11.28824],[125.12809,11.28812],[125.1284,11.28805],[125.12884,11.28798],[125.12989,11.28783],[125.13114,11.28763],[125.13163,11.28755],[125.13192,11.2875],[125.13251,11.28735],[125.13308,11.28721],[125.13379,11.28705],[125.13435,11.28691],[125.13489,11.28677],[125.13516,11.28671],[125.13502,11.28665],[125.13487,11.28669],[125.13385,11.28695],[125.13284,11.2872],[125.13182,11.28744],[125.13047,11.28766],[125.12968,11.28776],[125.12858,11.28793],[125.12814,11.28801],[125.12785,11.28808],[125.1278,11.28809],[125.12725,11.28827],[125.12602,11.28867],[125.12478,11.28907],[125.1242,11.28927],[125.12338,11.28954],[125.12341,11.28963],[125.12361,11.28957]]]}},{"type":"Feature","properties":{"class":"national","barangay":"San Fernando"},"geometry":{"type":"Polygon","coordinates":[[[125.13524,11.28668],[125.13558,11.28658],[125.13619,11.28641],[125.13662,11.28631],[125.137,11.28622],[125.13773,11.28601],[125.13836,11.28581],[125.13872,11.28568],[125.13907,11.28553],[125.13941,11.28541],[125.13977,11.28528],[125.13982,11.28526],[125.14016,11.28517],[125.14068,11.285],[125.14175,11.28461],[125.14215,11.28445],[125.14235,11.28439],[125.14257,11.28433],[125.14288,11.2843],[125.14302,11.28429],[125.14314,11.28426],[125.14326,11.28421],[125.14334,11.28414],[125.14346,11.28403],[125.1437,11.28378],[125.1438,11.28369],[125.14389,11.28364],[125.14402,11.28359],[125.14418,11.28354],[125.14482,11.28337],[125.1452,11.28325],[125.14539,11.28318],[125.14593,11.28289],[125.14679,11.28241],[125.14749,11.28202],[125.14797,11.28179],[125.14807,11.28172],[125.14816,11.28162],[125.14822,11.2815],[125.14825,11.28139],[125.14827,11.28127],[125.14825,11.28113],[125.14819,11.28097],[125.14794,11.28052],[125.1476,11.2799],[125.1475,11.27967],[125.14748,11.27954],[125.14751,11.27941],[125.14754,11.27931],[125.14759,11.27922],[125.14776,11.27898],[125.14784,11.27889],[125.14798,11.27874],[125.14812,11.27862],[125.14852,11.27829],[125.14898,11.27787],[125.14946,11.27743],[125.14998,11.27695],[125.15023,11.27674],[125.1504,11.27658],[125.15056,11.27643],[125.15064,11.27635],[125.15059,11.2763],[125.15042,11.27645],[125.14956,11.27719],[125.14835,11.27829],[125.14791,11.27869],[125.14772,11.27893],[125.14751,11.27918],[125.14746,11.27926],[125.14742,11.27936],[125.1474,11.27943],[125.14738,11.27953],[125.14737,11.2796],[125.14738,11.27967],[125.14741,11.27974],[125.14743,11.27981],[125.1475,11.27994],[125.14769,11.28032],[125.14789,11.28074],[125.1481,11.28113],[125.14814,11.28126],[125.14812,11.28138],[125.14808,11.2815],[125.14803,11.28158],[125.14792,11.28168],[125.14766,11.28182],[125.14724,11.28204],[125.14687,11.28225],[125.14582,11.2828],[125.14547,11.28299],[125.14516,11.28316],[125.14492,11.28324],[125.14461,11.28333],[125.14423,11.28344],[125.14401,11.2835],[125.14385,11.28356],[125.1437,11.28364],[125.1436,11.28372],[125.14348,11.28385],[125.14328,11.28404],[125.14313,11.28413],[125.14297,11.2842],[125.14275,11.28423],[125.14255,11.28426],[125.14237,11.2843],[125.14213,11.28436],[125.14172,11.28451],[125.14065,11.28489],[125.14,11.28511],[125.13918,11.28541],[125.1387,11.28561],[125.13822,11.28578],[125.13735,11.28604],[125.13668,11.28623],[125.1355,11.2865],[125.13502,11.28665],[125.13516,11.28671],[125.13524,11.28668]]]}},{"type":"Feature","properties":{"class":"national","barangay":"Catadman"},"geometry":{"type":"Polygon","coordinates":[[[125.15081,11.27622],[125.15093,11.2761],[125.15115,11.2759],[125.1513,11.27578],[125.15143,11.27564],[125.15152,11.27554],[125.15164,11.27538],[125.15175,11.27523],[125.15183,11.27507],[125.15189,11.27493],[125.15196,11.27476],[125.15203,11.27446],[125.15209,11.27422],[125.15213,11.27404],[125.15217,11.27387],[125.1522,11.27378],[125.15225,11.27365],[125.15234,11.27342],[125.15252,11.2729],[125.15254,11.27286],[125.15285,11.27202],[125.15288,11.27196],[125.15298,11.2717],[125.15322,11.27108],[125.15345,11.27046],[125.15358,11.27013],[125.15373,11.26978],[125.15393,11.26932],[125.15413,11.26882],[125.15426,11.26849],[125.15422,11.26846],[125.15418,11.26842],[125.15396,11.26898],[125.15341,11.27037],[125.15338,11.27043],[125.15297,11.27151],[125.15295,11.27157],[125.15281,11.27194],[125.15278,11.27201],[125.15248,11.27282],[125.15246,11.27286],[125.15238,11.27308],[125.15222,11.27349],[125.15212,11.2738],[125.15199,11.2743],[125.15191,11.27461],[125.15179,11.27493],[125.15166,11.27518],[125.15147,11.27547],[125.15132,11.27564],[125.15119,11.27577],[125.15094,11.27599],[125.15059,11.2763],[125.15064,11.27635],[125.15081,11.27622]]]}},{"type":"Feature","properties":{"class":"national","barangay":"Basiao"},"geometry":{"type":"Polygon","coordinates":[[[125.15422,11.26846],[125.15426,11.26849],[125.15433,11.26834],[125.15441,11.26824],[125.15457,11.26808],[125.15495,11.26779],[125.15517,11.26767],[125.15549,11.26747],[125.15595,11.26721],[125.15657,11.26684],[125.15707,11.26651],[125.15738,11.26633],[125.15782,11.2661],[125.15822,11.26589],[125.15873,11.2656],[125.15879,11.26557],[125.15912,11.26536],[125.15926,11.26529],[125.15942,11.2652],[125.15959,11.26507],[125.1597,11.26496],[125.15996,11.26469],[125.16012,11.26453],[125.16021,11.26443],[125.16028,11.26434],[125.16034,11.26424],[125.16038,11.26413],[125.16041,11.26399],[125.16042,11.26385],[125.1604,11.26366],[125.16038,11.26349],[125.16038,11.2633],[125.16041,11.26314],[125.16045,11.26303],[125.16053,11.26287],[125.16062,11.26275],[125.16082,11.26255],[125.16099,11.2624],[125.16115,11.26225],[125.16127,11.26216],[125.16138,11.26202],[125.16148,11.26188],[125.16154,11.26177],[125.16159,11.26167],[125.16165,11.26151],[125.1617,11.2613],[125.16171,11.2612],[125.1617,11.26111],[125.16166,11.26094],[125.16163,11.26083],[125.16161,11.26075],[125.16162,11.26067],[125.16165,11.26058],[125.16168,11.26051],[125.16174,11.26045],[125.16197,11.26024],[125.16214,11.26009],[125.16231,11.25993],[125.16262,11.25964],[125.16277,11.25953],[125.16294,11.25938],[125.16308,11.25926],[125.16316,11.25922],[125.16329,11.25917],[125.16348,11.2591],[125.16375,11.25902],[125.16403,11.25893],[125.16437,11.25883],[125.16457,11.25875],[125.16475,11.25869],[125.16489,11.25861],[125.16499,11.25855],[125.16505,11.2585],[125.16522,11.25835],[125.1654,11.25819],[125.16561,11.25799],[125.1658,11.25783],[125.16572,11.25776],[125.16567,11.25781],[125.1655,11.25799],[125.16516,11.2583],[125.16492,11.25849],[125.1648,11.25856],[125.16461,11.25866],[125.16434,11.25875],[125.16371,11.25894],[125.16336,11.25906],[125.16313,11.25915],[125.16305,11.2592],[125.1629,11.25932],[125.16249,11.25967],[125.16227,11.25986],[125.16203,11.26007],[125.16181,11.26027],[125.16162,11.26045],[125.16155,11.2606],[125.16152,11.26072],[125.16153,11.2608],[125.16155,11.26085],[125.16159,11.26102],[125.16162,11.26119],[125.16157,11.26143],[125.16152,11.26157],[125.16141,11.2618],[125.16128,11.26198],[125.16113,11.26215],[125.16074,11.2625],[125.1607,11.26253],[125.16049,11.26277],[125.16036,11.26299],[125.1603,11.26316],[125.16028,11.26335],[125.16029,11.26349],[125.16031,11.26362],[125.16033,11.26385],[125.1603,11.26407],[125.16025,11.26419],[125.16016,11.26435],[125.16,11.26453],[125.15967,11.26484],[125.15961,11.26488],[125.15945,11.26503],[125.15933,11.26512],[125.15923,11.26518],[125.15896,11.26533],[125.15868,11.26548],[125.15831,11.2657],[125.15781,11.26598],[125.15742,11.26621],[125.15701,11.26645],[125.15627,11.26691],[125.15572,11.26725],[125.15518,11.26756],[125.15489,11.26774],[125.1546,11.26795],[125.15446,11.26806],[125.15436,11.26815],[125.15426,11.26828],[125.15418,11.26842],[125.15422,11.26846]]]}},{"type":"Feature","properties":{"class":"national","barangay":"Lawa-an"},"geometry":{"type":"Polygon","coordinates":[[[125.06841,11.28437],[125.0683,11.28404],[125.06825,11.2838],[125.06824,11.2837],[125.06815,11.28372],[125.06802,11.28375],[125.06815,11.28376],[125.06818,11.28387],[125.0682,11.28393],[125.06822,11.28402],[125.06827,11.28418],[125.06835,11.28445],[125.06846,11.28453],[125.06841,11.28437]]]}},{"type":"Feature","properties":{"class":"national","barangay":"Lawa-an"},"geometry":{"type":"Polygon","coordinates":[[[125.06829,11.28322],[125.06829,11.28277],[125.0683,11.28273],[125.0683,11.28267],[125.0683,11.28259],[125.06816,11.28252],[125.068,11.2824],[125.06775,11.28224],[125.0675,11.28205],[125.06738,11.28197],[125.06729,11.28192],[125.06713,11.28185],[125.06704,11.28181],[125.06687,11.28178],[125.06676,11.28177],[125.06657,11.28179],[125.06635,11.28187],[125.06614,11.282],[125.06605,11.28208],[125.06592,11.28223],[125.0658,11.28246],[125.0657,11.28267],[125.06557,11.28287],[125.06555,11.2829],[125.06547,11.28305],[125.06527,11.28339],[125.06521,11.2835],[125.06509,11.28364],[125.065,11.28371],[125.06494,11.28373],[125.06457,11.2839],[125.06448,11.28393],[125.06409,11.28411],[125.06389,11.28424],[125.06375,11.28435],[125.06364,11.28448],[125.06342,11.28475],[125.06335,11.28484],[125.06326,11.28491],[125.06314,11.285],[125.06311,11.28502],[125.06316,11.28508],[125.06324,11.28503],[125.06331,11.28498],[125.06344,11.28486],[125.06355,11.28474],[125.06379,11.28446],[125.06385,11.28438],[125.0639,11.28433],[125.06396,11.28429],[125.06403,11.28424],[125.06454,11.284],[125.06478,11.28389],[125.06496,11.28381],[125.06506,11.28376],[125.06513,11.28371],[125.06519,11.28365],[125.06528,11.28354],[125.06534,11.28344],[125.06543,11.28327],[125.06563,11.28291],[125.06585,11.28255],[125.06595,11.28237],[125.06603,11.28224],[125.06611,11.28214],[125.06624,11.28204],[125.06639,11.28196],[125.06658,11.28188],[125.06676,11.28186],[125.06699,11.28188],[125.06717,11.28195],[125.06743,11.28211],[125.06787,11.2824],[125.06808,11.28256],[125.06817,11.28267],[125.06821,11.2828],[125.0682,11.283],[125.0682,11.28321],[125.06817,11.28353],[125.06815,11.28372],[125.06824,11.2837],[125.06829,11.28322]]]}},{"type":"Feature","properties":{"class":"national","barangay":"Can-Manila"},"geometry":{"type":"Polygon","coordinates":[[[125.06275,11.28518],[125.06227,11.28541],[125.06191,11.28558],[125.0617,11.28567],[125.06159,11.28571],[125.06151,11.28571],[125.06142,11.2857],[125.06132,11.28565],[125.06117,11.28553],[125.06101,11.28539],[125.0609,11.28531],[125.06082,11.28527],[125.06075,11.28525],[125.06067,11.28524],[125.06058,11.28524],[125.06048,11.28526],[125.06039,11.2853],[125.06031,11.28535],[125.06022,11.28543],[125.06015,11.28551],[125.06004,11.28562],[125.05992,11.28573],[125.05986,11.28578],[125.05982,11.28582],[125.05955,11.28607],[125.05929,11.28633],[125.05852,11.28708],[125.05838,11.28721],[125.05833,11.28725],[125.05828,11.28729],[125.05823,11.28733],[125.05814,11.28737],[125.05808,11.2874],[125.05796,11.28745],[125.05776,11.2875],[125.05765,11.28751],[125.05745,11.28752],[125.05722,11.28748],[125.05702,11.28742],[125.05692,11.28739],[125.05689,11.28737],[125.05681,11.28733],[125.05676,11.28731],[125.05673,11.28729],[125.05661,11.28721],[125.05645,11.28706],[125.05634,11.28692],[125.05624,11.28675],[125.05621,11.28669],[125.05615,11.28656],[125.05611,11.28641],[125.05609,11.28633],[125.05609,11.28629],[125.05603,11.28586],[125.05592,11.28528],[125.05588,11.285],[125.05583,11.28477],[125.05579,11.28466],[125.05574,11.28457],[125.05567,11.28448],[125.05552,11.28435],[125.05522,11.28417],[125.05497,11.28402],[125.05476,11.28387],[125.05474,11.28396],[125.05473,11.28397],[125.05487,11.28406],[125.05534,11.28437],[125.0555,11.28446],[125.0556,11.28456],[125.05571,11.28474],[125.05577,11.28496],[125.05583,11.2853],[125.05589,11.28567],[125.05593,11.28589],[125.05598,11.28628],[125.05601,11.28647],[125.05608,11.28664],[125.05615,11.28679],[125.05627,11.28697],[125.05641,11.28713],[125.05656,11.28727],[125.05675,11.2874],[125.05695,11.28749],[125.05723,11.28757],[125.05746,11.2876],[125.05772,11.2876],[125.05795,11.28756],[125.05817,11.28747],[125.05828,11.28741],[125.05841,11.28732],[125.05847,11.28727],[125.05876,11.28696],[125.05904,11.28669],[125.05929,11.28645],[125.05965,11.28611],[125.06014,11.28563],[125.06034,11.28545],[125.06044,11.28538],[125.06055,11.28534],[125.06069,11.28534],[125.06085,11.28539],[125.06108,11.28558],[125.06124,11.2857],[125.06136,11.28576],[125.06146,11.28579],[125.06157,11.28579],[125.06167,11.28578],[125.06182,11.28571],[125.06202,11.2856],[125.06253,11.28537],[125.06296,11.28517],[125.06316,11.28508],[125.06311,11.28502],[125.06275,11.28518]]]}},{"type":"Feature","properties":{"class":"national","barangay":"Bacubac"},"geometry":{"type":"Polygon","coordinates":[[[125.05476,11.28387],[125.05458,11.28375],[125.05444,11.28368],[125.05427,11.28362],[125.05409,11.28357],[125.05386,11.28352],[125.05346,11.28349],[125.05306,11.28346],[125.05269,11.28342],[125.05234,11.28338],[125.05217,11.28337],[125.05202,11.28338],[125.05186,11.2834],[125.05177,11.28342],[125.05168,11.28344],[125.05146,11.28351],[125.05119,11.28359],[125.05094,11.28368],[125.05039,11.28385],[125.0499,11.28399],[125.0495,11.28411],[125.04909,11.28424],[125.04902,11.28427],[125.04891,11.2843],[125.04818,11.28454],[125.04792,11.28461],[125.04742,11.28477],[125.04703,11.28489],[125.04673,11.28499],[125.04631,11.28512],[125.04594,11.28523],[125.04563,11.2853],[125.04542,11.28534],[125.04527,11.28537],[125.04512,11.28538],[125.04506,11.28538],[125.04492,11.28537],[125.04438,11.28532],[125.04311,11.28521],[125.04307,11.28521],[125.0429,11.2852],[125.04235,11.28515],[125.04147,11.28508],[125.04101,11.28504],[125.04063,11.285],[125.0404,11.28496],[125.04037,11.28503],[125.04045,11.28504],[125.04063,11.28507],[125.04094,11.28511],[125.04154,11.28516],[125.04227,11.28522],[125.04298,11.28528],[125.04337,11.28531],[125.04429,11.2854],[125.04482,11.28544],[125.04505,11.28545],[125.04533,11.28544],[125.04551,11.28541],[125.04575,11.28535],[125.04619,11.28524],[125.04665,11.2851],[125.04723,11.28491],[125.048,11.28468],[125.04845,11.28453],[125.04884,11.28441],[125.04924,11.28427],[125.04969,11.28413],[125.05013,11.284],[125.05049,11.2839],[125.05083,11.28381],[125.05129,11.28365],[125.05169,11.28353],[125.05193,11.28348],[125.05207,11.28347],[125.05221,11.28347],[125.05255,11.28351],[125.05282,11.28353],[125.05315,11.28356],[125.05347,11.28359],[125.0537,11.28362],[125.05399,11.28366],[125.05417,11.28371],[125.05441,11.28379],[125.05459,11.28388],[125.05473,11.28397],[125.05474,11.28396],[125.05476,11.28387]]]}},{"type":"Feature","properties":{"class":"national","barangay":"Tingib"},"geometry":{"type":"Polygon","coordinates":[[[125.04026,11.28493],[125.03992,11.28486],[125.03967,11.2848],[125.03928,11.28471],[125.0389,11.28462],[125.0386,11.28455],[125.03827,11.28448],[125.03792,11.2844],[125.03759,11.28432],[125.03739,11.28428],[125.03721,11.28426],[125.0371,11.28425],[125.03697,11.28426],[125.0366,11.2843],[125.03631,11.28431],[125.03618,11.2843],[125.03603,11.28427],[125.03585,11.28422],[125.03558,11.28411],[125.03529,11.28398],[125.03497,11.28384],[125.03471,11.28373],[125.03444,11.2836],[125.0343,11.28351],[125.03419,11.28341],[125.03398,11.28315],[125.03377,11.28287],[125.03332,11.28232],[125.03273,11.28166],[125.03261,11.28151],[125.03256,11.28147],[125.0325,11.28142],[125.03239,11.28134],[125.03225,11.28126],[125.03207,11.2812],[125.03191,11.28116],[125.03164,11.28114],[125.03142,11.28115],[125.03109,11.28123],[125.03101,11.28125],[125.03045,11.28141],[125.02945,11.28168],[125.02935,11.2817],[125.02918,11.28175],[125.02854,11.28189],[125.02807,11.28204],[125.02759,11.28216],[125.02715,11.28227],[125.02666,11.28234],[125.02657,11.28236],[125.02647,11.28237],[125.02638,11.28239],[125.02599,11.28248],[125.02511,11.28268],[125.0247,11.28276],[125.02438,11.28285],[125.024,11.28299],[125.02388,11.28303],[125.02365,11.28312],[125.023,11.28337],[125.02207,11.28371],[125.02112,11.28409],[125.02102,11.28412],[125.02071,11.28424],[125.02052,11.28432],[125.02113,11.28418],[125.02114,11.28419],[125.02144,11.28408],[125.02201,11.28385],[125.02292,11.28352],[125.02361,11.28325],[125.02455,11.28291],[125.02521,11.28276],[125.02583,11.28264],[125.02609,11.28256],[125.02656,11.28247],[125.02691,11.28241],[125.02735,11.28233],[125.02748,11.2823],[125.0278,11.2822],[125.02819,11.2821],[125.02948,11.28176],[125.03107,11.28133],[125.03139,11.28127],[125.03158,11.28124],[125.03183,11.28126],[125.03202,11.28129],[125.03224,11.28139],[125.0324,11.28149],[125.03269,11.28179],[125.033,11.28216],[125.03405,11.28342],[125.03419,11.28356],[125.03427,11.28363],[125.03438,11.28369],[125.03452,11.28375],[125.03499,11.28396],[125.03533,11.2841],[125.03551,11.28418],[125.03576,11.28429],[125.03593,11.28434],[125.03612,11.28439],[125.03626,11.2844],[125.03639,11.2844],[125.03657,11.28439],[125.03679,11.28437],[125.03711,11.28434],[125.03728,11.28435],[125.03743,11.28437],[125.03757,11.2844],[125.03789,11.28448],[125.03824,11.28456],[125.03877,11.28468],[125.03902,11.28474],[125.03952,11.28486],[125.04006,11.28497],[125.04037,11.28503],[125.0404,11.28496],[125.04026,11.28493]]]}},{"type":"Feature","properties":{"class":"national","barangay":"Can-abay"},"geometry":{"type":"Polygon","coordinates":[[[125.02026,11.2845],[125.02006,11.28478],[125.02,11.28537],[125.02005,11.28547],[125.02007,11.28535],[125.02013,11.28498],[125.02017,11.2848],[125.02026,11.28464],[125.02041,11.2845],[125.02068,11.28438],[125.02114,11.28419],[125.02113,11.28418],[125.02052,11.28432],[125.02026,11.2845]]]}},{"type":"Feature","properties":{"class":"national","barangay":"San Antonio"},"geometry":{"type":"Polygon","coordinates":[[[125.01997,11.28511],[125.01994,11.28534],[125.01998,11.28551],[125.02016,11.28588],[125.02029,11.28623],[125.02032,11.28631],[125.02033,11.28632],[125.02041,11.28631],[125.02005,11.28547],[125.02,11.28537],[125.02006,11.28478],[125.01997,11.28511]]]}},{"type":"Feature","properties":{"class":"provincial","barangay":"San Antonio"},"geometry":{"type":"Polygon","coordinates":[[[125.02008,11.28453],[125.01958,11.28472],[125.01941,11.28477],[125.01927,11.28477],[125.01911,11.28474],[125.01892,11.28467],[125.01858,11.28444],[125.01846,11.28434],[125.0183,11.28423],[125.01818,11.28415],[125.01787,11.28398],[125.01664,11.28333],[125.01635,11.28317],[125.01627,11.28314],[125.0161,11.28306],[125.01545,11.28274],[125.01502,11.28253],[125.01493,11.28248],[125.01475,11.28239],[125.01459,11.28228],[125.0139,11.28174],[125.01339,11.28135],[125.01318,11.28113],[125.01308,11.28101],[125.01304,11.28093],[125.01294,11.28059],[125.01282,11.28015],[125.01278,11.27991],[125.01275,11.27982],[125.01247,11.27888],[125.01242,11.27877],[125.01223,11.27831],[125.01219,11.27824],[125.0121,11.27813],[125.01204,11.27807],[125.01197,11.27801],[125.01191,11.27798],[125.0118,11.27792],[125.01175,11.2779],[125.01169,11.27788],[125.01112,11.2777],[125.01106,11.27769],[125.01069,11.27759],[125.01049,11.27753],[125.01043,11.27751],[125.01009,11.2774],[125.00939,11.27719],[125.00895,11.27705],[125.00876,11.27699],[125.00859,11.27696],[125.0083,11.27693],[125.00827,11.27692],[125.00823,11.27691],[125.00775,11.27683],[125.00714,11.27673],[125.00708,11.27672],[125.00668,11.27664],[125.0066,11.27664],[125.00628,11.27662],[125.00577,11.27656],[125.00534,11.27649],[125.00443,11.27636],[125.00444,11.2764],[125.00479,11.27646],[125.0053,11.27654],[125.00563,11.2766],[125.00601,11.27666],[125.00646,11.27672],[125.0067,11.27675],[125.00677,11.27676],[125.0073,11.27684],[125.00786,11.27692],[125.00845,11.27701],[125.00872,11.27705],[125.00903,11.27714],[125.00941,11.27726],[125.00987,11.2774],[125.01029,11.27754],[125.01035,11.27755],[125.01057,11.27762],[125.01093,11.27772],[125.01157,11.2779],[125.01179,11.27798],[125.01192,11.27805],[125.01204,11.27814],[125.01211,11.27824],[125.01217,11.27835],[125.01224,11.2785],[125.01232,11.27871],[125.01241,11.27895],[125.01249,11.27919],[125.01251,11.27925],[125.01259,11.27951],[125.0127,11.27989],[125.01279,11.28024],[125.01279,11.28026],[125.01289,11.28067],[125.01296,11.28089],[125.01302,11.28103],[125.01307,11.28109],[125.01312,11.28115],[125.01328,11.28133],[125.01349,11.2815],[125.01362,11.2816],[125.01397,11.28187],[125.0142,11.28205],[125.01454,11.28232],[125.0148,11.28248],[125.01512,11.28264],[125.01549,11.28283],[125.01595,11.28306],[125.01654,11.28336],[125.01706,11.28362],[125.01748,11.28385],[125.01792,11.28408],[125.01816,11.28422],[125.01839,11.28436],[125.01869,11.28459],[125.01886,11.2847],[125.01906,11.28479],[125.01916,11.28482],[125.01928,11.28483],[125.01938,11.28483],[125.01953,11.2848],[125.01974,11.28474],[125.01981,11.28472],[125.02006,11.2846],[125.02018,11.28457],[125.02021,11.28457],[125.02026,11.2845],[125.02008,11.28453]]]}},{"type":"Feature","properties":{"class":"provincial","barangay":"San Antonio"},"geometry":{"type":"Polygon","coordinates":[[[125.01983,11.28488],[125.0199,11.28505],[125.01996,11.28521],[125.01997,11.28511],[125.01997,11.28511],[125.01997,11.28511],[125.01999,11.28501],[125.01991,11.28491],[125.01983,11.28479],[125.01981,11.28472],[125.01974,11.28474],[125.01983,11.28488]]]}},{"type":"Feature","properties":{"class":"provincial","barangay":"Amandayehan"},"geometry":{"type":"Polygon","coordinates":[[[125.00381,11.27626],[125.00323,11.27617],[125.00273,11.2761],[125.00214,11.276],[125.00163,11.27594],[125.00123,11.27587],[125.00076,11.2758],[125.00029,11.27574],[125.00023,11.27573],[125.00016,11.27572],[124.99961,11.27564],[124.99907,11.27555],[124.99901,11.27555],[124.9985,11.27548],[124.99834,11.27545],[124.99807,11.27539],[124.99798,11.27535],[124.9979,11.27524],[124.99786,11.27533],[124.99789,11.27538],[124.99795,11.27543],[124.99801,11.27546],[124.99817,11.27549],[124.99824,11.2755],[124.99828,11.2755],[124.99867,11.27556],[124.99872,11.27557],[124.99927,11.27564],[124.99947,11.27567],[124.99953,11.27568],[125.00006,11.27577],[125.00012,11.27578],[125.00082,11.27588],[125.00089,11.27589],[125.00188,11.27604],[125.00271,11.27616],[125.00349,11.27628],[125.00416,11.27638],[125.00444,11.2764],[125.00443,11.27636],[125.00381,11.27626]]]}},{"type":"Feature","properties":{"class":"municipal","barangay":"Amandayehan"},"geometry":{"type":"Polygon","coordinates":[[[124.99946,11.27591],[124.99945,11.27608],[124.99946,11.27628],[124.99944,11.2765],[124.99941,11.27662],[124.99941,11.27666],[124.99936,11.27689],[124.99935,11.27693],[124.99931,11.27723],[124.99927,11.27747],[124.99923,11.27769],[124.99921,11.27788],[124.99919,11.27808],[124.99917,11.27817],[124.99915,11.27824],[124.99911,11.27831],[124.999,11.27838],[124.99892,11.27843],[124.99869,11.27862],[124.99844,11.27879],[124.9982,11.27894],[124.998,11.27906],[124.99785,11.27914],[124.99773,11.27916],[124.99762,11.2792],[124.9975,11.2793],[124.99741,11.27938],[124.99724,11.2795],[124.99703,11.27962],[124.9968,11.27978],[124.99679,11.2798],[124.99683,11.27982],[124.9969,11.27977],[124.99702,11.27968],[124.99728,11.27951],[124.99736,11.27947],[124.99744,11.27942],[124.99751,11.27936],[124.99758,11.27929],[124.99763,11.27925],[124.99769,11.27922],[124.9978,11.27919],[124.99786,11.27919],[124.99789,11.27917],[124.99811,11.27906],[124.99839,11.27888],[124.99869,11.27869],[124.99885,11.27855],[124.99903,11.27842],[124.99913,11.27836],[124.99918,11.27831],[124.99921,11.27822],[124.99925,11.27807],[124.99928,11.27772],[124.99932,11.27741],[124.99935,11.27732],[124.99937,11.27726],[124.99941,11.27692],[124.99946,11.27664],[124.99948,11.2765],[124.9995,11.27638],[124.9995,11.27612],[124.9995,11.27594],[124.99953,11.27568],[124.99947,11.27567],[124.99946,11.27591]]]}},{"type":"Feature","properties":{"class":"municipal","barangay":"Cambayan"},"geometry":{"type":"Polygon","coordinates":[[[124.9968,11.27978],[124.99674,11.27982],[124.99664,11.27989],[124.99652,11.27999],[124.99632,11.28014],[124.99615,11.28028],[124.99609,11.28034],[124.99604,11.28041],[124.996,11.28047],[124.99598,11.28054],[124.99598,11.28059],[124.99597,11.28063],[124.99599,11.28082],[124.99601,11.28106],[124.996,11.2814],[124.99598,11.28168],[124.99596,11.28196],[124.99596,11.28214],[124.99595,11.28223],[124.99591,11.28234],[124.99585,11.28245],[124.99575,11.28261],[124.99555,11.28284],[124.99545,11.28292],[124.99542,11.28295],[124.9952,11.28317],[124.9951,11.28326],[124.99489,11.28346],[124.99472,11.28364],[124.99457,11.28376],[124.99428,11.28396],[124.99397,11.28419],[124.9937,11.28441],[124.99342,11.28465],[124.99317,11.28486],[124.99292,11.28506],[124.99273,11.28524],[124.99253,11.2854],[124.99247,11.28547],[124.9924,11.28556],[124.99229,11.28574],[124.9922,11.28591],[124.99217,11.28608],[124.99212,11.2863],[124.99208,11.28643],[124.99206,11.28647],[124.99202,11.28652],[124.99186,11.28669],[124.99165,11.28691],[124.99153,11.28704],[124.99143,11.2871],[124.99134,11.28713],[124.99125,11.28713],[124.99069,11.28707],[124.99057,11.28706],[124.99049,11.28704],[124.99033,11.28695],[124.99009,11.2868],[124.98991,11.2867],[124.98976,11.28664],[124.9896,11.2866],[124.98942,11.28655],[124.98932,11.28653],[124.98914,11.28644],[124.98903,11.28637],[124.98895,11.28635],[124.98887,11.28634],[124.98878,11.28635],[124.98865,11.28639],[124.98845,11.28644],[124.9883,11.28646],[124.98795,11.2865],[124.98784,11.28651],[124.98769,11.28649],[124.9876,11.28647],[124.98751,11.28647],[124.98741,11.28649],[124.98725,11.2865],[124.98719,11.2865],[124.98705,11.28648],[124.9869,11.28646],[124.98678,11.28644],[124.98678,11.28644],[124.98678,11.28648],[124.98716,11.28654],[124.98724,11.28654],[124.98736,11.28654],[124.98744,11.28653],[124.98752,11.28652],[124.98757,11.28651],[124.98767,11.28653],[124.98784,11.28655],[124.98794,11.28656],[124.98808,11.28654],[124.98822,11.28652],[124.98851,11.28649],[124.98866,11.28646],[124.98877,11.28642],[124.98886,11.28641],[124.98892,11.2864],[124.98898,11.28641],[124.98904,11.28644],[124.98922,11.28653],[124.9893,11.28658],[124.98942,11.28661],[124.98956,11.28664],[124.98971,11.28669],[124.98991,11.28676],[124.99025,11.28696],[124.99039,11.28705],[124.99046,11.28708],[124.9906,11.28713],[124.99086,11.28715],[124.99116,11.28718],[124.99134,11.28718],[124.99143,11.28716],[124.99151,11.28713],[124.99157,11.28709],[124.99163,11.28703],[124.99173,11.28691],[124.99198,11.28664],[124.99208,11.28656],[124.99212,11.28648],[124.99216,11.28638],[124.99219,11.2862],[124.99221,11.28604],[124.99224,11.28594],[124.99225,11.28591],[124.99231,11.2858],[124.99249,11.28554],[124.99275,11.28529],[124.99297,11.28509],[124.9933,11.2848],[124.99361,11.28457],[124.99396,11.28427],[124.99435,11.28398],[124.99456,11.28385],[124.99472,11.28371],[124.99482,11.28362],[124.99501,11.28342],[124.9953,11.28316],[124.99545,11.28301],[124.99547,11.28298],[124.99565,11.28281],[124.99574,11.28273],[124.99584,11.2826],[124.9959,11.28248],[124.99591,11.28245],[124.99598,11.28232],[124.996,11.28227],[124.996,11.28224],[124.99601,11.28211],[124.99601,11.28207],[124.99601,11.28192],[124.99602,11.28189],[124.99603,11.28175],[124.99603,11.28171],[124.99605,11.28158],[124.99605,11.28154],[124.99606,11.28138],[124.99606,11.28135],[124.99606,11.28125],[124.99606,11.2812],[124.99606,11.28096],[124.99603,11.28071],[124.99603,11.28059],[124.99605,11.2805],[124.99611,11.2804],[124.9962,11.28032],[124.99658,11.28001],[124.99675,11.27988],[124.99683,11.27982],[124.99679,11.2798],[124.9968,11.27978]]]}},{"type":"Feature","properties":{"class":"municipal","barangay":"Tinaogan"},"geometry":{"type":"Polygon","coordinates":[[[124.98639,11.28636],[124.98628,11.28634],[124.98617,11.28633],[124.98608,11.28632],[124.986,11.28633],[124.9859,11.28635],[124.98565,11.28642],[124.98549,11.28646],[124.98538,11.28648],[124.98532,11.28648],[124.98519,11.28647],[124.98511,11.28646],[124.98504,11.28643],[124.98496,11.2864],[124.98486,11.28638],[124.98455,11.28633],[124.98446,11.28632],[124.98438,11.28632],[124.98426,11.28632],[124.98407,11.28635],[124.98381,11.28639],[124.98362,11.28643],[124.98346,11.28645],[124.98339,11.28646],[124.98324,11.2865],[124.98309,11.28653],[124.9829,11.28656],[124.98278,11.28657],[124.98257,11.28657],[124.98234,11.28655],[124.98215,11.28656],[124.98199,11.28657],[124.98188,11.28659],[124.98178,11.28661],[124.9817,11.28665],[124.98156,11.28672],[124.98142,11.2868],[124.98128,11.2869],[124.98118,11.287],[124.98109,11.28708],[124.98104,11.28712],[124.981,11.28717],[124.98088,11.28734],[124.9808,11.28744],[124.98075,11.28748],[124.98071,11.28751],[124.98066,11.28752],[124.98061,11.28752],[124.98053,11.2875],[124.98046,11.28748],[124.98036,11.28741],[124.98023,11.28732],[124.98013,11.28725],[124.98003,11.28719],[124.97992,11.28714],[124.97982,11.28712],[124.97973,11.2871],[124.97965,11.28711],[124.97954,11.28713],[124.97933,11.28716],[124.97924,11.28718],[124.9791,11.28721],[124.97901,11.28723],[124.97894,11.28727],[124.97878,11.28737],[124.97862,11.28747],[124.97849,11.28753],[124.97839,11.28756],[124.9783,11.28757],[124.97821,11.28756],[124.9781,11.28754],[124.97796,11.28752],[124.97787,11.28752],[124.97779,11.28754],[124.97767,11.28759],[124.9775,11.28767],[124.97733,11.28772],[124.97713,11.2878],[124.97709,11.28781],[124.97706,11.28783],[124.97704,11.28784],[124.97703,11.28787],[124.977,11.28792],[124.97693,11.28805],[124.97686,11.28818],[124.97684,11.28824],[124.97682,11.2883],[124.97674,11.28847],[124.97666,11.28865],[124.9766,11.28878],[124.97657,11.28883],[124.97657,11.28883],[124.97659,11.28887],[124.97659,11.28885],[124.97663,11.28881],[124.97664,11.28878],[124.97666,11.28873],[124.97673,11.28858],[124.97681,11.28839],[124.97686,11.2883],[124.97687,11.28826],[124.97692,11.28816],[124.97697,11.28806],[124.97705,11.2879],[124.97705,11.28789],[124.97707,11.28786],[124.97709,11.28785],[124.97711,11.28784],[124.97718,11.28781],[124.97725,11.28778],[124.97732,11.28776],[124.97739,11.28774],[124.97749,11.28771],[124.97754,11.2877],[124.97763,11.28766],[124.97767,11.28763],[124.97774,11.2876],[124.97781,11.28757],[124.97786,11.28756],[124.9779,11.28755],[124.97796,11.28756],[124.97801,11.28756],[124.97812,11.28758],[124.97819,11.28759],[124.97823,11.2876],[124.97829,11.2876],[124.97833,11.2876],[124.9784,11.28759],[124.97846,11.28758],[124.9785,11.28756],[124.97856,11.28754],[124.97863,11.28751],[124.97877,11.28742],[124.97894,11.28731],[124.97902,11.28727],[124.97909,11.28725],[124.97924,11.28721],[124.97935,11.28719],[124.97941,11.28718],[124.9795,11.28717],[124.97964,11.28714],[124.9797,11.28714],[124.97977,11.28714],[124.97985,11.28716],[124.97991,11.28718],[124.97998,11.28721],[124.98005,11.28725],[124.98023,11.28737],[124.98039,11.28748],[124.98045,11.28751],[124.98052,11.28754],[124.98059,11.28756],[124.98065,11.28756],[124.9807,11.28755],[124.98075,11.28753],[124.9808,11.2875],[124.98083,11.28747],[124.98086,11.28745],[124.98096,11.2873],[124.98112,11.28711],[124.98122,11.28701],[124.98142,11.28686],[124.98163,11.28674],[124.98184,11.28665],[124.98198,11.28662],[124.98214,11.28661],[124.98234,11.2866],[124.98266,11.28662],[124.98284,11.28661],[124.98296,11.2866],[124.98307,11.28658],[124.98323,11.28656],[124.98339,11.28651],[124.98354,11.28648],[124.98376,11.28645],[124.98401,11.28641],[124.98421,11.28638],[124.98438,11.28637],[124.98448,11.28638],[124.98467,11.2864],[124.98483,11.28642],[124.98492,11.28644],[124.985,11.28647],[124.98509,11.2865],[124.98518,11.28652],[124.98527,11.28652],[124.98535,11.28653],[124.98541,11.28652],[124.98548,11.28651],[124.98563,11.28647],[124.98582,11.28641],[124.98598,11.28637],[124.98602,11.28637],[124.98612,11.28637],[124.98625,11.28639],[124.98649,11.28642],[124.98678,11.28648],[124.98678,11.28644],[124.98678,11.28644],[124.98639,11.28636]]]}},{"type":"Feature","properties":{"class":"municipal","barangay":"Tinaogan"},"geometry":{"type":"Polygon","coordinates":[[[124.97687,11.2895],[124.97687,11.28954],[124.97688,11.28954],[124.97698,11.28954],[124.9771,11.28954],[124.97713,11.28953],[124.97716,11.28952],[124.97722,11.28951],[124.97727,11.28948],[124.97732,11.28947],[124.97737,11.28946],[124.9774,11.28948],[124.97748,11.2895],[124.97757,11.28954],[124.9776,11.28955],[124.97763,11.28958],[124.9777,11.28969],[124.97777,11.28977],[124.97782,11.28984],[124.97789,11.28995],[124.97793,11.29004],[124.97793,11.29007],[124.97794,11.29015],[124.97794,11.29029],[124.97793,11.29047],[124.9779,11.29068],[124.9779,11.29081],[124.9779,11.29088],[124.97791,11.29089],[124.97793,11.29089],[124.97793,11.29081],[124.97794,11.29071],[124.97795,11.29058],[124.97798,11.29034],[124.97798,11.29016],[124.97797,11.29006],[124.97797,11.29004],[124.97796,11.29003],[124.97794,11.28998],[124.97791,11.28992],[124.97784,11.28981],[124.97767,11.28957],[124.97763,11.28952],[124.97757,11.28948],[124.97755,11.28947],[124.9775,11.28946],[124.97741,11.28943],[124.97735,11.28943],[124.97729,11.28944],[124.97726,11.28945],[124.97721,11.28946],[124.97712,11.2895],[124.97705,11.28951],[124.97696,11.2895],[124.97687,11.2895]]]}},{"type":"Feature","properties":{"class":"national","barangay":"Can-abay"},"geometry":{"type":"Polygon","coordinates":[[[125.02036,11.2864],[125.02044,11.28666],[125.0205,11.28707],[125.02056,11.28792],[125.02064,11.28889],[125.02074,11.29015],[125.02078,11.29075],[125.0209,11.29222],[125.02091,11.29254],[125.02089,11.29272],[125.02086,11.29291],[125.02075,11.29311],[125.02061,11.29329],[125.02042,11.2935],[125.02016,11.29375],[125.01937,11.29466],[125.0191,11.295],[125.01894,11.29513],[125.01881,11.29522],[125.01857,11.29532],[125.01829,11.29546],[125.01806,11.2956],[125.0179,11.29578],[125.01747,11.29625],[125.01703,11.2968],[125.01677,11.29716],[125.01607,11.29805],[125.01564,11.29859],[125.01539,11.29889],[125.01522,11.29906],[125.01489,11.29928],[125.01394,11.29987],[125.01319,11.30036],[125.01235,11.30081],[125.0115,11.30127],[125.01011,11.30179],[125.0095,11.30201],[125.00888,11.30225],[125.00858,11.30234],[125.00837,11.3024],[125.00819,11.30242],[125.00804,11.30243],[125.00784,11.30243],[125.00685,11.30238],[125.00639,11.30237],[125.00612,11.30237],[125.00588,11.30242],[125.00573,11.30247],[125.0056,11.30255],[125.00552,11.30262],[125.00537,11.30275],[125.00515,11.30298],[125.005,11.30315],[125.0048,11.30332],[125.00491,11.30336],[125.00495,11.30334],[125.00504,11.30324],[125.00515,11.30312],[125.00534,11.3029],[125.00556,11.30271],[125.00567,11.30263],[125.00577,11.30256],[125.0059,11.30251],[125.00604,11.30247],[125.00617,11.30246],[125.00636,11.30245],[125.00689,11.30248],[125.00741,11.3025],[125.00779,11.30252],[125.00801,11.30252],[125.00822,11.3025],[125.00839,11.30248],[125.00857,11.30243],[125.00903,11.30228],[125.011,11.30156],[125.01155,11.30135],[125.0116,11.30132],[125.0125,11.30083],[125.01319,11.30046],[125.0136,11.30019],[125.0148,11.29944],[125.01503,11.29929],[125.01524,11.29915],[125.01541,11.29901],[125.01554,11.29887],[125.01565,11.29873],[125.01587,11.29845],[125.01602,11.29825],[125.01631,11.2979],[125.01648,11.29767],[125.01664,11.29746],[125.01682,11.29724],[125.01699,11.29703],[125.01713,11.29683],[125.01735,11.29656],[125.01755,11.2963],[125.01773,11.29609],[125.01785,11.29597],[125.01795,11.29587],[125.01807,11.29575],[125.01814,11.29569],[125.01825,11.29562],[125.01837,11.29553],[125.01856,11.29545],[125.01878,11.29535],[125.0189,11.29531],[125.01899,11.29524],[125.01911,11.29511],[125.01925,11.29494],[125.0194,11.29478],[125.01967,11.29448],[125.01992,11.29419],[125.02021,11.29388],[125.02043,11.29364],[125.02058,11.29347],[125.02064,11.29342],[125.02072,11.29337],[125.02083,11.29321],[125.02094,11.29296],[125.02099,11.29285],[125.02101,11.2927],[125.02102,11.29261],[125.02102,11.29251],[125.02099,11.29205],[125.0209,11.29113],[125.02082,11.29],[125.02078,11.2896],[125.02075,11.28919],[125.02073,11.28888],[125.02071,11.28848],[125.02067,11.28808],[125.02064,11.28772],[125.02058,11.28696],[125.02052,11.2866],[125.02041,11.28631],[125.02033,11.28632],[125.02036,11.2864]]]}},{"type":"Feature","properties":{"class":"municipal","barangay":"New San Agustin"},"geometry":{"type":"Polygon","coordinates":[[[125.09687,11.32279],[125.0969,11.32253],[125.09694,11.32224],[125.09695,11.32203],[125.09696,11.32167],[125.09699,11.32115],[125.097,11.32109],[125.09702,11.32084],[125.09705,11.32031],[125.09711,11.31928],[125.09713,11.31895],[125.09717,11.31817],[125.09719,11.31788],[125.0972,11.31764],[125.09722,11.31702],[125.09723,11.3164],[125.09725,11.31624],[125.09728,11.31582],[125.0973,11.31568],[125.09722,11.31565],[125.09722,11.31576],[125.0972,11.31633],[125.09715,11.31758],[125.09715,11.31773],[125.09714,11.31786],[125.09711,11.31818],[125.09709,11.31856],[125.09708,11.31881],[125.09707,11.31885],[125.09706,11.31919],[125.09699,11.32039],[125.09695,11.32088],[125.09692,11.32157],[125.09691,11.32184],[125.09689,11.32222],[125.09687,11.32233],[125.09683,11.32267],[125.09681,11.32285],[125.09687,11.32285],[125.09687,11.32279]]]}},{"type":"Feature","properties":{"class":"national","barangay":"Del Pilar"},"geometry":{"type":"Polygon","coordinates":[[[125.14018,11.33134],[125.13964,11.33114],[125.13935,11.33102],[125.13904,11.3309],[125.13892,11.33088],[125.13853,11.3308],[125.13817,11.33073],[125.13745,11.33059],[125.13673,11.33044],[125.13661,11.33042],[125.13654,11.33041],[125.13612,11.33031],[125.13532,11.33013],[125.13471,11.32999],[125.13414,11.32988],[125.13339,11.32973],[125.13271,11.3296],[125.13193,11.32942],[125.13116,11.32926],[125.13036,11.3291],[125.1291,11.32881],[125.12847,11.32869],[125.12832,11.32867],[125.12814,11.32868],[125.12867,11.32878],[125.12952,11.32897],[125.1301,11.3291],[125.1308,11.32924],[125.13209,11.3295],[125.13279,11.32966],[125.13392,11.32988],[125.13471,11.33003],[125.13587,11.3303],[125.13689,11.33051],[125.1373,11.3306],[125.13856,11.33085],[125.13898,11.33094],[125.13912,11.33099],[125.13962,11.3312],[125.13973,11.33124],[125.13999,11.33134],[125.14018,11.33143],[125.14031,11.33139],[125.14018,11.33134]]]}},{"type":"Feature","properties":{"class":"national","barangay":"Magallanes"},"geometry":{"type":"Polygon","coordinates":[[[125.12487,11.32801],[125.1253,11.3281],[125.12597,11.32824],[125.12644,11.32833],[125.12679,11.3284],[125.12704,11.32845],[125.12745,11.32854],[125.12801,11.32865],[125.12814,11.32868],[125.12832,11.32867],[125.12803,11.3286],[125.12746,11.32849],[125.12655,11.3283],[125.12591,11.32817],[125.12496,11.32798],[125.12465,11.32793],[125.12466,11.32798],[125.12487,11.32801]]]}},{"type":"Feature","properties":{"class":"national","barangay":"Old San Agustin"},"geometry":{"type":"Polygon","coordinates":[[[125.12453,11.3279],[125.12347,11.32767],[125.12308,11.32759],[125.12267,11.32751],[125.12194,11.32736],[125.12134,11.32724],[125.12057,11.32707],[125.12032,11.32703],[125.11995,11.32696],[125.11936,11.32686],[125.11872,11.32674],[125.11804,11.3266],[125.11746,11.32647],[125.11679,11.32634],[125.11638,11.32626],[125.11601,11.32618],[125.11562,11.32611],[125.1149,11.32597],[125.11406,11.32581],[125.11313,11.32562],[125.11233,11.32545],[125.11147,11.32527],[125.11103,11.32519],[125.11047,11.32507],[125.10973,11.32492],[125.10953,11.32489],[125.10936,11.32485],[125.10912,11.3248],[125.10895,11.32476],[125.10871,11.32471],[125.10846,11.32467],[125.10813,11.3246],[125.1078,11.32454],[125.1075,11.32448],[125.10725,11.32443],[125.10707,11.3244],[125.10698,11.32438],[125.10692,11.32436],[125.10688,11.32433],[125.10684,11.3243],[125.10681,11.32426],[125.10678,11.32421],[125.10675,11.32416],[125.10673,11.3241],[125.1067,11.32393],[125.10667,11.32374],[125.10663,11.32347],[125.10659,11.3232],[125.10658,11.32302],[125.10656,11.32281],[125.10655,11.32269],[125.10654,11.32262],[125.10653,11.32255],[125.10654,11.32246],[125.10653,11.32242],[125.10651,11.32231],[125.10648,11.32223],[125.10646,11.32216],[125.10643,11.32209],[125.10639,11.32203],[125.10634,11.32197],[125.1063,11.32193],[125.10621,11.3219],[125.10613,11.32187],[125.10608,11.32185],[125.106,11.32184],[125.10591,11.32183],[125.10562,11.32181],[125.10521,11.32182],[125.10486,11.32182],[125.10471,11.32182],[125.10462,11.32182],[125.10457,11.32181],[125.1045,11.32179],[125.10445,11.32176],[125.1044,11.32174],[125.10435,11.32172],[125.10431,11.32169],[125.10427,11.32166],[125.10421,11.3216],[125.10408,11.32148],[125.10398,11.32139],[125.10351,11.32097],[125.1029,11.32044],[125.10265,11.3202],[125.10209,11.31972],[125.10193,11.31955],[125.1016,11.31925],[125.10132,11.319],[125.10099,11.31871],[125.10087,11.31859],[125.10071,11.31845],[125.1005,11.31826],[125.10025,11.31802],[125.09991,11.31782],[125.09988,11.31782],[125.10004,11.31795],[125.10049,11.31836],[125.10161,11.31937],[125.10193,11.31967],[125.10229,11.31999],[125.10248,11.32018],[125.10273,11.32039],[125.10294,11.32058],[125.10318,11.32079],[125.10351,11.32107],[125.10377,11.32129],[125.10392,11.32143],[125.10409,11.32159],[125.1042,11.32169],[125.10429,11.32176],[125.10437,11.32181],[125.10444,11.32184],[125.10451,11.32186],[125.10458,11.32187],[125.10464,11.32188],[125.10476,11.32188],[125.10505,11.32189],[125.1051,11.32189],[125.10546,11.32188],[125.10552,11.32188],[125.10567,11.32188],[125.10591,11.32189],[125.10604,11.32191],[125.10614,11.32193],[125.10623,11.32197],[125.1063,11.32202],[125.10634,11.32206],[125.10636,11.3221],[125.1064,11.3222],[125.10644,11.32232],[125.10647,11.32243],[125.10647,11.32257],[125.10654,11.32316],[125.1066,11.32363],[125.10663,11.32385],[125.10667,11.32406],[125.10669,11.32414],[125.1067,11.32419],[125.10672,11.32424],[125.10676,11.32429],[125.10679,11.32434],[125.10683,11.32438],[125.10688,11.3244],[125.10694,11.32443],[125.10701,11.32445],[125.10708,11.32446],[125.10795,11.32462],[125.1094,11.32493],[125.11158,11.32536],[125.11329,11.32573],[125.11336,11.32575],[125.11438,11.32595],[125.11551,11.32616],[125.1167,11.32641],[125.11801,11.32667],[125.11941,11.32695],[125.12062,11.32715],[125.12122,11.32727],[125.12164,11.32736],[125.12203,11.32744],[125.12253,11.32755],[125.12289,11.32762],[125.12347,11.32772],[125.12386,11.32781],[125.12429,11.3279],[125.12466,11.32798],[125.12465,11.32793],[125.12453,11.3279]]]}},{"type":"Feature","properties":{"class":"national","barangay":"New San Agustin"},"geometry":{"type":"Polygon","coordinates":[[[125.09991,11.31782],[125.10025,11.31802],[125.09991,11.31772],[125.09961,11.31745],[125.09894,11.31683],[125.09846,11.31643],[125.09817,11.31615],[125.09795,11.31597],[125.09786,11.31591],[125.09779,11.31586],[125.09767,11.31578],[125.09759,11.31573],[125.09752,11.3157],[125.09734,11.31564],[125.09691,11.31548],[125.09641,11.31532],[125.0959,11.31514],[125.09552,11.31501],[125.09503,11.31485],[125.09458,11.31471],[125.09416,11.3146],[125.09271,11.31411],[125.09212,11.31393],[125.09148,11.31371],[125.09078,11.3135],[125.08987,11.31318],[125.08932,11.31298],[125.08809,11.3126],[125.08764,11.31246],[125.08754,11.31249],[125.08782,11.31257],[125.08833,11.31274],[125.08878,11.31287],[125.08953,11.31311],[125.0899,11.31323],[125.09042,11.31342],[125.09082,11.31355],[125.0913,11.31371],[125.09191,11.31391],[125.09256,11.31411],[125.09307,11.31428],[125.09354,11.31444],[125.09405,11.31461],[125.09435,11.3147],[125.09459,11.31476],[125.09497,11.31489],[125.09579,11.31517],[125.09652,11.31543],[125.097,11.31559],[125.09722,11.31565],[125.0973,11.31568],[125.09742,11.31572],[125.09752,11.31576],[125.09757,11.31578],[125.09763,11.31581],[125.09775,11.31589],[125.09788,11.31599],[125.09809,11.31617],[125.09825,11.31631],[125.09837,11.31642],[125.09848,11.31654],[125.0987,11.31674],[125.09893,11.31694],[125.09926,11.31724],[125.09953,11.31748],[125.09978,11.31772],[125.09988,11.31782],[125.09991,11.31782]]]}},{"type":"Feature","properties":{"class":"national","barangay":"Sawa"},"geometry":{"type":"Polygon","coordinates":[[[125.07003,11.29037],[125.06997,11.29141],[125.06995,11.29171],[125.06994,11.29185],[125.06994,11.29195],[125.06996,11.29204],[125.06998,11.29212],[125.07001,11.29218],[125.07006,11.29225],[125.07015,11.29234],[125.07031,11.29246],[125.07068,11.29267],[125.071,11.29286],[125.07142,11.29313],[125.07176,11.29334],[125.07191,11.29343],[125.07204,11.29354],[125.07215,11.29363],[125.07227,11.29373],[125.07236,11.29384],[125.07241,11.29389],[125.07259,11.29407],[125.0728,11.29433],[125.07303,11.29466],[125.0733,11.29507],[125.07335,11.29515],[125.07361,11.29556],[125.07365,11.29563],[125.07427,11.29655],[125.0755,11.2984],[125.07673,11.30023],[125.07724,11.30097],[125.07756,11.30147],[125.0778,11.30182],[125.07814,11.30234],[125.07836,11.30264],[125.07868,11.30314],[125.07898,11.3036],[125.07925,11.30399],[125.0797,11.30464],[125.07992,11.30497],[125.08012,11.30528],[125.08016,11.30534],[125.08054,11.30591],[125.08078,11.30629],[125.08116,11.30689],[125.08153,11.30747],[125.08199,11.30816],[125.08237,11.30874],[125.08275,11.30926],[125.08319,11.30994],[125.08372,11.31082],[125.08403,11.31123],[125.0841,11.31131],[125.08414,11.31134],[125.08417,11.31137],[125.08424,11.31141],[125.08435,11.31145],[125.08462,11.31155],[125.08498,11.31166],[125.08532,11.31175],[125.08581,11.31192],[125.08602,11.31198],[125.08643,11.31212],[125.08686,11.31226],[125.0872,11.31237],[125.08726,11.31239],[125.08754,11.31249],[125.08764,11.31246],[125.08755,11.31243],[125.08718,11.31231],[125.08656,11.3121],[125.08613,11.31196],[125.08562,11.31179],[125.08532,11.3117],[125.08498,11.3116],[125.0846,11.31148],[125.08435,11.3114],[125.08426,11.31136],[125.0842,11.31132],[125.08416,11.31127],[125.08411,11.31123],[125.08406,11.31117],[125.0839,11.31094],[125.08359,11.31049],[125.08326,11.30996],[125.08298,11.3095],[125.08264,11.30901],[125.08233,11.30856],[125.08201,11.30808],[125.08178,11.30773],[125.08153,11.30735],[125.08117,11.30679],[125.08092,11.30641],[125.08065,11.30599],[125.08043,11.30562],[125.08007,11.3051],[125.07978,11.30466],[125.0794,11.30412],[125.07915,11.30377],[125.07886,11.30332],[125.0787,11.30302],[125.07817,11.30226],[125.07814,11.3022],[125.07786,11.30178],[125.0777,11.30153],[125.07743,11.30111],[125.07722,11.3008],[125.07705,11.30058],[125.07686,11.30029],[125.07661,11.29993],[125.07645,11.2997],[125.07621,11.29934],[125.07604,11.29909],[125.07577,11.29865],[125.07561,11.29841],[125.07542,11.29813],[125.07526,11.2979],[125.07509,11.29763],[125.07489,11.29733],[125.07472,11.29707],[125.07455,11.29681],[125.0742,11.2963],[125.07395,11.29592],[125.07383,11.29576],[125.07374,11.29561],[125.07359,11.29538],[125.07346,11.29517],[125.07331,11.29492],[125.0732,11.29478],[125.07306,11.29458],[125.07292,11.2944],[125.07278,11.2942],[125.0727,11.2941],[125.0726,11.29398],[125.07245,11.29384],[125.07236,11.29375],[125.07221,11.29361],[125.07208,11.2935],[125.07199,11.29342],[125.07193,11.29337],[125.07185,11.29333],[125.07165,11.2932],[125.07137,11.29302],[125.07115,11.29289],[125.07095,11.29276],[125.07082,11.29269],[125.07063,11.29259],[125.07048,11.2925],[125.07033,11.29241],[125.07025,11.29235],[125.07019,11.29231],[125.07014,11.29225],[125.0701,11.29221],[125.07007,11.29216],[125.07005,11.29212],[125.07002,11.29204],[125.07001,11.29199],[125.06999,11.2919],[125.06999,11.29183],[125.07001,11.29164],[125.07003,11.29124],[125.07006,11.29079],[125.07008,11.29035],[125.07009,11.29028],[125.07009,11.29015],[125.07011,11.28988],[125.07005,11.28982],[125.07003,11.29037]]]}},{"type":"Feature","properties":{"class":"municipal","barangay":"Sawa"},"geometry":{"type":"Polygon","coordinates":[[[125.08012,11.30528],[125.08003,11.30551],[125.07992,11.3059],[125.07989,11.30598],[125.07985,11.30605],[125.07975,11.30621],[125.07963,11.30637],[125.07944,11.30665],[125.07927,11.30688],[125.07899,11.30726],[125.07871,11.30762],[125.07841,11.30799],[125.07828,11.30814],[125.07818,11.30827],[125.07796,11.3085],[125.07778,11.30867],[125.0775,11.30892],[125.07648,11.3098],[125.07524,11.31086],[125.07452,11.31149],[125.07408,11.31189],[125.07362,11.31232],[125.07315,11.31274],[125.07294,11.31291],[125.07262,11.31314],[125.07247,11.31324],[125.07226,11.31341],[125.07202,11.31359],[125.0719,11.31369],[125.07177,11.31387],[125.07191,11.31376],[125.07226,11.31349],[125.07262,11.31321],[125.07292,11.31298],[125.07309,11.31285],[125.0733,11.31267],[125.0735,11.31249],[125.07375,11.31226],[125.07397,11.31206],[125.07423,11.3118],[125.07434,11.31172],[125.07458,11.31149],[125.07477,11.31132],[125.07507,11.31105],[125.07532,11.31084],[125.07571,11.31051],[125.0759,11.31036],[125.07614,11.31014],[125.07632,11.30998],[125.07658,11.30976],[125.07709,11.30934],[125.07729,11.30916],[125.07756,11.30894],[125.07791,11.30862],[125.07811,11.30841],[125.0782,11.30833],[125.07826,11.30825],[125.07854,11.30793],[125.07877,11.30765],[125.07891,11.30746],[125.07912,11.3072],[125.07934,11.30688],[125.07947,11.30672],[125.07961,11.30652],[125.07983,11.30621],[125.07993,11.30603],[125.07999,11.3059],[125.0801,11.30553],[125.08016,11.30534],[125.08012,11.30528]]]}},{"type":"Feature","properties":{"class":"municipal","barangay":"Buenavista"},"geometry":{"type":"Polygon","coordinates":[[[125.07167,11.31387],[125.07097,11.31441],[125.07041,11.31485],[125.06979,11.31536],[125.06929,11.31576],[125.06886,11.3161],[125.06858,11.31631],[125.06825,11.31656],[125.06786,11.31687],[125.06769,11.31701],[125.06745,11.31718],[125.06715,11.31741],[125.06684,11.31765],[125.06654,11.31788],[125.06641,11.31799],[125.06627,11.3181],[125.0661,11.31824],[125.06588,11.31844],[125.06567,11.31861],[125.06543,11.31883],[125.06505,11.3192],[125.06452,11.31967],[125.06413,11.32],[125.06388,11.32019],[125.06361,11.32044],[125.06347,11.32058],[125.06332,11.32072],[125.06306,11.32108],[125.06263,11.32163],[125.06235,11.32201],[125.06212,11.32233],[125.06202,11.32246],[125.06206,11.32248],[125.06211,11.32241],[125.06224,11.32223],[125.06241,11.32201],[125.06247,11.32192],[125.06256,11.3218],[125.06262,11.32172],[125.06265,11.32168],[125.06272,11.3216],[125.06302,11.3212],[125.0633,11.32083],[125.06334,11.32076],[125.06346,11.32064],[125.06368,11.32042],[125.0638,11.32031],[125.06387,11.32026],[125.06411,11.32006],[125.06435,11.31986],[125.06454,11.31971],[125.06481,11.31948],[125.06502,11.31931],[125.06553,11.31887],[125.0658,11.31863],[125.06612,11.31833],[125.06638,11.31812],[125.0667,11.31785],[125.06696,11.31764],[125.06712,11.31751],[125.06739,11.3173],[125.06767,11.31709],[125.06792,11.3169],[125.06821,11.31667],[125.06845,11.31648],[125.0688,11.3162],[125.06904,11.31602],[125.06944,11.3157],[125.06973,11.31547],[125.07021,11.31507],[125.07052,11.31482],[125.07085,11.31457],[125.07112,11.31436],[125.0716,11.31399],[125.07177,11.31387],[125.0719,11.31369],[125.07167,11.31387]]]}},{"type":"Feature","properties":{"class":"barangay","barangay":"Buenavista"},"geometry":{"type":"Polygon","coordinates":[[[125.06262,11.32172],[125.06267,11.32175],[125.06278,11.32182],[125.063,11.32196],[125.06334,11.32217],[125.06337,11.32219],[125.06376,11.32243],[125.06379,11.32245],[125.06393,11.32254],[125.06423,11.32271],[125.06444,11.32284],[125.06446,11.32281],[125.06432,11.32272],[125.06404,11.32256],[125.06377,11.3224],[125.06332,11.32212],[125.06307,11.32196],[125.06285,11.32183],[125.06268,11.32171],[125.06265,11.32168],[125.06262,11.32172]]]}},{"type":"Feature","properties":{"class":"barangay","barangay":"Buenavista"},"geometry":{"type":"Polygon","coordinates":[[[125.06207,11.32249],[125.06224,11.32258],[125.06239,11.32267],[125.06257,11.32277],[125.06278,11.32288],[125.06298,11.32302],[125.06319,11.32313],[125.06332,11.32321],[125.06334,11.32318],[125.06331,11.32317],[125.0633,11.32316],[125.06326,11.32315],[125.06313,11.32307],[125.06292,11.32294],[125.0629,11.32293],[125.0627,11.32281],[125.06227,11.32256],[125.06215,11.32249],[125.06208,11.32244],[125.06206,11.32248],[125.06207,11.32249]]]}},{"type":"Feature","properties":{"class":"barangay","barangay":"Buenavista"},"geometry":{"type":"Polygon","coordinates":[[[125.06376,11.32243],[125.06375,11.32246],[125.06374,11.32249],[125.06369,11.32257],[125.06359,11.32273],[125.06358,11.32275],[125.06338,11.32307],[125.06331,11.32317],[125.06334,11.32318],[125.0634,11.32308],[125.06346,11.323],[125.06353,11.32289],[125.0636,11.32277],[125.06362,11.32273],[125.0637,11.32259],[125.06376,11.3225],[125.06379,11.32245],[125.06376,11.32243]]]}},{"type":"Feature","properties":{"class":"barangay","barangay":"Buenavista"},"geometry":{"type":"Polygon","coordinates":[[[125.06292,11.32294],[125.06296,11.32288],[125.06304,11.32274],[125.06312,11.32263],[125.06318,11.3225],[125.0632,11.32247],[125.06334,11.32225],[125.06337,11.32219],[125.06337,11.32219],[125.06334,11.32217],[125.06332,11.32221],[125.06323,11.32235],[125.06317,11.32246],[125.06315,11.32248],[125.06307,11.32262],[125.06303,11.32271],[125.06297,11.32281],[125.06292,11.32288],[125.0629,11.32293],[125.06292,11.32294]]]}},{"type":"Feature","properties":{"class":"barangay","barangay":"Buenavista"},"geometry":{"type":"Polygon","coordinates":[[[125.06331,11.32259],[125.06348,11.32269],[125.06358,11.32275],[125.06359,11.32273],[125.0635,11.32267],[125.06342,11.32263],[125.06334,11.32258],[125.06332,11.32257],[125.06323,11.32251],[125.0632,11.32247],[125.06318,11.3225],[125.06331,11.32259]]]}},{"type":"Feature","properties":{"class":"national","barangay":"Palaypay"},"geometry":{"type":"Polygon","coordinates":[[[125.07011,11.28988],[125.07011,11.28982],[125.07006,11.28968],[125.07005,11.28982],[125.07011,11.28988]]]}},{"type":"Feature","properties":{"class":"barangay","barangay":"Bacubac"},"geometry":{"type":"Polygon","coordinates":[[[125.04909,11.28424],[125.04906,11.28418],[125.04884,11.2833],[125.04865,11.2826],[125.04852,11.28216],[125.0485,11.28206],[125.04844,11.28204],[125.04845,11.28207],[125.04847,11.28213],[125.04852,11.28233],[125.04852,11.28234],[125.04854,11.28239],[125.04863,11.28268],[125.04871,11.28298],[125.04877,11.28319],[125.04884,11.28344],[125.04889,11.28362],[125.04895,11.28384],[125.04899,11.28406],[125.04902,11.28417],[125.04903,11.2842],[125.04903,11.28422],[125.04903,11.28423],[125.04903,11.28425],[125.04902,11.28426],[125.04902,11.28427],[125.04909,11.28424]]]}},{"type":"Feature","properties":{"class":"barangay","barangay":"Bacubac"},"geometry":{"type":"Polygon","coordinates":[[[125.0485,11.28206],[125.0486,11.28206],[125.04886,11.28205],[125.04904,11.28205],[125.04932,11.28206],[125.04945,11.28207],[125.04951,11.28206],[125.04957,11.28206],[125.04962,11.28207],[125.0497,11.28208],[125.04985,11.28209],[125.04994,11.28209],[125.05004,11.28208],[125.05022,11.28205],[125.05036,11.28202],[125.05047,11.282],[125.05056,11.28199],[125.05069,11.28198],[125.05074,11.28198],[125.05077,11.28199],[125.05087,11.28199],[125.05092,11.28199],[125.05095,11.28198],[125.05099,11.28197],[125.05109,11.28194],[125.05116,11.28192],[125.05133,11.2819],[125.05149,11.28186],[125.05164,11.28183],[125.05188,11.28176],[125.05231,11.28165],[125.05251,11.28158],[125.05277,11.28149],[125.05276,11.28147],[125.05269,11.2815],[125.05259,11.28153],[125.05252,11.28156],[125.05244,11.28158],[125.05236,11.28161],[125.05231,11.28162],[125.05222,11.28165],[125.05213,11.28167],[125.05202,11.2817],[125.05196,11.28171],[125.05188,11.28174],[125.05181,11.28175],[125.05171,11.28178],[125.05167,11.2818],[125.05164,11.28181],[125.05161,11.28181],[125.05157,11.28182],[125.05154,11.28182],[125.05149,11.28183],[125.05147,11.28184],[125.05143,11.28185],[125.05137,11.28187],[125.05134,11.28188],[125.05131,11.28188],[125.05129,11.28189],[125.05122,11.28189],[125.05116,11.28189],[125.05112,11.2819],[125.05108,11.28191],[125.05104,11.28192],[125.05102,11.28194],[125.05099,11.28195],[125.05095,11.28196],[125.05092,11.28196],[125.05088,11.28196],[125.05083,11.28196],[125.05076,11.28195],[125.05071,11.28195],[125.05068,11.28194],[125.05065,11.28195],[125.05059,11.28195],[125.05049,11.28196],[125.05038,11.28198],[125.05021,11.28202],[125.05015,11.28203],[125.05006,11.28205],[125.04999,11.28205],[125.04992,11.28206],[125.04979,11.28205],[125.0497,11.28204],[125.04958,11.28203],[125.04948,11.28203],[125.04942,11.28203],[125.04929,11.28203],[125.04903,11.28202],[125.04873,11.28201],[125.04861,11.28202],[125.0485,11.28202],[125.04844,11.28201],[125.04841,11.28201],[125.04833,11.282],[125.04825,11.282],[125.04811,11.282],[125.04794,11.28199],[125.04786,11.28198],[125.04777,11.28198],[125.04771,11.28197],[125.04767,11.28197],[125.04761,11.28196],[125.04755,11.28196],[125.04747,11.28194],[125.04742,11.28193],[125.04739,11.28193],[125.04735,11.28193],[125.0473,11.28193],[125.04725,11.28193],[125.04718,11.28193],[125.04713,11.28193],[125.04707,11.28193],[125.047,11.28192],[125.0469,11.28191],[125.0468,11.2819],[125.04672,11.28189],[125.04663,11.28187],[125.04653,11.28185],[125.04648,11.28183],[125.04639,11.28183],[125.04634,11.28182],[125.04628,11.2818],[125.04617,11.28178],[125.04608,11.28177],[125.04597,11.28175],[125.04586,11.28173],[125.04582,11.28172],[125.04576,11.2817],[125.04574,11.2817],[125.04572,11.28169],[125.0457,11.28169],[125.04565,11.28169],[125.04561,11.28169],[125.04556,11.28169],[125.0455,11.28168],[125.04543,11.28166],[125.04538,11.28164],[125.04533,11.28162],[125.04528,11.28159],[125.04524,11.28156],[125.04519,11.28153],[125.04515,11.28151],[125.04513,11.2815],[125.04505,11.28148],[125.04492,11.28144],[125.04483,11.28142],[125.04478,11.28141],[125.04475,11.2814],[125.04469,11.2814],[125.04457,11.2814],[125.04454,11.2814],[125.04452,11.28139],[125.04449,11.28139],[125.04445,11.28137],[125.04439,11.28135],[125.04428,11.28133],[125.04422,11.28133],[125.0441,11.28131],[125.04406,11.2813],[125.04401,11.2813],[125.04389,11.28128],[125.04371,11.28126],[125.04359,11.28125],[125.04344,11.28122],[125.04333,11.28119],[125.04318,11.28116],[125.04307,11.28113],[125.043,11.28112],[125.04289,11.28109],[125.04283,11.28108],[125.0428,11.28107],[125.04272,11.28107],[125.04265,11.28106],[125.04263,11.28106],[125.04254,11.28104],[125.04246,11.28103],[125.04239,11.28102],[125.04232,11.281],[125.04229,11.28099],[125.04223,11.28098],[125.0422,11.28097],[125.04213,11.28096],[125.04207,11.28096],[125.04203,11.28095],[125.04198,11.28094],[125.04195,11.28093],[125.04192,11.28092],[125.04191,11.28091],[125.04187,11.28089],[125.04181,11.28086],[125.04174,11.28082],[125.04167,11.2808],[125.04161,11.28079],[125.04159,11.28078],[125.04151,11.28077],[125.04147,11.28077],[125.0414,11.28076],[125.04136,11.28076],[125.04132,11.28074],[125.0413,11.28074],[125.04128,11.28073],[125.04127,11.28072],[125.04123,11.2807],[125.0412,11.28068],[125.04115,11.28067],[125.04105,11.28064],[125.04101,11.28063],[125.04096,11.28062],[125.04091,11.2806],[125.04087,11.2806],[125.04087,11.2806],[125.04086,11.28061],[125.04091,11.28062],[125.04103,11.28066],[125.04114,11.28069],[125.04122,11.28072],[125.04127,11.28075],[125.04131,11.28077],[125.04135,11.28078],[125.0414,11.28079],[125.04151,11.2808],[125.04159,11.28081],[125.04166,11.28083],[125.04174,11.28086],[125.04185,11.2809],[125.04191,11.28094],[125.04197,11.28096],[125.04205,11.28098],[125.04213,11.28099],[125.04222,11.281],[125.04227,11.28101],[125.04235,11.28103],[125.04243,11.28105],[125.04256,11.28107],[125.04264,11.28108],[125.04271,11.28109],[125.04282,11.2811],[125.04289,11.28112],[125.04296,11.28114],[125.04307,11.28117],[125.04317,11.28119],[125.04335,11.28124],[125.04349,11.28127],[125.04356,11.28128],[125.04366,11.28129],[125.04383,11.28131],[125.04397,11.28132],[125.04405,11.28134],[125.04408,11.28135],[125.04409,11.28135],[125.04416,11.28135],[125.04427,11.28136],[125.04434,11.28137],[125.04438,11.28138],[125.04443,11.2814],[125.04448,11.28142],[125.04452,11.28142],[125.04458,11.28143],[125.04465,11.28143],[125.04474,11.28143],[125.04477,11.28143],[125.04491,11.28147],[125.04505,11.28151],[125.04513,11.28154],[125.0452,11.28157],[125.04526,11.28161],[125.04533,11.28165],[125.04537,11.28167],[125.04544,11.28169],[125.04549,11.2817],[125.04556,11.28171],[125.04562,11.28172],[125.04568,11.28172],[125.04572,11.28172],[125.04578,11.28173],[125.04601,11.28178],[125.04617,11.28181],[125.0463,11.28183],[125.04634,11.28184],[125.04635,11.28184],[125.04645,11.28185],[125.04654,11.28187],[125.04669,11.28191],[125.04683,11.28193],[125.047,11.28194],[125.04711,11.28195],[125.04715,11.28196],[125.04723,11.28195],[125.0473,11.28195],[125.04738,11.28195],[125.04744,11.28196],[125.04754,11.28198],[125.04769,11.282],[125.0478,11.282],[125.04802,11.28202],[125.04824,11.28202],[125.04844,11.28204],[125.0485,11.28206]]]}},{"type":"Feature","properties":{"class":"barangay","barangay":"Bacubac"},"geometry":{"type":"Polygon","coordinates":[[[125.0463,11.28183],[125.0463,11.28194],[125.04629,11.28207],[125.04629,11.28214],[125.04629,11.28216],[125.0463,11.28218],[125.04631,11.28219],[125.04633,11.2822],[125.04643,11.28223],[125.04661,11.28229],[125.04672,11.28234],[125.04683,11.28237],[125.04689,11.28238],[125.04695,11.2824],[125.04702,11.28241],[125.04711,11.28242],[125.04725,11.28243],[125.04747,11.28244],[125.04762,11.28244],[125.04777,11.28244],[125.0479,11.28243],[125.04804,11.28241],[125.04817,11.2824],[125.04831,11.28238],[125.04841,11.28238],[125.04854,11.28239],[125.04852,11.28234],[125.04841,11.28236],[125.04835,11.28236],[125.04826,11.28236],[125.04815,11.28237],[125.04804,11.28239],[125.04781,11.28241],[125.04765,11.28242],[125.04738,11.28241],[125.04717,11.28239],[125.04698,11.28237],[125.04682,11.28234],[125.04671,11.2823],[125.04653,11.28224],[125.04638,11.28219],[125.04634,11.28217],[125.04633,11.28216],[125.04632,11.28215],[125.04632,11.28214],[125.04632,11.28212],[125.04632,11.28209],[125.04632,11.28202],[125.04634,11.28188],[125.04634,11.28184],[125.0463,11.28183]]]}},{"type":"Feature","properties":{"class":"barangay","barangay":"Bacubac"},"geometry":{"type":"Polygon","coordinates":[[[125.044,11.28155],[125.0439,11.28186],[125.04379,11.28217],[125.04371,11.28246],[125.04363,11.28272],[125.04354,11.28298],[125.04348,11.28319],[125.04345,11.2833],[125.0434,11.28351],[125.04335,11.28369],[125.04328,11.2839],[125.04322,11.28407],[125.04319,11.2842],[125.04316,11.28446],[125.04313,11.28462],[125.04311,11.28482],[125.04307,11.28521],[125.04311,11.28521],[125.04311,11.28519],[125.04312,11.28507],[125.04314,11.28479],[125.04316,11.28463],[125.04317,11.28456],[125.04319,11.28445],[125.0432,11.28432],[125.04322,11.28422],[125.04323,11.28415],[125.04325,11.28408],[125.04328,11.28399],[125.04333,11.28387],[125.04335,11.28377],[125.04338,11.2837],[125.04341,11.28358],[125.04343,11.28351],[125.04345,11.28344],[125.04348,11.28331],[125.0435,11.28323],[125.04355,11.28309],[125.04359,11.28296],[125.04362,11.28286],[125.04367,11.28269],[125.04374,11.2825],[125.04379,11.28232],[125.04383,11.28217],[125.04387,11.28207],[125.04395,11.28183],[125.04404,11.28156],[125.04409,11.28135],[125.04408,11.28135],[125.04405,11.28134],[125.044,11.28155]]]}},{"type":"Feature","properties":{"class":"municipal","barangay":"San Fernando"},"geometry":{"type":"Polygon","coordinates":[[[125.14822,11.28186],[125.14842,11.28202],[125.14857,11.28212],[125.14869,11.28217],[125.14883,11.28221],[125.14895,11.28223],[125.14908,11.28225],[125.14942,11.2823],[125.14996,11.28234],[125.15019,11.28235],[125.15037,11.28238],[125.15052,11.28242],[125.15067,11.28248],[125.1508,11.28253],[125.1509,11.28259],[125.15098,11.28266],[125.15107,11.28275],[125.15116,11.28288],[125.1513,11.28308],[125.15139,11.28323],[125.15144,11.28333],[125.15151,11.28352],[125.15157,11.2837],[125.1516,11.28385],[125.15161,11.28394],[125.15161,11.28406],[125.15159,11.28425],[125.15155,11.28451],[125.15149,11.28473],[125.15138,11.28516],[125.15131,11.28541],[125.15129,11.28549],[125.15127,11.28556],[125.15127,11.28559],[125.15127,11.28564],[125.15128,11.28573],[125.15131,11.28583],[125.15134,11.28592],[125.15139,11.28602],[125.15147,11.28614],[125.15155,11.28626],[125.15172,11.2865],[125.15182,11.28662],[125.15191,11.28672],[125.152,11.2868],[125.15212,11.2869],[125.15223,11.287],[125.15235,11.28712],[125.15252,11.28731],[125.1527,11.28762],[125.15298,11.28799],[125.15326,11.28835],[125.15342,11.28855],[125.1536,11.28888],[125.15371,11.28915],[125.15376,11.28929],[125.15381,11.28939],[125.15386,11.28946],[125.15394,11.28955],[125.15408,11.28966],[125.15435,11.28985],[125.15455,11.29002],[125.15475,11.29014],[125.15509,11.29036],[125.15524,11.29049],[125.1554,11.29062],[125.15576,11.2909],[125.15582,11.29095],[125.15586,11.29101],[125.15589,11.29109],[125.15593,11.29117],[125.15594,11.29131],[125.15595,11.29141],[125.15597,11.29161],[125.15596,11.29171],[125.15595,11.29179],[125.15591,11.29193],[125.15589,11.29203],[125.15588,11.29213],[125.15587,11.29227],[125.15585,11.29249],[125.15584,11.29267],[125.15584,11.29279],[125.15585,11.29294],[125.15584,11.2931],[125.15582,11.2933],[125.1558,11.2935],[125.15577,11.29368],[125.15574,11.29382],[125.15571,11.29397],[125.15569,11.29409],[125.15568,11.29419],[125.15569,11.29428],[125.1557,11.29438],[125.15571,11.29447],[125.15574,11.29455],[125.15577,11.29462],[125.15581,11.2947],[125.15586,11.29479],[125.15591,11.29488],[125.15596,11.29496],[125.15599,11.29501],[125.15604,11.29508],[125.1561,11.29514],[125.15614,11.29519],[125.15618,11.29526],[125.1562,11.2953],[125.15622,11.29536],[125.15623,11.29539],[125.15628,11.29538],[125.15626,11.2953],[125.15624,11.29526],[125.15623,11.29524],[125.1562,11.29518],[125.15616,11.29513],[125.15614,11.29511],[125.15608,11.29503],[125.15603,11.29497],[125.156,11.29493],[125.15596,11.29486],[125.15589,11.29474],[125.15586,11.29469],[125.15582,11.29462],[125.15579,11.29455],[125.15578,11.29449],[125.15576,11.29444],[125.15576,11.29439],[125.15575,11.29431],[125.15575,11.29421],[125.15575,11.29413],[125.15576,11.29404],[125.15577,11.29396],[125.15579,11.29385],[125.1558,11.29379],[125.15582,11.29372],[125.15583,11.29366],[125.15584,11.2936],[125.15585,11.29351],[125.15588,11.29334],[125.15589,11.2932],[125.1559,11.29307],[125.1559,11.29293],[125.1559,11.29267],[125.15591,11.29249],[125.15592,11.29226],[125.15594,11.29211],[125.15597,11.29192],[125.156,11.29178],[125.15601,11.29174],[125.15602,11.29169],[125.15602,11.29161],[125.15602,11.29152],[125.15602,11.29144],[125.15601,11.2913],[125.15599,11.2912],[125.15598,11.29117],[125.15595,11.29108],[125.15592,11.29101],[125.1559,11.29098],[125.15588,11.29094],[125.15583,11.2909],[125.15577,11.29085],[125.15571,11.29079],[125.15565,11.29074],[125.15557,11.29068],[125.15551,11.29063],[125.15539,11.29054],[125.15518,11.29038],[125.1551,11.2903],[125.15504,11.29026],[125.15494,11.2902],[125.15484,11.29014],[125.15466,11.29003],[125.15456,11.28997],[125.15452,11.28994],[125.15441,11.28985],[125.15434,11.28979],[125.15426,11.28973],[125.15418,11.28967],[125.15407,11.28959],[125.15395,11.28949],[125.1539,11.28943],[125.15384,11.28933],[125.1538,11.28926],[125.15376,11.28913],[125.15374,11.28907],[125.15372,11.28902],[125.15367,11.28892],[125.15361,11.28878],[125.15355,11.28868],[125.15348,11.28855],[125.15346,11.2885],[125.1534,11.28844],[125.1533,11.28831],[125.15312,11.28808],[125.15289,11.28778],[125.15275,11.28758],[125.15264,11.28742],[125.15257,11.2873],[125.15254,11.28726],[125.15249,11.28721],[125.15235,11.28706],[125.15224,11.28694],[125.15216,11.28686],[125.15208,11.2868],[125.15197,11.28672],[125.15191,11.28666],[125.15186,11.2866],[125.15174,11.28646],[125.15164,11.28631],[125.15156,11.2862],[125.1515,11.28611],[125.15143,11.28601],[125.15137,11.28591],[125.15134,11.28583],[125.15132,11.28574],[125.15131,11.28566],[125.15131,11.28557],[125.15133,11.28548],[125.15137,11.28532],[125.15143,11.28515],[125.15148,11.28499],[125.15151,11.28487],[125.15154,11.28472],[125.15158,11.28456],[125.15161,11.28435],[125.15163,11.28423],[125.15164,11.28408],[125.15165,11.28396],[125.15164,11.28383],[125.15162,11.28374],[125.1516,11.28362],[125.15156,11.28352],[125.15152,11.28342],[125.15148,11.28331],[125.15144,11.28321],[125.1514,11.28314],[125.15134,11.28305],[125.15129,11.28297],[125.15122,11.28286],[125.15113,11.28276],[125.15104,11.28265],[125.15098,11.28259],[125.15089,11.28252],[125.15082,11.28248],[125.1507,11.28243],[125.15061,11.2824],[125.1505,11.28237],[125.15037,11.28234],[125.1502,11.28231],[125.1501,11.2823],[125.14998,11.28229],[125.14985,11.28228],[125.14967,11.28227],[125.14948,11.28225],[125.14936,11.28224],[125.14921,11.28222],[125.14904,11.28218],[125.14883,11.28215],[125.14871,11.28213],[125.14864,11.2821],[125.14859,11.28207],[125.14848,11.282],[125.14839,11.28193],[125.14824,11.2818],[125.14814,11.28169],[125.14812,11.28167],[125.14807,11.28172],[125.14822,11.28186]]]}},{"type":"Feature","properties":{"class":"municipal","barangay":"Pelit"},"geometry":{"type":"Polygon","coordinates":[[[125.15623,11.29539],[125.15625,11.2955],[125.15627,11.2956],[125.15637,11.29589],[125.15647,11.29618],[125.15661,11.29657],[125.1567,11.29693],[125.15677,11.29722],[125.15686,11.29757],[125.15687,11.29768],[125.15687,11.29774],[125.15685,11.29781],[125.15679,11.29808],[125.1567,11.2985],[125.15666,11.29867],[125.15663,11.29877],[125.15662,11.29885],[125.15662,11.29899],[125.15662,11.29922],[125.15664,11.29957],[125.15663,11.29972],[125.15665,11.29985],[125.15667,11.29991],[125.15672,11.30002],[125.15678,11.30011],[125.15687,11.30022],[125.15698,11.30033],[125.15712,11.30046],[125.15733,11.30065],[125.15752,11.30087],[125.15766,11.30107],[125.1578,11.30129],[125.15791,11.3015],[125.15806,11.30179],[125.15813,11.30192],[125.15817,11.30201],[125.15821,11.30208],[125.15826,11.30216],[125.15836,11.3023],[125.15844,11.30243],[125.15855,11.30262],[125.1586,11.30274],[125.15862,11.30281],[125.15863,11.3029],[125.15864,11.30295],[125.15864,11.303],[125.15865,11.30311],[125.1587,11.30331],[125.15872,11.30336],[125.15874,11.30339],[125.15879,11.30348],[125.15886,11.30356],[125.15895,11.30365],[125.15898,11.30369],[125.15905,11.30374],[125.15916,11.30382],[125.15936,11.30397],[125.15951,11.30407],[125.15957,11.30411],[125.15961,11.30413],[125.15965,11.30415],[125.15972,11.30417],[125.15987,11.30421],[125.15993,11.30424],[125.15999,11.30428],[125.16004,11.30432],[125.16009,11.30436],[125.16017,11.30446],[125.16021,11.30453],[125.16025,11.3046],[125.16028,11.30469],[125.16029,11.30472],[125.16029,11.30475],[125.16029,11.30483],[125.16029,11.30485],[125.16028,11.3049],[125.16021,11.30513],[125.16017,11.30529],[125.16013,11.30542],[125.16006,11.30564],[125.16002,11.30581],[125.16001,11.30585],[125.16006,11.30583],[125.16006,11.30581],[125.16009,11.3057],[125.16016,11.30553],[125.16025,11.30522],[125.16032,11.30495],[125.16035,11.30485],[125.16034,11.30472],[125.16032,11.30465],[125.16028,11.30455],[125.16021,11.30444],[125.16014,11.30435],[125.16005,11.30426],[125.15999,11.30421],[125.15994,11.30418],[125.15986,11.30415],[125.15975,11.30413],[125.15962,11.30408],[125.15951,11.30401],[125.15934,11.30388],[125.15913,11.30373],[125.15901,11.30363],[125.15888,11.30349],[125.1588,11.30338],[125.15877,11.30333],[125.15873,11.30323],[125.15872,11.30316],[125.15871,11.30307],[125.1587,11.30288],[125.15869,11.3028],[125.15866,11.30271],[125.1586,11.30261],[125.1585,11.30245],[125.15835,11.3022],[125.15826,11.30207],[125.15814,11.30183],[125.15798,11.30153],[125.15793,11.30142],[125.15785,11.30129],[125.15776,11.30114],[125.15771,11.30106],[125.15762,11.30093],[125.15752,11.3008],[125.15744,11.3007],[125.15734,11.3006],[125.15724,11.30051],[125.15709,11.30037],[125.157,11.30028],[125.15688,11.30014],[125.15679,11.30002],[125.15674,11.29996],[125.15671,11.2999],[125.15669,11.29983],[125.15668,11.29975],[125.15668,11.29957],[125.15667,11.29934],[125.15666,11.29913],[125.15666,11.29894],[125.15666,11.29888],[125.15668,11.29882],[125.1567,11.2987],[125.15673,11.29854],[125.15678,11.29833],[125.15684,11.29812],[125.15689,11.29786],[125.15691,11.29773],[125.15691,11.29768],[125.15691,11.29765],[125.1569,11.29757],[125.15686,11.29739],[125.15679,11.29713],[125.15676,11.297],[125.15673,11.29686],[125.15667,11.29662],[125.15662,11.29644],[125.15656,11.29625],[125.15643,11.29592],[125.1564,11.29583],[125.15634,11.2957],[125.15631,11.29556],[125.15628,11.29538],[125.15623,11.29539]]]}},{"type":"Feature","properties":{"class":"municipal","barangay":"Lo-og"},"geometry":{"type":"Polygon","coordinates":[[[125.16001,11.30585],[125.15996,11.30599],[125.15993,11.30605],[125.15991,11.30611],[125.15989,11.3062],[125.15988,11.30627],[125.15987,11.30638],[125.15986,11.30654],[125.15986,11.30677],[125.15985,11.3069],[125.15983,11.30718],[125.15983,11.30745],[125.15982,11.30761],[125.15979,11.30788],[125.15976,11.30797],[125.15975,11.30802],[125.15971,11.30822],[125.15968,11.3084],[125.15962,11.3087],[125.15954,11.30908],[125.1595,11.30928],[125.15944,11.30952],[125.15937,11.30974],[125.15934,11.30985],[125.15929,11.31004],[125.15927,11.31022],[125.15923,11.31042],[125.15922,11.3105],[125.1592,11.31069],[125.15918,11.31088],[125.15916,11.31101],[125.15916,11.31104],[125.15911,11.31121],[125.15907,11.31132],[125.15905,11.31138],[125.15903,11.31144],[125.15898,11.3115],[125.15891,11.31157],[125.15886,11.3116],[125.15875,11.31164],[125.15845,11.31173],[125.15836,11.31173],[125.15818,11.31172],[125.15791,11.31166],[125.15765,11.31158],[125.15761,11.31156],[125.15758,11.31155],[125.15747,11.31152],[125.15733,11.31146],[125.15721,11.31142],[125.1571,11.31139],[125.15663,11.31122],[125.15658,11.3112],[125.15653,11.31119],[125.1564,11.31114],[125.15632,11.3111],[125.15627,11.31106],[125.15615,11.31096],[125.1561,11.31093],[125.15603,11.31087],[125.15597,11.31086],[125.15589,11.31086],[125.15581,11.31087],[125.15574,11.31089],[125.1557,11.31092],[125.15565,11.31096],[125.15561,11.31103],[125.15557,11.3111],[125.15553,11.3112],[125.15549,11.31132],[125.15542,11.31157],[125.15537,11.31183],[125.15532,11.31196],[125.15529,11.31204],[125.15523,11.3121],[125.15513,11.31216],[125.15497,11.31225],[125.15486,11.31234],[125.15479,11.3124],[125.1547,11.31253],[125.15465,11.31259],[125.15457,11.31271],[125.15444,11.31288],[125.15432,11.31301],[125.15421,11.31315],[125.15412,11.31329],[125.15398,11.31358],[125.15387,11.31384],[125.1538,11.31406],[125.1537,11.31434],[125.15365,11.31446],[125.1536,11.31455],[125.15355,11.31462],[125.15347,11.31468],[125.15324,11.31485],[125.15312,11.31494],[125.153,11.31505],[125.15293,11.31513],[125.15287,11.31522],[125.15284,11.31529],[125.15279,11.31541],[125.15274,11.3156],[125.15266,11.31588],[125.15262,11.31607],[125.15259,11.31624],[125.15258,11.31637],[125.15259,11.31666],[125.15261,11.31711],[125.15264,11.31752],[125.15269,11.31822],[125.15272,11.31855],[125.15272,11.31864],[125.15271,11.31888],[125.15269,11.31908],[125.15267,11.3194],[125.15263,11.32003],[125.1526,11.32057],[125.1526,11.32067],[125.15263,11.32118],[125.1527,11.32179],[125.15278,11.32229],[125.15285,11.3227],[125.15292,11.32314],[125.15297,11.32343],[125.15307,11.32373],[125.15313,11.32393],[125.15319,11.32418],[125.15321,11.32437],[125.1532,11.32482],[125.15319,11.32535],[125.15316,11.32565],[125.15316,11.32573],[125.15318,11.32595],[125.15323,11.32634],[125.15326,11.32653],[125.15327,11.32666],[125.15328,11.32681],[125.15327,11.32696],[125.15323,11.32714],[125.15321,11.3272],[125.15321,11.32723],[125.1532,11.32724],[125.15323,11.32724],[125.15327,11.32725],[125.15329,11.32716],[125.15333,11.32701],[125.15335,11.32687],[125.15335,11.32674],[125.15335,11.3266],[125.15333,11.32643],[125.1533,11.32622],[125.15326,11.32598],[125.15325,11.32587],[125.15324,11.32579],[125.15323,11.32569],[125.15324,11.32559],[125.15325,11.32547],[125.15326,11.32527],[125.15327,11.32507],[125.15328,11.32461],[125.15328,11.32436],[125.15326,11.3242],[125.1532,11.32392],[125.15314,11.32372],[125.15306,11.32343],[125.15303,11.32327],[125.15295,11.3227],[125.15284,11.32215],[125.15272,11.32137],[125.15269,11.32115],[125.15267,11.32062],[125.15267,11.32052],[125.15268,11.32009],[125.15272,11.31946],[125.15277,11.31884],[125.15278,11.31854],[125.15277,11.31842],[125.15275,11.31822],[125.1527,11.31763],[125.15267,11.31721],[125.15264,11.31667],[125.15264,11.31636],[125.15264,11.31628],[125.15266,11.31617],[125.15271,11.31595],[125.15278,11.31563],[125.15283,11.31545],[125.15288,11.31532],[125.15293,11.31521],[125.15303,11.31508],[125.15318,11.31496],[125.15332,11.31486],[125.15349,11.31474],[125.15358,11.31467],[125.15362,11.31462],[125.15366,11.31456],[125.15371,11.31447],[125.15376,11.31433],[125.15382,11.31418],[125.15387,11.314],[125.15395,11.31382],[125.15399,11.31369],[125.15404,11.31357],[125.1541,11.31344],[125.15416,11.31332],[125.15424,11.31319],[125.1543,11.31312],[125.15439,11.31301],[125.15449,11.31291],[125.15458,11.3128],[125.15468,11.31267],[125.15479,11.31251],[125.15488,11.31241],[125.15496,11.31233],[125.15508,11.31225],[125.15523,11.31217],[125.15529,11.31212],[125.15533,11.31208],[125.15536,11.31202],[125.15542,11.31185],[125.15546,11.31167],[125.15552,11.31141],[125.15555,11.31128],[125.15562,11.31112],[125.15565,11.31106],[125.15569,11.31098],[125.15576,11.31093],[125.15583,11.31091],[125.15589,11.31089],[125.15597,11.3109],[125.15603,11.31092],[125.15613,11.311],[125.15618,11.31106],[125.15625,11.31111],[125.15632,11.31116],[125.15639,11.31119],[125.15662,11.31127],[125.15703,11.31141],[125.15742,11.31154],[125.15748,11.31157],[125.15779,11.31166],[125.158,11.31172],[125.15819,11.31175],[125.15832,11.31177],[125.15839,11.31177],[125.15847,11.31175],[125.15859,11.31173],[125.15871,11.31169],[125.15885,11.31165],[125.15894,11.31161],[125.15899,11.31157],[125.15904,11.3115],[125.15908,11.31144],[125.15911,11.3114],[125.15913,11.31135],[125.15915,11.31124],[125.15918,11.31113],[125.1592,11.31105],[125.15921,11.31102],[125.15923,11.31082],[125.15924,11.31071],[125.15925,11.31058],[125.15926,11.31046],[125.1593,11.31026],[125.15932,11.31013],[125.15934,11.31002],[125.15937,11.30988],[125.1594,11.30979],[125.15945,11.30964],[125.15947,11.30957],[125.1595,11.30948],[125.15954,11.30933],[125.15959,11.30912],[125.15961,11.30899],[125.15966,11.30868],[125.15972,11.30849],[125.15975,11.30825],[125.1598,11.30801],[125.15982,11.30791],[125.15985,11.30776],[125.15987,11.30751],[125.15987,11.30739],[125.15987,11.30721],[125.15989,11.30697],[125.1599,11.30674],[125.15991,11.30649],[125.15991,11.30636],[125.15993,11.30621],[125.15996,11.3061],[125.15999,11.30601],[125.16002,11.30594],[125.16006,11.30583],[125.16001,11.30585]]]}},{"type":"Feature","properties":{"class":"municipal","barangay":"Guirang"},"geometry":{"type":"Polygon","coordinates":[[[125.1532,11.32724],[125.15317,11.32734],[125.15315,11.32746],[125.15313,11.3276],[125.15312,11.3277],[125.15313,11.32781],[125.15317,11.328],[125.15321,11.32816],[125.15325,11.32837],[125.15328,11.32851],[125.1533,11.32875],[125.15331,11.32888],[125.1533,11.32896],[125.15329,11.32907],[125.15328,11.3292],[125.15328,11.32934],[125.15331,11.32951],[125.15334,11.32965],[125.1534,11.32984],[125.15347,11.33005],[125.1535,11.33013],[125.15353,11.33029],[125.15358,11.3305],[125.15363,11.33066],[125.15366,11.3308],[125.15371,11.33096],[125.15372,11.33106],[125.15372,11.33112],[125.15371,11.33118],[125.15369,11.33127],[125.15368,11.33134],[125.15369,11.33144],[125.1537,11.33152],[125.15372,11.33163],[125.15375,11.33176],[125.15375,11.33179],[125.15373,11.33185],[125.15371,11.33199],[125.15367,11.33217],[125.15365,11.33226],[125.15361,11.3324],[125.15359,11.3325],[125.15357,11.33258],[125.15357,11.33268],[125.15358,11.33278],[125.15358,11.33282],[125.15361,11.3329],[125.15365,11.33297],[125.15373,11.33309],[125.15379,11.33317],[125.15387,11.33324],[125.154,11.33334],[125.15408,11.33342],[125.15414,11.3335],[125.15417,11.33358],[125.1542,11.33376],[125.15421,11.33384],[125.15423,11.33396],[125.15422,11.33404],[125.15422,11.33412],[125.15423,11.33424],[125.15424,11.33445],[125.15426,11.33462],[125.15427,11.33474],[125.15428,11.33479],[125.15431,11.33482],[125.15436,11.33484],[125.15441,11.33487],[125.15447,11.33488],[125.15457,11.33492],[125.15464,11.33495],[125.15471,11.335],[125.15479,11.33507],[125.15486,11.33514],[125.15495,11.33526],[125.15503,11.33536],[125.1551,11.33543],[125.15518,11.33551],[125.15527,11.3356],[125.15531,11.33565],[125.15534,11.33571],[125.15538,11.33588],[125.15542,11.33605],[125.15543,11.33616],[125.15546,11.33636],[125.15548,11.33656],[125.15549,11.33669],[125.15549,11.33687],[125.1555,11.33699],[125.1555,11.33704],[125.15551,11.33712],[125.15552,11.33721],[125.15552,11.33726],[125.15551,11.33731],[125.1555,11.33736],[125.15547,11.3374],[125.15543,11.33747],[125.15538,11.33757],[125.1553,11.33773],[125.15527,11.33778],[125.15518,11.33792],[125.15508,11.33808],[125.15499,11.3382],[125.15495,11.33825],[125.15496,11.33825],[125.155,11.33829],[125.1551,11.33837],[125.1553,11.33856],[125.15539,11.33867],[125.15551,11.33881],[125.15565,11.33898],[125.15576,11.3391],[125.15586,11.33921],[125.15593,11.33927],[125.15601,11.33932],[125.15608,11.33937],[125.15615,11.3394],[125.15622,11.33942],[125.15631,11.33944],[125.15643,11.33947],[125.15659,11.33952],[125.15671,11.33955],[125.15694,11.33964],[125.15713,11.33972],[125.1574,11.33983],[125.15762,11.33992],[125.15771,11.33996],[125.1578,11.33999],[125.15785,11.34002],[125.15792,11.34008],[125.15805,11.34018],[125.15813,11.34023],[125.15816,11.34026],[125.15817,11.34029],[125.15821,11.34037],[125.15823,11.3404],[125.15827,11.34044],[125.15833,11.34052],[125.15836,11.34057],[125.1584,11.34065],[125.15847,11.34076],[125.15861,11.34096],[125.15865,11.34103],[125.15869,11.34108],[125.15871,11.3411],[125.15873,11.34112],[125.15879,11.34115],[125.15885,11.34117],[125.15895,11.34122],[125.15905,11.34127],[125.15912,11.34132],[125.15921,11.34137],[125.15928,11.34142],[125.15931,11.34144],[125.15937,11.34154],[125.15941,11.34159],[125.15949,11.34167],[125.15954,11.3417],[125.15962,11.34174],[125.15968,11.34176],[125.15973,11.34176],[125.15982,11.34176],[125.15995,11.34176],[125.16006,11.34176],[125.16008,11.34176],[125.16009,11.34178],[125.1601,11.34181],[125.1601,11.34184],[125.1601,11.34188],[125.16009,11.34198],[125.16008,11.34201],[125.16006,11.34208],[125.16004,11.34216],[125.16,11.34225],[125.15997,11.34231],[125.16006,11.34228],[125.16006,11.34227],[125.16006,11.34222],[125.16011,11.34209],[125.16014,11.34188],[125.16014,11.34177],[125.16013,11.34173],[125.1601,11.34172],[125.16,11.34172],[125.1599,11.34173],[125.15981,11.34173],[125.15974,11.34173],[125.15969,11.34172],[125.15963,11.3417],[125.15953,11.34164],[125.15947,11.34157],[125.15943,11.34152],[125.15936,11.34143],[125.15932,11.34139],[125.15921,11.3413],[125.15908,11.34123],[125.15897,11.34117],[125.15884,11.34112],[125.15878,11.34108],[125.15874,11.34105],[125.15871,11.34102],[125.15865,11.34092],[125.15858,11.34082],[125.15851,11.34073],[125.15846,11.34064],[125.15844,11.34059],[125.1584,11.34055],[125.1583,11.34042],[125.15828,11.34039],[125.15825,11.34036],[125.15824,11.34033],[125.15823,11.34029],[125.15821,11.34026],[125.15818,11.34023],[125.15812,11.34017],[125.158,11.34009],[125.1579,11.34],[125.15784,11.33996],[125.1577,11.3399],[125.15751,11.33983],[125.15719,11.33969],[125.157,11.33961],[125.15677,11.33952],[125.15656,11.33947],[125.1564,11.33942],[125.15629,11.3394],[125.15623,11.33938],[125.15616,11.33936],[125.15611,11.33932],[125.15602,11.33926],[125.15592,11.3392],[125.15575,11.33899],[125.15556,11.33879],[125.15547,11.33869],[125.15536,11.33856],[125.15523,11.33842],[125.15512,11.33832],[125.15502,11.33825],[125.15504,11.33821],[125.15516,11.33804],[125.15535,11.33775],[125.15547,11.3375],[125.15553,11.3374],[125.15555,11.33736],[125.15555,11.33733],[125.15556,11.33722],[125.15555,11.33716],[125.15553,11.33704],[125.15552,11.33683],[125.15551,11.33656],[125.15545,11.33605],[125.15539,11.3358],[125.15536,11.33568],[125.15533,11.33561],[125.15528,11.33556],[125.15526,11.33552],[125.15517,11.33545],[125.15508,11.33536],[125.15501,11.33528],[125.15491,11.33514],[125.15484,11.33506],[125.15478,11.33501],[125.15471,11.33496],[125.15465,11.33492],[125.15456,11.33488],[125.15443,11.33483],[125.15435,11.33479],[125.15432,11.33477],[125.1543,11.33474],[125.1543,11.33469],[125.15428,11.33453],[125.15427,11.33419],[125.15427,11.33412],[125.15428,11.33407],[125.15428,11.33398],[125.15426,11.33384],[125.15425,11.33377],[125.15422,11.33362],[125.15419,11.3335],[125.15415,11.33343],[125.15412,11.3334],[125.15404,11.33332],[125.15392,11.33322],[125.15383,11.33314],[125.15376,11.33305],[125.15366,11.33291],[125.15362,11.33282],[125.15361,11.33273],[125.15361,11.33264],[125.15362,11.33256],[125.15364,11.33244],[125.15369,11.33229],[125.15371,11.33217],[125.15376,11.33191],[125.15378,11.33183],[125.15379,11.33178],[125.15378,11.33172],[125.15378,11.33166],[125.15375,11.33158],[125.15373,11.33149],[125.15372,11.33141],[125.15372,11.33137],[125.15373,11.33128],[125.15376,11.33117],[125.15376,11.33108],[125.15376,11.33102],[125.15373,11.33091],[125.15365,11.33059],[125.15354,11.33013],[125.15348,11.32997],[125.15344,11.32985],[125.1534,11.32972],[125.15335,11.32954],[125.15333,11.32935],[125.15333,11.32923],[125.15333,11.3291],[125.15334,11.32901],[125.15335,11.32893],[125.15335,11.32883],[125.15333,11.32862],[125.15331,11.32845],[125.15328,11.32828],[125.15322,11.32806],[125.15319,11.32792],[125.15317,11.32776],[125.15317,11.32763],[125.15319,11.32751],[125.15322,11.32741],[125.15327,11.32725],[125.15323,11.32724],[125.1532,11.32724]]]}},{"type":"Feature","properties":{"class":"barangay","barangay":"Lo-og"},"geometry":{"type":"Polygon","coordinates":[[[125.15607,11.31088],[125.15604,11.31082],[125.15598,11.31074],[125.15593,11.31069],[125.1559,11.31065],[125.15586,11.31063],[125.1558,11.3106],[125.15565,11.31057],[125.15546,11.31053],[125.15543,11.31051],[125.15543,11.3105],[125.15543,11.31046],[125.15545,11.3103],[125.15546,11.31012],[125.15547,11.30994],[125.15547,11.3098],[125.15546,11.30973],[125.15545,11.30965],[125.15545,11.30953],[125.15544,11.30951],[125.15541,11.30951],[125.15541,11.30952],[125.15542,11.30967],[125.15544,11.3098],[125.15544,11.30993],[125.15542,11.31013],[125.15541,11.31039],[125.1554,11.31046],[125.15539,11.31051],[125.15538,11.31053],[125.15541,11.31054],[125.15543,11.31054],[125.15553,11.31057],[125.15572,11.31061],[125.1558,11.31063],[125.15585,11.31065],[125.15588,11.31068],[125.15591,11.31071],[125.15597,11.31078],[125.15602,11.31084],[125.15603,11.31087],[125.1561,11.31093],[125.15607,11.31088]]]}},{"type":"Feature","properties":{"class":"barangay","barangay":"Lo-og"},"geometry":{"type":"Polygon","coordinates":[[[125.15545,11.30953],[125.15556,11.30953],[125.15572,11.30953],[125.15585,11.30953],[125.15587,11.30953],[125.15592,11.30955],[125.15601,11.30959],[125.1562,11.30968],[125.15637,11.30976],[125.15648,11.30982],[125.15674,11.30995],[125.15686,11.31001],[125.15708,11.31011],[125.1572,11.31017],[125.15736,11.31024],[125.15755,11.31033],[125.15766,11.31039],[125.1578,11.31047],[125.15786,11.31051],[125.15788,11.31052],[125.15801,11.31061],[125.15806,11.31063],[125.15811,11.31066],[125.15817,11.31069],[125.15823,11.31072],[125.15837,11.31078],[125.15845,11.31082],[125.15857,11.31086],[125.15869,11.3109],[125.15886,11.31096],[125.15902,11.311],[125.15914,11.31103],[125.15916,11.31104],[125.15916,11.31101],[125.15907,11.31099],[125.15896,11.31096],[125.15887,11.31094],[125.1587,11.31089],[125.15855,11.31083],[125.15844,11.31079],[125.15828,11.31072],[125.15814,11.31066],[125.158,11.31058],[125.15789,11.31051],[125.15789,11.3105],[125.15787,11.31049],[125.15777,11.31043],[125.1577,11.31039],[125.15763,11.31035],[125.15751,11.31028],[125.15735,11.3102],[125.15725,11.31015],[125.15702,11.31005],[125.15689,11.30999],[125.15669,11.30989],[125.15652,11.3098],[125.15639,11.30974],[125.15626,11.30967],[125.15613,11.30961],[125.15602,11.30956],[125.15595,11.30952],[125.15589,11.30951],[125.15584,11.3095],[125.1557,11.3095],[125.15551,11.3095],[125.15544,11.30951],[125.15545,11.30953]]]}},{"type":"Feature","properties":{"class":"barangay","barangay":"Lo-og"},"geometry":{"type":"Polygon","coordinates":[[[125.15907,11.31132],[125.15887,11.31125],[125.15844,11.31106],[125.15816,11.31096],[125.15777,11.31079],[125.15773,11.31078],[125.15758,11.31074],[125.15734,11.31067],[125.15718,11.31063],[125.15709,11.31061],[125.15705,11.3106],[125.15694,11.3106],[125.15689,11.31061],[125.15683,11.31063],[125.15676,11.31067],[125.15671,11.31072],[125.15668,11.31079],[125.15662,11.31095],[125.15656,11.31112],[125.15654,11.31119],[125.15658,11.3112],[125.15664,11.31099],[125.1567,11.31081],[125.15671,11.31077],[125.15673,11.31074],[125.15678,11.3107],[125.15682,11.31067],[125.15687,11.31064],[125.1569,11.31063],[125.15696,11.31063],[125.15706,11.31064],[125.15711,11.31064],[125.15727,11.31068],[125.15752,11.31075],[125.15772,11.31081],[125.15786,11.31086],[125.15801,11.31092],[125.15819,11.31099],[125.15852,11.31113],[125.15864,11.31118],[125.15876,11.31124],[125.15892,11.31131],[125.159,11.31135],[125.15905,11.31138],[125.15907,11.31132]]]}},{"type":"Feature","properties":{"class":"barangay","barangay":"Lo-og"},"geometry":{"type":"Polygon","coordinates":[[[125.15709,11.31057],[125.15709,11.31053],[125.15711,11.31049],[125.15712,11.31042],[125.15717,11.31027],[125.1572,11.31017],[125.15718,11.31016],[125.15716,11.31022],[125.15713,11.3103],[125.15712,11.31037],[125.15711,11.31041],[125.1571,11.31046],[125.15709,11.31049],[125.15708,11.31052],[125.15708,11.31053],[125.15707,11.31058],[125.15707,11.31061],[125.15709,11.31061],[125.15709,11.31057]]]}},{"type":"Feature","properties":{"class":"barangay","barangay":"Lo-og"},"geometry":{"type":"Polygon","coordinates":[[[125.15782,11.31059],[125.15778,11.31067],[125.15773,11.31078],[125.15777,11.31079],[125.15776,11.31078],[125.1578,11.3107],[125.15785,11.31058],[125.15788,11.31052],[125.15786,11.31051],[125.15782,11.31059]]]}},{"type":"Feature","properties":{"class":"barangay","barangay":"Lo-og"},"geometry":{"type":"Polygon","coordinates":[[[125.15969,11.30798],[125.15955,11.30797],[125.15935,11.30797],[125.1592,11.30797],[125.15918,11.30797],[125.15914,11.30799],[125.15911,11.308],[125.15908,11.30803],[125.15903,11.30806],[125.15899,11.30811],[125.15892,11.30817],[125.15883,11.30826],[125.15878,11.30829],[125.15877,11.3083],[125.15873,11.30833],[125.15869,11.30835],[125.15857,11.30841],[125.15843,11.30851],[125.15842,11.30852],[125.15841,11.30854],[125.15841,11.30855],[125.15841,11.30856],[125.15842,11.30863],[125.15843,11.30876],[125.15846,11.309],[125.15846,11.30912],[125.15846,11.30917],[125.15846,11.3092],[125.15841,11.3093],[125.15832,11.30949],[125.15823,11.30968],[125.15818,11.3098],[125.1581,11.30995],[125.15802,11.31012],[125.15798,11.31024],[125.158,11.31025],[125.15803,11.31016],[125.15806,11.31009],[125.15811,11.30999],[125.15815,11.3099],[125.1582,11.3098],[125.15825,11.30969],[125.15831,11.30958],[125.15837,11.30945],[125.15841,11.30938],[125.15843,11.30932],[125.15846,11.30925],[125.15848,11.3092],[125.15848,11.30918],[125.15848,11.30916],[125.15849,11.30912],[125.15848,11.30905],[125.15848,11.30898],[125.15847,11.30892],[125.15846,11.30882],[125.15846,11.30876],[125.15845,11.30869],[125.15844,11.30864],[125.15844,11.30859],[125.15843,11.30857],[125.15843,11.30855],[125.15844,11.30854],[125.15845,11.30852],[125.15848,11.3085],[125.15852,11.30847],[125.15856,11.30845],[125.15861,11.30842],[125.15867,11.30838],[125.15873,11.30835],[125.15876,11.30834],[125.15879,11.30832],[125.15881,11.3083],[125.15885,11.30827],[125.1589,11.30822],[125.15897,11.30816],[125.15905,11.3081],[125.15911,11.30805],[125.15915,11.30802],[125.15918,11.30801],[125.15922,11.308],[125.15927,11.308],[125.15942,11.308],[125.15955,11.308],[125.15967,11.30801],[125.15975,11.30802],[125.15976,11.30797],[125.15969,11.30798]]]}},{"type":"Feature","properties":{"class":"barangay","barangay":"Lo-og"},"geometry":{"type":"Polygon","coordinates":[[[125.15917,11.31139],[125.15939,11.31143],[125.15968,11.31149],[125.15984,11.31155],[125.15988,11.31156],[125.1599,11.31157],[125.16004,11.31162],[125.16023,11.31166],[125.16032,11.31168],[125.16037,11.3117],[125.16055,11.31182],[125.16075,11.31196],[125.16083,11.31202],[125.16086,11.31206],[125.1609,11.31214],[125.16093,11.31229],[125.16097,11.31241],[125.16101,11.31254],[125.16104,11.31263],[125.16109,11.31275],[125.16112,11.31282],[125.16124,11.31298],[125.16133,11.31307],[125.16139,11.31311],[125.16144,11.31314],[125.16152,11.31321],[125.16157,11.31325],[125.16166,11.31328],[125.16177,11.31332],[125.16191,11.31335],[125.16199,11.31337],[125.16214,11.31339],[125.16266,11.31352],[125.16289,11.31356],[125.16327,11.31356],[125.16368,11.31357],[125.16403,11.31361],[125.16431,11.31362],[125.16457,11.31364],[125.16464,11.31366],[125.16477,11.31372],[125.16492,11.31377],[125.1652,11.31385],[125.16539,11.31388],[125.16559,11.31393],[125.16568,11.31395],[125.16575,11.31396],[125.16582,11.31396],[125.16585,11.31394],[125.16589,11.31391],[125.16592,11.31387],[125.16595,11.31385],[125.16597,11.31383],[125.16601,11.31382],[125.16606,11.31381],[125.16612,11.31382],[125.16617,11.31383],[125.16647,11.31393],[125.16659,11.31396],[125.16671,11.31398],[125.16691,11.31399],[125.16705,11.314],[125.16711,11.31401],[125.16718,11.31403],[125.16726,11.31405],[125.16732,11.31407],[125.16751,11.31414],[125.16756,11.31415],[125.16766,11.31416],[125.16775,11.31417],[125.16797,11.31422],[125.16809,11.31425],[125.16815,11.31426],[125.16821,11.31426],[125.16825,11.31426],[125.16831,11.31423],[125.16841,11.31419],[125.16894,11.31385],[125.1691,11.31377],[125.1692,11.31371],[125.16928,11.31366],[125.16936,11.31361],[125.16934,11.31358],[125.16927,11.31361],[125.16919,11.31368],[125.16908,11.31374],[125.1689,11.31382],[125.16881,11.31388],[125.16859,11.31402],[125.1685,11.31408],[125.16842,11.31414],[125.16837,11.31417],[125.16831,11.3142],[125.16824,11.31422],[125.1682,11.31423],[125.16816,11.31423],[125.16809,11.31422],[125.16799,11.3142],[125.16776,11.31414],[125.16766,11.31412],[125.16759,11.31412],[125.16755,11.31411],[125.16738,11.31406],[125.16718,11.31401],[125.16716,11.314],[125.1671,11.31399],[125.16705,11.31398],[125.16699,11.31397],[125.16694,11.31397],[125.16675,11.31395],[125.16664,11.31394],[125.16656,11.31392],[125.1664,11.31387],[125.16627,11.31382],[125.16618,11.3138],[125.1661,11.31378],[125.16602,11.31378],[125.16599,11.31378],[125.16594,11.3138],[125.16591,11.31382],[125.16588,11.31385],[125.16585,11.31388],[125.16583,11.3139],[125.16581,11.31391],[125.16578,11.31392],[125.16577,11.31393],[125.16573,11.31393],[125.16566,11.31391],[125.16553,11.31387],[125.16543,11.31385],[125.16536,11.31383],[125.1653,11.31383],[125.16524,11.31382],[125.16509,11.31378],[125.16488,11.31373],[125.16479,11.31369],[125.16473,11.31366],[125.16466,11.31362],[125.1646,11.31361],[125.16453,11.3136],[125.16446,11.31359],[125.16427,11.31358],[125.164,11.31355],[125.1637,11.3135],[125.16348,11.3135],[125.16328,11.3135],[125.16305,11.3135],[125.16288,11.3135],[125.16277,11.3135],[125.16268,11.31347],[125.16251,11.31344],[125.16238,11.31341],[125.16224,11.31338],[125.16212,11.31335],[125.16196,11.31333],[125.16187,11.31331],[125.1618,11.31329],[125.16173,11.31327],[125.16165,11.31324],[125.16159,11.3132],[125.16154,11.31317],[125.1615,11.31313],[125.16147,11.31311],[125.16145,11.31309],[125.16141,11.31307],[125.16137,11.31305],[125.16133,11.31302],[125.16128,11.31297],[125.16115,11.31276],[125.16111,11.31269],[125.16106,11.31256],[125.161,11.31238],[125.16097,11.31228],[125.16095,11.31219],[125.16093,11.31215],[125.16091,11.31208],[125.1609,11.31205],[125.16088,11.31203],[125.16085,11.31199],[125.16082,11.31196],[125.16078,11.31193],[125.16073,11.3119],[125.16058,11.31178],[125.16049,11.31172],[125.16041,11.31169],[125.16039,11.31168],[125.16035,11.31166],[125.16031,11.31165],[125.16013,11.31161],[125.16003,11.31158],[125.15993,11.31155],[125.1599,11.31155],[125.15986,11.31153],[125.15968,11.31147],[125.15957,11.31144],[125.15946,11.31142],[125.15931,11.31139],[125.1592,11.31137],[125.15914,11.31136],[125.15913,11.31135],[125.15911,11.3114],[125.15917,11.31139]]]}},{"type":"Feature","properties":{"class":"barangay","barangay":"Lo-og"},"geometry":{"type":"Polygon","coordinates":[[[125.1593,11.31106],[125.15954,11.31103],[125.15983,11.31101],[125.15998,11.311],[125.16001,11.311],[125.16011,11.31099],[125.16032,11.31098],[125.16036,11.31098],[125.16039,11.311],[125.1604,11.31115],[125.16041,11.31128],[125.16041,11.31141],[125.16042,11.31146],[125.1604,11.31154],[125.16035,11.31166],[125.16039,11.31168],[125.16041,11.3116],[125.16043,11.31154],[125.16044,11.31145],[125.16044,11.31137],[125.16043,11.31122],[125.16042,11.31112],[125.16042,11.31101],[125.16042,11.31098],[125.16041,11.31096],[125.16038,11.31096],[125.16023,11.31096],[125.15992,11.31098],[125.15967,11.311],[125.15944,11.31102],[125.15925,11.31102],[125.15921,11.31102],[125.1592,11.31105],[125.1593,11.31106]]]}},{"type":"Feature","properties":{"class":"barangay","barangay":"Lo-og"},"geometry":{"type":"Polygon","coordinates":[[[125.15997,11.31113],[125.15993,11.31127],[125.15991,11.31142],[125.1599,11.31155],[125.15993,11.31155],[125.15994,11.31152],[125.15995,11.31142],[125.15996,11.31129],[125.16,11.31114],[125.16004,11.311],[125.16001,11.311],[125.15997,11.31113]]]}},{"type":"Feature","properties":{"class":"barangay","barangay":"Pelit"},"geometry":{"type":"Polygon","coordinates":[[[125.15863,11.30292],[125.15859,11.30292],[125.15845,11.30291],[125.15819,11.3029],[125.15796,11.30291],[125.1576,11.30291],[125.15736,11.30291],[125.15716,11.30292],[125.1569,11.30292],[125.15676,11.30293],[125.1566,11.30293],[125.15655,11.30293],[125.1565,11.30291],[125.15645,11.3029],[125.15638,11.30287],[125.1563,11.30285],[125.1562,11.30284],[125.15595,11.30282],[125.15583,11.30282],[125.15578,11.3028],[125.15574,11.30278],[125.15567,11.30273],[125.15562,11.30272],[125.15557,11.30272],[125.15553,11.30272],[125.15542,11.30273],[125.15527,11.30274],[125.15523,11.30275],[125.15507,11.30277],[125.15498,11.30277],[125.15484,11.30276],[125.15476,11.30277],[125.15467,11.30277],[125.15465,11.30276],[125.15463,11.30273],[125.1546,11.30268],[125.15457,11.30263],[125.15454,11.30257],[125.15452,11.30254],[125.1545,11.30254],[125.15449,11.30256],[125.15451,11.3026],[125.15454,11.30265],[125.15459,11.30276],[125.15462,11.3028],[125.15466,11.3028],[125.1547,11.3028],[125.15475,11.3028],[125.15485,11.3028],[125.15503,11.30281],[125.15506,11.30281],[125.15512,11.3028],[125.15527,11.30278],[125.15542,11.30277],[125.15555,11.30275],[125.15561,11.30275],[125.15563,11.30276],[125.15569,11.3028],[125.15573,11.30283],[125.15578,11.30285],[125.1559,11.30286],[125.15612,11.30287],[125.15624,11.30287],[125.15634,11.3029],[125.15646,11.30294],[125.15653,11.30296],[125.15663,11.30297],[125.15718,11.30295],[125.15807,11.30293],[125.15864,11.30295],[125.15863,11.30292]]]}},{"type":"Feature","properties":{"class":"barangay","barangay":"Panugmonon"},"geometry":{"type":"Polygon","coordinates":[[[125.14949,11.30529],[125.1495,11.3051],[125.14953,11.30476],[125.14954,11.30472],[125.14951,11.30472],[125.1495,11.30483],[125.14949,11.30494],[125.14948,11.3051],[125.14947,11.30519],[125.14947,11.30529],[125.14946,11.30542],[125.14946,11.30551],[125.14946,11.30555],[125.14947,11.30556],[125.14949,11.30529]]]}},{"type":"Feature","properties":{"class":"barangay","barangay":"Panugmonon"},"geometry":{"type":"Polygon","coordinates":[[[125.1438,11.30227],[125.14384,11.30221],[125.14386,11.3022],[125.14389,11.30221],[125.14399,11.30227],[125.1442,11.30244],[125.14436,11.30255],[125.14455,11.30272],[125.1447,11.30286],[125.14472,11.30288],[125.14479,11.30294],[125.14492,11.30308],[125.14507,11.30321],[125.14523,11.30336],[125.14539,11.30351],[125.14556,11.30368],[125.14561,11.30373],[125.14569,11.3038],[125.14574,11.30384],[125.14584,11.30392],[125.14596,11.304],[125.14611,11.30409],[125.14622,11.30415],[125.14632,11.30419],[125.14645,11.30423],[125.14692,11.30438],[125.14722,11.30446],[125.14772,11.30453],[125.14822,11.30459],[125.14869,11.30464],[125.14915,11.30467],[125.14937,11.3047],[125.14951,11.30472],[125.14954,11.30472],[125.14972,11.30473],[125.14972,11.30471],[125.14963,11.3047],[125.14954,11.3047],[125.14949,11.30469],[125.14927,11.30465],[125.14908,11.30463],[125.1488,11.3046],[125.14848,11.30458],[125.14817,11.30454],[125.14782,11.30451],[125.14754,11.30448],[125.14734,11.30444],[125.14723,11.30443],[125.14705,11.30439],[125.14686,11.30434],[125.14657,11.30425],[125.14643,11.3042],[125.1463,11.30416],[125.14618,11.30411],[125.14598,11.30398],[125.14585,11.3039],[125.14568,11.30376],[125.1456,11.3037],[125.14559,11.30368],[125.14551,11.30359],[125.14536,11.30342],[125.14518,11.30325],[125.14507,11.30316],[125.14492,11.30303],[125.14476,11.30286],[125.14463,11.30275],[125.14453,11.30265],[125.14442,11.30255],[125.14426,11.30243],[125.1441,11.30232],[125.14398,11.30223],[125.14389,11.30219],[125.14386,11.30217],[125.14384,11.30218],[125.14382,11.3022],[125.14378,11.30225],[125.14375,11.30229],[125.14375,11.30229],[125.14375,11.30229],[125.14377,11.30231],[125.1438,11.30227]]]}},{"type":"Feature","properties":{"class":"barangay","barangay":"Panugmonon"},"geometry":{"type":"Polygon","coordinates":[[[125.1446,11.30296],[125.14452,11.30304],[125.14441,11.30315],[125.14443,11.30319],[125.1445,11.30311],[125.14456,11.30306],[125.14463,11.30297],[125.14468,11.30293],[125.14472,11.30288],[125.1447,11.30286],[125.1446,11.30296]]]}},{"type":"Feature","properties":{"class":"barangay","barangay":"Panugmonon"},"geometry":{"type":"Polygon","coordinates":[[[125.14565,11.30363],[125.14574,11.3035],[125.14581,11.3034],[125.14592,11.30325],[125.14595,11.30321],[125.14597,11.30319],[125.14596,11.30317],[125.14587,11.3031],[125.14581,11.30307],[125.14576,11.30303],[125.14571,11.30296],[125.14567,11.30293],[125.14561,11.30289],[125.14549,11.30279],[125.14532,11.3026],[125.1452,11.30247],[125.14511,11.30238],[125.14508,11.3023],[125.14505,11.30224],[125.14497,11.30213],[125.14488,11.30204],[125.14479,11.30196],[125.14466,11.30187],[125.14452,11.30178],[125.14446,11.30174],[125.14437,11.30169],[125.1442,11.30165],[125.14408,11.30162],[125.14408,11.30164],[125.14422,11.30168],[125.14436,11.30172],[125.14449,11.30179],[125.14459,11.30185],[125.14473,11.30195],[125.14488,11.30208],[125.14497,11.30216],[125.14502,11.30223],[125.14503,11.30225],[125.14506,11.30231],[125.14509,11.30238],[125.14511,11.30241],[125.14515,11.30244],[125.1452,11.3025],[125.14529,11.3026],[125.14538,11.30271],[125.14545,11.30277],[125.1455,11.30282],[125.14553,11.30284],[125.14557,11.30289],[125.14559,11.3029],[125.14564,11.30294],[125.14567,11.30296],[125.1457,11.30299],[125.14574,11.30303],[125.14578,11.30307],[125.14581,11.30309],[125.14584,11.3031],[125.14587,11.30312],[125.14589,11.30314],[125.14592,11.30316],[125.14594,11.30318],[125.14594,11.30319],[125.14591,11.30323],[125.14586,11.3033],[125.1458,11.30338],[125.14577,11.30341],[125.14574,11.30347],[125.14571,11.30351],[125.14566,11.30358],[125.14563,11.30362],[125.1456,11.30366],[125.14559,11.30368],[125.1456,11.3037],[125.14565,11.30363]]]}},{"type":"Feature","properties":{"class":"barangay","barangay":"Burgos"},"geometry":{"type":"Polygon","coordinates":[[[125.15113,11.31268],[125.15163,11.31281],[125.15196,11.31291],[125.15201,11.31293],[125.15223,11.31299],[125.15243,11.31307],[125.15247,11.31308],[125.15268,11.31315],[125.1527,11.31312],[125.15267,11.3131],[125.15249,11.31304],[125.15246,11.31303],[125.15202,11.31288],[125.15198,11.31287],[125.15091,11.31257],[125.15079,11.31252],[125.15073,11.31258],[125.15113,11.31268]]]}},{"type":"Feature","properties":{"class":"barangay","barangay":"Burgos"},"geometry":{"type":"Polygon","coordinates":[[[125.15204,11.31285],[125.15209,11.31272],[125.15214,11.3126],[125.15216,11.31254],[125.15219,11.31245],[125.15225,11.31228],[125.15234,11.31202],[125.15242,11.31183],[125.15253,11.31155],[125.15264,11.31125],[125.15266,11.3112],[125.15262,11.31119],[125.15253,11.31142],[125.15243,11.31167],[125.15228,11.31204],[125.15218,11.31234],[125.15211,11.31256],[125.15198,11.31287],[125.15202,11.31288],[125.15204,11.31285]]]}},{"type":"Feature","properties":{"class":"barangay","barangay":"Burgos"},"geometry":{"type":"Polygon","coordinates":[[[125.15226,11.31261],[125.15239,11.31266],[125.15257,11.31271],[125.1526,11.31272],[125.15277,11.31276],[125.15282,11.31278],[125.15284,11.31273],[125.15272,11.3127],[125.15262,11.31266],[125.15258,11.31265],[125.15239,11.3126],[125.15231,11.31258],[125.15226,11.31257],[125.15217,11.31255],[125.15216,11.31254],[125.15214,11.3126],[125.15226,11.31261]]]}},{"type":"Feature","properties":{"class":"barangay","barangay":"Burgos"},"geometry":{"type":"Polygon","coordinates":[[[125.15262,11.31266],[125.15263,11.31262],[125.15267,11.31248],[125.15272,11.31228],[125.15273,11.31226],[125.15275,11.31219],[125.1528,11.31205],[125.15285,11.31191],[125.15291,11.31175],[125.15293,11.31166],[125.15296,11.31157],[125.15299,11.31142],[125.15301,11.3113],[125.15298,11.31129],[125.15297,11.31138],[125.1529,11.31165],[125.15285,11.31181],[125.15275,11.3121],[125.15269,11.31229],[125.15263,11.31245],[125.15258,11.31264],[125.15258,11.31265],[125.15262,11.31266]]]}},{"type":"Feature","properties":{"class":"barangay","barangay":"Burgos"},"geometry":{"type":"Polygon","coordinates":[[[125.15257,11.31275],[125.15251,11.31291],[125.15247,11.31301],[125.15246,11.31303],[125.15249,11.31304],[125.15249,11.31303],[125.15252,11.31296],[125.15256,11.31285],[125.15259,11.31277],[125.1526,11.31272],[125.15257,11.31271],[125.15257,11.31275]]]}},{"type":"Feature","properties":{"class":"barangay","barangay":"Burgos"},"geometry":{"type":"Polygon","coordinates":[[[125.15301,11.3113],[125.15306,11.3113],[125.15334,11.31135],[125.15353,11.31138],[125.15358,11.31139],[125.15381,11.31139],[125.15382,11.31135],[125.15375,11.31135],[125.15359,11.31134],[125.15355,11.31134],[125.15345,11.31132],[125.1533,11.3113],[125.15318,11.31128],[125.15301,11.31125],[125.15299,11.31124],[125.15292,11.31123],[125.15266,11.3112],[125.15264,11.31125],[125.15266,11.31125],[125.15284,11.31127],[125.15298,11.31129],[125.15301,11.3113]]]}},{"type":"Feature","properties":{"class":"barangay","barangay":"Burgos"},"geometry":{"type":"Polygon","coordinates":[[[125.15276,11.313],[125.15287,11.31279],[125.15298,11.31261],[125.15311,11.31236],[125.15321,11.31218],[125.15336,11.31189],[125.15351,11.31161],[125.15358,11.31139],[125.15353,11.31138],[125.15353,11.31139],[125.15351,11.31145],[125.15349,11.31152],[125.15347,11.31158],[125.15343,11.31165],[125.15332,11.31187],[125.15324,11.31201],[125.15313,11.31222],[125.15306,11.31237],[125.15297,11.31254],[125.15291,11.31263],[125.15284,11.31273],[125.15284,11.31273],[125.15284,11.31273],[125.15282,11.31278],[125.15281,11.31282],[125.15274,11.31296],[125.15267,11.31309],[125.1527,11.31312],[125.15276,11.313]]]}},{"type":"Feature","properties":{"class":"barangay","barangay":"Burgos"},"geometry":{"type":"Polygon","coordinates":[[[125.1519,11.31306],[125.15183,11.31331],[125.1518,11.31341],[125.15179,11.31343],[125.1518,11.31345],[125.15192,11.31348],[125.1521,11.31355],[125.15223,11.31359],[125.15225,11.3136],[125.15226,11.3136],[125.1523,11.31353],[125.15236,11.31337],[125.15244,11.31318],[125.15247,11.31308],[125.15243,11.31307],[125.15241,11.31313],[125.15238,11.31321],[125.15233,11.31334],[125.15229,11.31345],[125.15226,11.31352],[125.15225,11.31354],[125.15207,11.31348],[125.15196,11.31344],[125.15189,11.31342],[125.15185,11.31341],[125.15184,11.3134],[125.15187,11.31332],[125.15195,11.3131],[125.15199,11.31296],[125.15201,11.31293],[125.15196,11.31291],[125.15196,11.31291],[125.1519,11.31306]]]}},{"type":"Feature","properties":{"class":"barangay","barangay":"Burgos"},"geometry":{"type":"Polygon","coordinates":[[[125.15302,11.31125],[125.15303,11.31122],[125.15304,11.31116],[125.15306,11.31111],[125.15309,11.31102],[125.15313,11.31094],[125.15317,11.31084],[125.15321,11.31072],[125.15327,11.31058],[125.15329,11.31053],[125.15328,11.31053],[125.15327,11.31052],[125.15326,11.31054],[125.15319,11.3107],[125.15313,11.31085],[125.15306,11.31101],[125.153,11.31116],[125.15299,11.31124],[125.15301,11.31125],[125.15302,11.31125]]]}},{"type":"Feature","properties":{"class":"barangay","barangay":"Del Pilar"},"geometry":{"type":"Polygon","coordinates":[[[125.14741,11.31772],[125.14755,11.31775],[125.14764,11.31776],[125.14765,11.31777],[125.14765,11.31774],[125.14749,11.31771],[125.14736,11.31768],[125.14734,11.31767],[125.14732,11.3177],[125.14741,11.31772]]]}},{"type":"Feature","properties":{"class":"barangay","barangay":"Burgos"},"geometry":{"type":"Polygon","coordinates":[[[125.1482,11.31786],[125.14866,11.31792],[125.14897,11.31795],[125.14947,11.31802],[125.15016,11.31811],[125.15054,11.31817],[125.15111,11.31824],[125.15135,11.31827],[125.15138,11.31827],[125.15138,11.31824],[125.15133,11.31824],[125.15105,11.31821],[125.15068,11.31816],[125.15038,11.31812],[125.1501,11.31808],[125.1498,11.31804],[125.14948,11.31799],[125.14915,11.31795],[125.14889,11.31791],[125.14848,11.31787],[125.14824,11.31784],[125.14793,11.31779],[125.14772,11.31776],[125.14765,11.31774],[125.14765,11.31774],[125.14765,11.31777],[125.1482,11.31786]]]}},{"type":"Feature","properties":{"class":"barangay","barangay":"Burgos"},"geometry":{"type":"Polygon","coordinates":[[[125.15138,11.31827],[125.15139,11.31833],[125.15139,11.31846],[125.15141,11.31872],[125.15141,11.31901],[125.15141,11.31943],[125.1514,11.31965],[125.15137,11.31982],[125.15136,11.31993],[125.15137,11.32002],[125.15139,11.3201],[125.15142,11.32022],[125.15142,11.32046],[125.15142,11.32068],[125.15141,11.32092],[125.1514,11.32107],[125.15139,11.32114],[125.1514,11.32145],[125.15138,11.32174],[125.15138,11.32213],[125.15137,11.32227],[125.15136,11.32261],[125.15135,11.32296],[125.15133,11.32315],[125.15132,11.32336],[125.1513,11.32373],[125.15128,11.32394],[125.15127,11.32422],[125.15126,11.32448],[125.15124,11.32464],[125.15121,11.32473],[125.15118,11.32479],[125.15115,11.32481],[125.1511,11.32484],[125.15094,11.32486],[125.15059,11.32489],[125.15039,11.32491],[125.1504,11.32495],[125.1505,11.32494],[125.15061,11.32493],[125.15081,11.32492],[125.15101,11.3249],[125.15113,11.32488],[125.15117,11.32486],[125.15121,11.32482],[125.15126,11.32473],[125.15127,11.32468],[125.15129,11.32462],[125.15131,11.32452],[125.15131,11.3243],[125.15132,11.32412],[125.15134,11.3238],[125.15136,11.32358],[125.15137,11.32333],[125.15137,11.32321],[125.15138,11.32299],[125.15139,11.32286],[125.1514,11.32274],[125.15141,11.32251],[125.15141,11.32229],[125.15142,11.32219],[125.15142,11.32208],[125.15142,11.32197],[125.15142,11.32186],[125.15142,11.32174],[125.15142,11.32166],[125.15143,11.32153],[125.15144,11.32143],[125.15143,11.32133],[125.15144,11.32116],[125.15144,11.32101],[125.15145,11.32091],[125.15146,11.32081],[125.15146,11.32069],[125.15146,11.32061],[125.15146,11.32055],[125.15146,11.32047],[125.15146,11.32039],[125.15147,11.32031],[125.15146,11.32024],[125.15146,11.32019],[125.15145,11.32015],[125.15143,11.3201],[125.15141,11.32004],[125.15141,11.32001],[125.1514,11.31997],[125.1514,11.31993],[125.15141,11.31988],[125.15142,11.31978],[125.15143,11.3197],[125.15144,11.3196],[125.15144,11.31952],[125.15144,11.31944],[125.15143,11.31925],[125.15143,11.31919],[125.15143,11.3191],[125.15144,11.319],[125.15143,11.31892],[125.15143,11.31887],[125.15143,11.31879],[125.15143,11.31874],[125.15142,11.31866],[125.15142,11.31856],[125.15141,11.31848],[125.15141,11.31839],[125.15141,11.31826],[125.15141,11.31824],[125.15142,11.31811],[125.15143,11.31798],[125.15144,11.31776],[125.15145,11.31756],[125.15147,11.31735],[125.15149,11.31718],[125.1515,11.31704],[125.15145,11.31704],[125.15145,11.31707],[125.15143,11.31728],[125.15142,11.31751],[125.1514,11.3178],[125.15139,11.3181],[125.15138,11.31824],[125.15138,11.31827]]]}},{"type":"Feature","properties":{"class":"barangay","barangay":"San Fernando"},"geometry":{"type":"Polygon","coordinates":[[[125.14737,11.2796],[125.14732,11.27958],[125.14724,11.27947],[125.14718,11.27938],[125.14708,11.27923],[125.147,11.2791],[125.14692,11.27898],[125.1469,11.27894],[125.14686,11.27882],[125.14682,11.27871],[125.14681,11.27867],[125.1468,11.27865],[125.14669,11.2784],[125.14668,11.27836],[125.14663,11.27822],[125.14657,11.27806],[125.14655,11.27802],[125.14649,11.27789],[125.14642,11.27771],[125.14637,11.27757],[125.14633,11.27757],[125.14639,11.27774],[125.14641,11.27778],[125.14645,11.27787],[125.14651,11.27803],[125.14653,11.27807],[125.14654,11.27809],[125.14658,11.2782],[125.14666,11.27842],[125.14673,11.27858],[125.14677,11.27869],[125.14678,11.27873],[125.14679,11.27875],[125.14682,11.27884],[125.14686,11.27895],[125.14689,11.27899],[125.14689,11.279],[125.14692,11.27906],[125.14707,11.27928],[125.14721,11.27949],[125.1473,11.27961],[125.14738,11.27967],[125.14737,11.2796]]]}},{"type":"Feature","properties":{"class":"barangay","barangay":"San Fernando"},"geometry":{"type":"Polygon","coordinates":[[[125.14676,11.27899],[125.14666,11.27901],[125.14654,11.27903],[125.14637,11.27906],[125.14611,11.27911],[125.14607,11.27911],[125.14593,11.27913],[125.14579,11.27915],[125.14575,11.27915],[125.14574,11.27915],[125.14565,11.27915],[125.14553,11.27915],[125.14545,11.27915],[125.14544,11.27914],[125.14543,11.2791],[125.14539,11.279],[125.14537,11.27897],[125.14533,11.27887],[125.1453,11.27879],[125.14529,11.27875],[125.14527,11.27867],[125.14524,11.27859],[125.14522,11.27855],[125.14521,11.27852],[125.14517,11.27842],[125.14513,11.27829],[125.14508,11.2783],[125.14511,11.27836],[125.14517,11.27854],[125.14522,11.27868],[125.14526,11.2788],[125.14529,11.27889],[125.14535,11.27901],[125.14538,11.2791],[125.14541,11.27917],[125.14542,11.27918],[125.14542,11.27918],[125.14547,11.27919],[125.14564,11.27919],[125.14574,11.27919],[125.14577,11.27919],[125.14602,11.27916],[125.14625,11.27912],[125.14658,11.27907],[125.1468,11.27902],[125.14689,11.27899],[125.14686,11.27895],[125.14676,11.27899]]]}},{"type":"Feature","properties":{"class":"barangay","barangay":"San Fernando"},"geometry":{"type":"Polygon","coordinates":[[[125.14711,11.27892],[125.14726,11.27887],[125.14736,11.27883],[125.14745,11.27879],[125.14744,11.27877],[125.14738,11.27865],[125.14734,11.27856],[125.14733,11.27854],[125.14726,11.2784],[125.14715,11.27821],[125.14709,11.27803],[125.14702,11.27788],[125.14695,11.27771],[125.14691,11.27773],[125.14696,11.27787],[125.14699,11.27793],[125.14709,11.27816],[125.1471,11.27819],[125.14712,11.27824],[125.1472,11.27837],[125.14722,11.27842],[125.14726,11.27852],[125.14727,11.27854],[125.14728,11.27859],[125.14732,11.27867],[125.14736,11.27875],[125.14737,11.27877],[125.14729,11.27881],[125.14713,11.27886],[125.147,11.27891],[125.1469,11.27894],[125.14692,11.27898],[125.14711,11.27892]]]}},{"type":"Feature","properties":{"class":"barangay","barangay":"San Fernando"},"geometry":{"type":"Polygon","coordinates":[[[125.14696,11.27867],[125.14718,11.27861],[125.14728,11.27859],[125.14727,11.27854],[125.14715,11.27858],[125.14701,11.27862],[125.14692,11.27864],[125.14681,11.27867],[125.14681,11.27867],[125.14682,11.27871],[125.14696,11.27867]]]}},{"type":"Feature","properties":{"class":"barangay","barangay":"San Fernando"},"geometry":{"type":"Polygon","coordinates":[[[125.14682,11.27835],[125.14695,11.2783],[125.14712,11.27823],[125.14712,11.27822],[125.1471,11.27819],[125.14699,11.27824],[125.14676,11.27833],[125.14668,11.27836],[125.14669,11.2784],[125.14682,11.27835]]]}},{"type":"Feature","properties":{"class":"barangay","barangay":"San Fernando"},"geometry":{"type":"Polygon","coordinates":[[[125.1468,11.27793],[125.14666,11.27798],[125.14655,11.27802],[125.14657,11.27806],[125.14667,11.27802],[125.14681,11.27797],[125.14699,11.27793],[125.14696,11.27787],[125.14696,11.27787],[125.14696,11.27787],[125.1468,11.27793]]]}},{"type":"Feature","properties":{"class":"barangay","barangay":"San Fernando"},"geometry":{"type":"Polygon","coordinates":[[[125.14666,11.27871],[125.1465,11.27875],[125.14632,11.27879],[125.14606,11.27884],[125.14601,11.27886],[125.1459,11.27888],[125.14574,11.2789],[125.1457,11.27891],[125.14554,11.27894],[125.14537,11.27897],[125.14539,11.279],[125.14541,11.279],[125.14555,11.27897],[125.14571,11.27894],[125.14575,11.27894],[125.14591,11.27891],[125.14601,11.27889],[125.14607,11.27888],[125.14623,11.27884],[125.14649,11.27879],[125.14668,11.27874],[125.14678,11.27873],[125.14677,11.27869],[125.14666,11.27871]]]}},{"type":"Feature","properties":{"class":"barangay","barangay":"San Fernando"},"geometry":{"type":"Polygon","coordinates":[[[125.14539,11.27852],[125.14556,11.27845],[125.14559,11.27844],[125.14569,11.27839],[125.14584,11.27834],[125.14588,11.27832],[125.14591,11.27831],[125.14601,11.27827],[125.14621,11.27819],[125.14638,11.27813],[125.14653,11.27807],[125.14651,11.27803],[125.14645,11.27806],[125.14636,11.2781],[125.14625,11.27814],[125.1461,11.2782],[125.14587,11.27829],[125.14583,11.2783],[125.14578,11.27832],[125.14559,11.2784],[125.14555,11.27842],[125.14536,11.27849],[125.14522,11.27855],[125.14524,11.27859],[125.14539,11.27852]]]}},{"type":"Feature","properties":{"class":"barangay","barangay":"San Fernando"},"geometry":{"type":"Polygon","coordinates":[[[125.14609,11.27899],[125.14607,11.27888],[125.14603,11.27889],[125.14603,11.27889],[125.14605,11.27901],[125.14607,11.27911],[125.14611,11.27911],[125.14609,11.27899]]]}},{"type":"Feature","properties":{"class":"barangay","barangay":"San Fernando"},"geometry":{"type":"Polygon","coordinates":[[[125.14578,11.27909],[125.14576,11.27896],[125.14575,11.27894],[125.14571,11.27894],[125.14573,11.27901],[125.14575,11.27912],[125.14576,11.27915],[125.14579,11.27915],[125.14578,11.27909]]]}},{"type":"Feature","properties":{"class":"barangay","barangay":"San Fernando"},"geometry":{"type":"Polygon","coordinates":[[[125.14622,11.27779],[125.14596,11.2779],[125.14576,11.27798],[125.14573,11.27799],[125.14551,11.27808],[125.14549,11.27809],[125.14545,11.2781],[125.14537,11.27814],[125.14528,11.27818],[125.14521,11.2782],[125.14511,11.27824],[125.14501,11.27828],[125.14489,11.27832],[125.14491,11.27837],[125.14501,11.27833],[125.14509,11.2783],[125.14514,11.27829],[125.14521,11.27825],[125.14533,11.27821],[125.14545,11.27816],[125.1455,11.27814],[125.14574,11.27804],[125.14579,11.27802],[125.14599,11.27794],[125.14619,11.27785],[125.14641,11.27778],[125.14639,11.27774],[125.14639,11.27774],[125.14622,11.27779]]]}},{"type":"Feature","properties":{"class":"barangay","barangay":"San Fernando"},"geometry":{"type":"Polygon","coordinates":[[[125.146,11.27868],[125.14595,11.27853],[125.14589,11.27837],[125.14588,11.27832],[125.14584,11.27834],[125.14585,11.27838],[125.14592,11.27857],[125.14593,11.27861],[125.14598,11.27876],[125.14601,11.27886],[125.14606,11.27884],[125.146,11.27868]]]}},{"type":"Feature","properties":{"class":"barangay","barangay":"San Fernando"},"geometry":{"type":"Polygon","coordinates":[[[125.14558,11.2785],[125.14563,11.27865],[125.14564,11.27869],[125.14567,11.27881],[125.1457,11.27891],[125.14574,11.2789],[125.14571,11.27882],[125.14567,11.27868],[125.14567,11.27865],[125.14561,11.27849],[125.14559,11.27844],[125.14556,11.27845],[125.14558,11.2785]]]}},{"type":"Feature","properties":{"class":"barangay","barangay":"San Fernando"},"geometry":{"type":"Polygon","coordinates":[[[125.14552,11.27831],[125.14555,11.27842],[125.14559,11.2784],[125.14555,11.27827],[125.1455,11.27814],[125.14546,11.27816],[125.14552,11.27831]]]}},{"type":"Feature","properties":{"class":"barangay","barangay":"San Fernando"},"geometry":{"type":"Polygon","coordinates":[[[125.14575,11.27805],[125.14579,11.27817],[125.14583,11.2783],[125.14587,11.27829],[125.14586,11.27825],[125.14583,11.27817],[125.14581,11.27808],[125.14579,11.27802],[125.14574,11.27804],[125.14575,11.27805]]]}},{"type":"Feature","properties":{"class":"barangay","barangay":"Balud"},"geometry":{"type":"Polygon","coordinates":[[[125.12785,11.28808],[125.12784,11.28806],[125.12781,11.28785],[125.12777,11.28757],[125.12773,11.28731],[125.12769,11.28713],[125.12763,11.28688],[125.12759,11.28667],[125.12757,11.28655],[125.12753,11.28635],[125.1275,11.28618],[125.12746,11.286],[125.12745,11.28578],[125.12744,11.28556],[125.12744,11.2854],[125.12744,11.28523],[125.12744,11.28517],[125.12743,11.28499],[125.12741,11.2849],[125.1274,11.28482],[125.12735,11.28469],[125.12732,11.28464],[125.12728,11.28461],[125.12724,11.28459],[125.1272,11.28458],[125.12716,11.28458],[125.12711,11.2846],[125.12704,11.2846],[125.12697,11.2846],[125.12692,11.2846],[125.12679,11.28459],[125.1267,11.28458],[125.12663,11.28458],[125.12649,11.28458],[125.12639,11.28458],[125.12628,11.28458],[125.12616,11.28458],[125.12602,11.28457],[125.1259,11.28457],[125.12584,11.28457],[125.12567,11.28458],[125.12553,11.28458],[125.12543,11.28458],[125.12531,11.28459],[125.12518,11.2846],[125.12514,11.2846],[125.1251,11.28461],[125.12499,11.28464],[125.12497,11.28463],[125.12482,11.28461],[125.12468,11.28459],[125.12464,11.28458],[125.12458,11.28459],[125.12439,11.28459],[125.12434,11.28459],[125.12419,11.28459],[125.12406,11.2846],[125.12395,11.2846],[125.12382,11.28459],[125.12368,11.2846],[125.12358,11.28461],[125.12346,11.2846],[125.12333,11.28458],[125.1232,11.28456],[125.12316,11.28456],[125.12315,11.28458],[125.12322,11.28459],[125.12332,11.2846],[125.12345,11.28463],[125.12355,11.28463],[125.12367,11.28462],[125.12382,11.28462],[125.12392,11.28462],[125.12406,11.28462],[125.1242,11.28461],[125.12431,11.28461],[125.12439,11.28461],[125.12449,11.28461],[125.12464,11.28461],[125.12474,11.28462],[125.12496,11.28466],[125.12498,11.28466],[125.12502,11.28465],[125.12514,11.28463],[125.12535,11.28462],[125.12554,11.2846],[125.12583,11.28459],[125.12602,11.2846],[125.12632,11.2846],[125.12644,11.2846],[125.12656,11.2846],[125.12671,11.28461],[125.12685,11.28462],[125.12697,11.28463],[125.12705,11.28463],[125.12715,11.28462],[125.1272,11.28461],[125.12723,11.28462],[125.12726,11.28464],[125.1273,11.28467],[125.12733,11.28472],[125.12735,11.28478],[125.12737,11.28483],[125.12739,11.28498],[125.1274,11.28524],[125.1274,11.28541],[125.12742,11.28577],[125.12742,11.28598],[125.12743,11.28607],[125.12747,11.28623],[125.1275,11.28636],[125.12754,11.28663],[125.12758,11.28684],[125.12762,11.28702],[125.12769,11.28729],[125.12772,11.28751],[125.12776,11.28778],[125.1278,11.28809],[125.12785,11.28808]]]}},{"type":"Feature","properties":{"class":"barangay","barangay":"Balud"},"geometry":{"type":"Polygon","coordinates":[[[125.12772,11.28807],[125.12729,11.28811],[125.12685,11.28816],[125.12668,11.28819],[125.1263,11.28822],[125.12593,11.28826],[125.12567,11.28829],[125.12539,11.28832],[125.12503,11.28837],[125.12483,11.28841],[125.12466,11.28844],[125.12435,11.28853],[125.1241,11.28862],[125.12399,11.28865],[125.12374,11.28874],[125.12348,11.28882],[125.12332,11.28887],[125.12322,11.2889],[125.12325,11.28897],[125.12334,11.28895],[125.12373,11.2888],[125.12402,11.2887],[125.12427,11.28861],[125.1244,11.28857],[125.12462,11.2885],[125.12486,11.28845],[125.12502,11.28842],[125.12544,11.28836],[125.12568,11.28834],[125.12603,11.28829],[125.12636,11.28826],[125.12682,11.28821],[125.12726,11.28815],[125.12769,11.2881],[125.1278,11.28809],[125.1278,11.28806],[125.12772,11.28807]]]}},{"type":"Feature","properties":{"class":"barangay","barangay":"Binungtu-an"},"geometry":{"type":"Polygon","coordinates":[[[125.12008,11.29059],[125.12015,11.29052],[125.12025,11.29044],[125.12067,11.29017],[125.12088,11.29005],[125.12111,11.28991],[125.12125,11.28984],[125.12155,11.28966],[125.12167,11.28961],[125.12195,11.28947],[125.12224,11.28934],[125.12246,11.28925],[125.12269,11.28916],[125.12287,11.28909],[125.12296,11.28907],[125.12314,11.28901],[125.12325,11.28897],[125.12322,11.2889],[125.12316,11.28892],[125.12299,11.28898],[125.12276,11.28906],[125.1226,11.28912],[125.12232,11.28925],[125.12206,11.28937],[125.12187,11.28945],[125.12167,11.28955],[125.12155,11.28961],[125.1214,11.28969],[125.12121,11.2898],[125.12099,11.28993],[125.12079,11.29004],[125.12057,11.29017],[125.12036,11.29031],[125.1202,11.29042],[125.12011,11.2905],[125.12005,11.29056],[125.12001,11.29061],[125.11997,11.29066],[125.12005,11.29064],[125.12005,11.29064],[125.12008,11.29059]]]}},{"type":"Feature","properties":{"class":"municipal","barangay":"Binungtu-an"},"geometry":{"type":"Polygon","coordinates":[[[125.11932,11.2911],[125.11917,11.29122],[125.11898,11.29136],[125.11877,11.2915],[125.1186,11.29165],[125.11832,11.29185],[125.11805,11.29207],[125.11782,11.29224],[125.1176,11.2924],[125.11731,11.29261],[125.11716,11.29272],[125.11708,11.29277],[125.11689,11.29288],[125.11671,11.29297],[125.1165,11.29303],[125.11632,11.29307],[125.1161,11.29312],[125.11604,11.29312],[125.11595,11.29312],[125.11578,11.29312],[125.11568,11.29312],[125.11561,11.29311],[125.11541,11.29308],[125.11529,11.29304],[125.11521,11.29301],[125.11507,11.29294],[125.11464,11.29273],[125.11433,11.29258],[125.11384,11.29232],[125.11351,11.29213],[125.11325,11.29196],[125.11294,11.29178],[125.11251,11.29151],[125.1121,11.29124],[125.11166,11.29097],[125.11141,11.29082],[125.1113,11.29075],[125.11125,11.29072],[125.11118,11.29065],[125.11103,11.29047],[125.11082,11.2902],[125.11062,11.28999],[125.11046,11.28981],[125.11043,11.28978],[125.1104,11.28984],[125.11064,11.2901],[125.11081,11.29028],[125.11103,11.29055],[125.11115,11.2907],[125.11126,11.2908],[125.11143,11.2909],[125.11216,11.29137],[125.11303,11.29192],[125.11373,11.29234],[125.11413,11.29256],[125.11473,11.29286],[125.11522,11.29309],[125.11541,11.29315],[125.11561,11.29319],[125.11578,11.2932],[125.116,11.29319],[125.11627,11.29316],[125.11655,11.2931],[125.11677,11.29302],[125.11703,11.29288],[125.11724,11.29275],[125.1176,11.2925],[125.11789,11.29228],[125.11844,11.29185],[125.11885,11.29152],[125.11923,11.29124],[125.11944,11.29112],[125.11944,11.29112],[125.11947,11.29102],[125.11932,11.2911]]]}},{"type":"Feature","properties":{"class":"municipal","barangay":"Sogponon"},"geometry":{"type":"Polygon","coordinates":[[[125.11041,11.28976],[125.11026,11.28957],[125.11005,11.28932],[125.10985,11.28907],[125.10969,11.28888],[125.10963,11.28882],[125.1095,11.2887],[125.10948,11.28869],[125.10942,11.28866],[125.10933,11.28863],[125.10912,11.28857],[125.10895,11.28852],[125.10875,11.28846],[125.10859,11.28842],[125.10849,11.28839],[125.10831,11.28835],[125.10819,11.28832],[125.10807,11.28828],[125.10796,11.28825],[125.10784,11.28822],[125.10771,11.28818],[125.10762,11.28815],[125.1075,11.28812],[125.10737,11.2881],[125.10728,11.2881],[125.10711,11.28811],[125.10695,11.28813],[125.10684,11.28815],[125.10668,11.28817],[125.10659,11.28817],[125.10648,11.28815],[125.10632,11.28812],[125.10617,11.28808],[125.10603,11.28805],[125.10588,11.28801],[125.1057,11.28796],[125.10556,11.28793],[125.1054,11.28788],[125.10522,11.28783],[125.10513,11.2878],[125.10501,11.28777],[125.10485,11.28772],[125.10472,11.28768],[125.10457,11.28763],[125.10449,11.2876],[125.10442,11.28758],[125.10438,11.28757],[125.10437,11.28759],[125.10438,11.2876],[125.1044,11.2876],[125.10443,11.28761],[125.10453,11.28764],[125.10466,11.28768],[125.10483,11.28774],[125.10487,11.28775],[125.1049,11.28776],[125.10499,11.28779],[125.10516,11.28784],[125.1053,11.28788],[125.10537,11.2879],[125.10553,11.28794],[125.10574,11.288],[125.10582,11.28801],[125.10602,11.28807],[125.10615,11.2881],[125.10624,11.28812],[125.10627,11.28813],[125.1063,11.28814],[125.10641,11.28816],[125.10648,11.28818],[125.10658,11.28819],[125.10667,11.28819],[125.10675,11.28818],[125.10684,11.28818],[125.10697,11.28815],[125.10711,11.28813],[125.10728,11.28812],[125.10737,11.28812],[125.10749,11.28815],[125.10757,11.28817],[125.10768,11.28821],[125.10795,11.28828],[125.10821,11.28835],[125.10841,11.2884],[125.10859,11.28845],[125.10872,11.28848],[125.10887,11.28853],[125.10906,11.28858],[125.10939,11.28868],[125.10947,11.28872],[125.10951,11.28875],[125.10965,11.2889],[125.10994,11.28924],[125.1102,11.28957],[125.1104,11.28984],[125.11043,11.28978],[125.11041,11.28976]]]}},{"type":"Feature","properties":{"class":"barangay","barangay":"Sogponon"},"geometry":{"type":"Polygon","coordinates":[[[125.10433,11.28769],[125.10427,11.28788],[125.10424,11.28799],[125.10424,11.28801],[125.10423,11.28802],[125.10424,11.28804],[125.10426,11.28806],[125.10428,11.28808],[125.10437,11.2881],[125.10449,11.28813],[125.10493,11.28825],[125.10508,11.28829],[125.10532,11.28835],[125.1056,11.28843],[125.1059,11.28851],[125.10604,11.28853],[125.10616,11.28853],[125.10623,11.28853],[125.10625,11.28853],[125.10626,11.28852],[125.10626,11.28852],[125.10627,11.28851],[125.10627,11.28849],[125.10627,11.28847],[125.10627,11.28838],[125.10627,11.28826],[125.10627,11.28813],[125.10624,11.28812],[125.10624,11.2882],[125.10624,11.2883],[125.10624,11.28842],[125.10624,11.28849],[125.10624,11.2885],[125.10623,11.2885],[125.10622,11.28851],[125.10613,11.2885],[125.10596,11.28848],[125.10588,11.28847],[125.10574,11.28843],[125.10558,11.28839],[125.10524,11.2883],[125.1052,11.28829],[125.10517,11.28828],[125.10505,11.28825],[125.10485,11.28819],[125.10466,11.28814],[125.10446,11.28808],[125.10431,11.28804],[125.10429,11.28803],[125.10428,11.28803],[125.10428,11.28801],[125.10428,11.288],[125.10432,11.28785],[125.1044,11.2876],[125.10438,11.2876],[125.10437,11.28759],[125.10433,11.28769]]]}},{"type":"Feature","properties":{"class":"barangay","barangay":"Sogponon"},"geometry":{"type":"Polygon","coordinates":[[[125.10527,11.28796],[125.10522,11.28813],[125.10517,11.28828],[125.1052,11.28829],[125.1052,11.28826],[125.10523,11.28816],[125.10527,11.28805],[125.10532,11.28789],[125.1053,11.28788],[125.10527,11.28796]]]}},{"type":"Feature","properties":{"class":"barangay","barangay":"Basiao"},"geometry":{"type":"Polygon","coordinates":[[[125.16152,11.26072],[125.16149,11.26073],[125.16141,11.26073],[125.16136,11.26074],[125.16133,11.26075],[125.16128,11.26077],[125.16121,11.26081],[125.16116,11.26083],[125.16108,11.26085],[125.16091,11.26091],[125.16085,11.26093],[125.16082,11.26095],[125.16078,11.261],[125.16073,11.26108],[125.16071,11.26113],[125.16061,11.26132],[125.16052,11.2615],[125.16044,11.26164],[125.16041,11.26168],[125.16039,11.26172],[125.16032,11.26183],[125.16016,11.26206],[125.16014,11.2621],[125.15999,11.2623],[125.15987,11.2625],[125.15983,11.26261],[125.15981,11.26268],[125.15981,11.26272],[125.15981,11.26278],[125.15982,11.26285],[125.15983,11.26296],[125.15985,11.26305],[125.15987,11.26323],[125.15988,11.26334],[125.15989,11.2635],[125.15987,11.26362],[125.15985,11.26371],[125.15976,11.26397],[125.15968,11.26422],[125.15961,11.26446],[125.15955,11.26465],[125.15954,11.26469],[125.15953,11.26471],[125.15953,11.26475],[125.15954,11.26477],[125.15956,11.26481],[125.15961,11.26488],[125.15967,11.26484],[125.15964,11.26482],[125.1596,11.26477],[125.15959,11.26474],[125.15958,11.26472],[125.15959,11.2647],[125.15959,11.26467],[125.15961,11.26464],[125.15963,11.26458],[125.15964,11.26451],[125.15968,11.26438],[125.15973,11.2642],[125.15978,11.26405],[125.15982,11.26391],[125.15986,11.2638],[125.15988,11.26374],[125.1599,11.2637],[125.15991,11.26364],[125.15993,11.26355],[125.15993,11.26351],[125.15993,11.26349],[125.15993,11.26344],[125.15993,11.26336],[125.15992,11.26326],[125.15992,11.26316],[125.15991,11.26307],[125.1599,11.26304],[125.15989,11.26299],[125.15987,11.26286],[125.15986,11.26276],[125.15987,11.26269],[125.15988,11.26265],[125.15989,11.26261],[125.15991,11.26257],[125.15993,11.26252],[125.15997,11.26245],[125.16001,11.26239],[125.16005,11.26232],[125.16009,11.26226],[125.16014,11.26218],[125.16018,11.26213],[125.1602,11.2621],[125.16025,11.26204],[125.1603,11.26195],[125.16038,11.26184],[125.16042,11.26177],[125.16046,11.2617],[125.16047,11.26167],[125.16049,11.26164],[125.1605,11.26162],[125.16059,11.26146],[125.16067,11.26132],[125.16073,11.2612],[125.16079,11.26109],[125.16083,11.26103],[125.16086,11.26099],[125.16088,11.26097],[125.1609,11.26097],[125.16092,11.26096],[125.16096,11.26094],[125.16102,11.26092],[125.16108,11.26091],[125.16111,11.2609],[125.16116,11.26088],[125.1612,11.26087],[125.16125,11.26085],[125.1613,11.26083],[125.16136,11.26081],[125.16142,11.2608],[125.16147,11.26079],[125.16153,11.2608],[125.16152,11.26072],[125.16152,11.26072]]]}},{"type":"Feature","properties":{"class":"barangay","barangay":"Basiao"},"geometry":{"type":"Polygon","coordinates":[[[125.16022,11.26216],[125.16043,11.26231],[125.16058,11.26242],[125.1607,11.26253],[125.16074,11.2625],[125.1607,11.26247],[125.16062,11.2624],[125.16056,11.26235],[125.1605,11.26231],[125.16048,11.26229],[125.16038,11.26222],[125.16025,11.26213],[125.1602,11.2621],[125.1602,11.2621],[125.16018,11.26213],[125.16022,11.26216]]]}},{"type":"Feature","properties":{"class":"barangay","barangay":"Basiao"},"geometry":{"type":"Polygon","coordinates":[[[125.16051,11.26172],[125.16059,11.26177],[125.16069,11.26181],[125.16073,11.26183],[125.16073,11.26184],[125.16073,11.26185],[125.16072,11.26187],[125.16071,11.2619],[125.16069,11.26194],[125.16066,11.26199],[125.16062,11.26206],[125.16057,11.26213],[125.16054,11.26218],[125.16048,11.26229],[125.1605,11.26231],[125.16055,11.26223],[125.16059,11.26218],[125.16067,11.26207],[125.16071,11.26199],[125.16075,11.26192],[125.16078,11.26184],[125.16078,11.26183],[125.16077,11.26182],[125.16076,11.2618],[125.16074,11.2618],[125.16061,11.26174],[125.16054,11.2617],[125.16047,11.26167],[125.16046,11.2617],[125.16051,11.26172]]]}},{"type":"Feature","properties":{"class":"barangay","barangay":"Basiao"},"geometry":{"type":"Polygon","coordinates":[[[125.15975,11.26265],[125.15971,11.26262],[125.15967,11.26258],[125.15966,11.2625],[125.15966,11.26242],[125.15968,11.26234],[125.15972,11.26224],[125.15978,11.26211],[125.15987,11.26197],[125.15992,11.26189],[125.16,11.26178],[125.16008,11.26167],[125.16019,11.26152],[125.16025,11.26142],[125.1603,11.26136],[125.16034,11.26128],[125.16037,11.2612],[125.16039,11.26115],[125.1604,11.2611],[125.16041,11.26106],[125.1604,11.26101],[125.1604,11.26093],[125.1604,11.26088],[125.1604,11.26084],[125.16042,11.2608],[125.16044,11.26076],[125.16047,11.26073],[125.16051,11.26069],[125.16054,11.26066],[125.16062,11.26062],[125.1607,11.26058],[125.16081,11.26052],[125.16095,11.26044],[125.16111,11.26034],[125.16119,11.26029],[125.16127,11.26024],[125.16136,11.26019],[125.16145,11.26014],[125.16152,11.26009],[125.16158,11.26004],[125.16163,11.26001],[125.16166,11.25999],[125.16174,11.25997],[125.16182,11.25994],[125.16188,11.2599],[125.16186,11.25987],[125.16183,11.25989],[125.16175,11.25992],[125.1616,11.25998],[125.16145,11.26008],[125.16122,11.26021],[125.16092,11.2604],[125.16065,11.26055],[125.1605,11.26062],[125.16042,11.26069],[125.16038,11.26075],[125.16035,11.2608],[125.16034,11.26085],[125.16034,11.26089],[125.16035,11.26096],[125.16035,11.26102],[125.16035,11.26107],[125.16033,11.26114],[125.16025,11.26133],[125.16016,11.26148],[125.16007,11.2616],[125.15996,11.26174],[125.15989,11.26185],[125.15983,11.26193],[125.15977,11.26203],[125.15967,11.26222],[125.15963,11.26234],[125.15961,11.26246],[125.15961,11.26253],[125.15962,11.26258],[125.15965,11.26264],[125.15968,11.26266],[125.15974,11.26268],[125.15981,11.26272],[125.15981,11.26268],[125.15975,11.26265]]]}},{"type":"Feature","properties":{"class":"barangay","barangay":"Basiao"},"geometry":{"type":"Polygon","coordinates":[[[125.15992,11.26195],[125.16004,11.26203],[125.16014,11.2621],[125.16016,11.26206],[125.16011,11.26203],[125.16003,11.26198],[125.15995,11.26192],[125.15992,11.26189],[125.15989,11.26193],[125.15992,11.26195]]]}},{"type":"Feature","properties":{"class":"barangay","barangay":"Basiao"},"geometry":{"type":"Polygon","coordinates":[[[125.16022,11.26156],[125.16031,11.26162],[125.16036,11.26165],[125.16041,11.26168],[125.16043,11.26165],[125.16039,11.26163],[125.16033,11.26159],[125.16025,11.26154],[125.16021,11.26149],[125.16019,11.26152],[125.16022,11.26156]]]}},{"type":"Feature","properties":{"class":"barangay","barangay":"Basiao"},"geometry":{"type":"Polygon","coordinates":[[[125.16044,11.26106],[125.16052,11.26107],[125.1606,11.26109],[125.16071,11.26113],[125.16073,11.26108],[125.16071,11.26107],[125.16064,11.26105],[125.16057,11.26102],[125.16048,11.26101],[125.1604,11.26101],[125.16041,11.26106],[125.16044,11.26106]]]}},{"type":"Feature","properties":{"class":"barangay","barangay":"Basiao"},"geometry":{"type":"Polygon","coordinates":[[[125.16084,11.26269],[125.16094,11.26278],[125.16101,11.26286],[125.16105,11.26291],[125.16109,11.26298],[125.1611,11.26301],[125.16113,11.26306],[125.16115,11.26311],[125.16119,11.26318],[125.16123,11.26325],[125.16126,11.26332],[125.16128,11.2634],[125.16129,11.26347],[125.1613,11.26354],[125.16129,11.26362],[125.16127,11.2637],[125.16127,11.26375],[125.16128,11.26377],[125.16131,11.26384],[125.16136,11.26394],[125.16142,11.26404],[125.16151,11.26418],[125.16162,11.26431],[125.16182,11.26453],[125.16201,11.26477],[125.16217,11.26499],[125.1622,11.26497],[125.16193,11.2646],[125.16185,11.2645],[125.16174,11.26437],[125.16162,11.26424],[125.16156,11.26416],[125.1615,11.26408],[125.16146,11.26401],[125.16141,11.26394],[125.16138,11.26387],[125.16133,11.26378],[125.16131,11.26374],[125.16131,11.2637],[125.16132,11.26366],[125.16133,11.26361],[125.16134,11.26354],[125.16134,11.2635],[125.16133,11.26345],[125.16132,11.26338],[125.1613,11.26333],[125.16128,11.26325],[125.16124,11.26319],[125.1612,11.26312],[125.16117,11.26304],[125.16114,11.26297],[125.1611,11.2629],[125.16106,11.26284],[125.161,11.26279],[125.16092,11.26271],[125.16083,11.26263],[125.16078,11.26258],[125.16075,11.26262],[125.16084,11.26269]]]}},{"type":"Feature","properties":{"class":"barangay","barangay":"Catadman"},"geometry":{"type":"Polygon","coordinates":[[[125.15244,11.2728],[125.15236,11.27276],[125.15227,11.27272],[125.15221,11.27269],[125.15219,11.27267],[125.15219,11.27266],[125.15219,11.27263],[125.15219,11.27259],[125.15219,11.27247],[125.1522,11.27236],[125.15221,11.27222],[125.15222,11.27212],[125.15222,11.27206],[125.15223,11.27198],[125.15224,11.27189],[125.15225,11.27182],[125.15228,11.27174],[125.15229,11.27166],[125.15232,11.27161],[125.15235,11.27154],[125.15238,11.27144],[125.15242,11.27135],[125.15246,11.27129],[125.15249,11.27124],[125.15252,11.27118],[125.15256,11.27111],[125.15259,11.27105],[125.15262,11.27097],[125.15265,11.27092],[125.15269,11.27085],[125.15273,11.27078],[125.15276,11.27073],[125.15279,11.27069],[125.15283,11.27065],[125.15286,11.27062],[125.15286,11.27061],[125.15288,11.27057],[125.15291,11.27051],[125.15295,11.27044],[125.15296,11.27041],[125.15298,11.2704],[125.15299,11.27039],[125.15301,11.27038],[125.15303,11.27037],[125.15305,11.27037],[125.15307,11.27037],[125.1531,11.27038],[125.15311,11.27035],[125.1531,11.27035],[125.15308,11.27034],[125.15306,11.27034],[125.15304,11.27034],[125.15301,11.27034],[125.15299,11.27035],[125.15296,11.27037],[125.15294,11.27039],[125.15293,11.27041],[125.1529,11.27045],[125.15286,11.27055],[125.15283,11.27059],[125.15278,11.27065],[125.15273,11.27071],[125.15266,11.27083],[125.1526,11.27094],[125.15256,11.27102],[125.15249,11.27115],[125.15243,11.27124],[125.15238,11.27134],[125.15235,11.27141],[125.1523,11.27155],[125.15227,11.27162],[125.15223,11.27172],[125.15221,11.2718],[125.1522,11.27187],[125.15219,11.27197],[125.15218,11.27205],[125.15218,11.27212],[125.15216,11.27228],[125.15216,11.27243],[125.15215,11.2726],[125.15215,11.27267],[125.15215,11.2727],[125.15219,11.27272],[125.15219,11.27272],[125.15225,11.27276],[125.15238,11.27282],[125.15246,11.27286],[125.15248,11.27282],[125.15244,11.2728]]]}},{"type":"Feature","properties":{"class":"barangay","barangay":"Catadman"},"geometry":{"type":"Polygon","coordinates":[[[125.15233,11.27187],[125.1524,11.27189],[125.15246,11.2719],[125.15256,11.27193],[125.15264,11.27195],[125.15278,11.27201],[125.15279,11.27198],[125.15275,11.27197],[125.15266,11.27193],[125.15258,11.2719],[125.15252,11.27188],[125.15238,11.27185],[125.15225,11.27182],[125.15225,11.27186],[125.15233,11.27187]]]}},{"type":"Feature","properties":{"class":"barangay","barangay":"Catadman"},"geometry":{"type":"Polygon","coordinates":[[[125.15262,11.27295],[125.15283,11.27305],[125.15297,11.27311],[125.15305,11.27315],[125.15308,11.27316],[125.1531,11.27316],[125.15316,11.27318],[125.15321,11.27319],[125.15327,11.27321],[125.15332,11.27324],[125.15336,11.27326],[125.15338,11.27323],[125.15338,11.27322],[125.15333,11.2732],[125.15329,11.27318],[125.15322,11.27314],[125.15317,11.27313],[125.15316,11.27313],[125.15312,11.27312],[125.15307,11.27311],[125.15297,11.27307],[125.1528,11.27299],[125.15267,11.27293],[125.15256,11.27288],[125.15254,11.27286],[125.15252,11.2729],[125.15262,11.27295]]]}},{"type":"Feature","properties":{"class":"barangay","barangay":"Catadman"},"geometry":{"type":"Polygon","coordinates":[[[125.1525,11.27142],[125.15263,11.27148],[125.15272,11.27151],[125.15283,11.27153],[125.15295,11.27157],[125.15296,11.27153],[125.15293,11.27152],[125.15288,11.27151],[125.15276,11.27148],[125.15272,11.27147],[125.15254,11.2714],[125.15248,11.27138],[125.15242,11.27135],[125.1524,11.27139],[125.1525,11.27142]]]}},{"type":"Feature","properties":{"class":"barangay","barangay":"Catadman"},"geometry":{"type":"Polygon","coordinates":[[[125.1529,11.27202],[125.15299,11.27203],[125.15318,11.27207],[125.15333,11.27211],[125.15342,11.27215],[125.15345,11.27216],[125.15346,11.27218],[125.15345,11.27222],[125.15341,11.27231],[125.15334,11.27254],[125.15326,11.27277],[125.15318,11.27296],[125.15314,11.27308],[125.15312,11.27312],[125.15316,11.27313],[125.15317,11.27313],[125.15318,11.2731],[125.15319,11.27306],[125.15321,11.27302],[125.15323,11.27296],[125.15327,11.27286],[125.1533,11.27279],[125.15334,11.27268],[125.15338,11.27256],[125.1534,11.27247],[125.15343,11.27238],[125.15345,11.27232],[125.15348,11.27225],[125.15349,11.27222],[125.1535,11.27219],[125.1535,11.27216],[125.1535,11.27215],[125.15348,11.27214],[125.15344,11.27212],[125.15338,11.2721],[125.15331,11.27208],[125.15321,11.27205],[125.15315,11.27204],[125.15302,11.27201],[125.15299,11.272],[125.15292,11.27199],[125.15287,11.27198],[125.15285,11.27202],[125.1529,11.27202]]]}},{"type":"Feature","properties":{"class":"barangay","barangay":"Magallanes"},"geometry":{"type":"Polygon","coordinates":[[[125.1177,11.2985],[125.11768,11.29845],[125.11765,11.29838],[125.11761,11.29821],[125.11755,11.29794],[125.11749,11.2977],[125.11744,11.2975],[125.11739,11.29726],[125.11737,11.29713],[125.11734,11.29698],[125.1173,11.29683],[125.11727,11.29667],[125.11724,11.29651],[125.1172,11.29631],[125.11719,11.29627],[125.11718,11.29624],[125.11715,11.29608],[125.11713,11.29595],[125.11711,11.29587],[125.11711,11.29584],[125.11708,11.29571],[125.11707,11.29562],[125.11705,11.29545],[125.11704,11.29538],[125.11703,11.29526],[125.11701,11.29512],[125.11697,11.29512],[125.11699,11.29522],[125.11699,11.29526],[125.117,11.29532],[125.11703,11.29547],[125.11704,11.29555],[125.11706,11.29568],[125.11708,11.29582],[125.11708,11.29588],[125.11712,11.29606],[125.11714,11.29618],[125.11716,11.29626],[125.11717,11.29629],[125.11718,11.29636],[125.11722,11.29651],[125.11725,11.29672],[125.11735,11.29719],[125.11743,11.29761],[125.11748,11.29783],[125.11753,11.29805],[125.1176,11.29835],[125.11763,11.29843],[125.11764,11.29848],[125.11767,11.29854],[125.11771,11.29851],[125.1177,11.2985]]]}},{"type":"Feature","properties":{"class":"barangay","barangay":"Magallanes"},"geometry":{"type":"Polygon","coordinates":[[[125.11719,11.29628],[125.11723,11.29627],[125.11725,11.29627],[125.11749,11.29625],[125.11776,11.29622],[125.11796,11.2962],[125.118,11.2962],[125.11835,11.29616],[125.11857,11.29614],[125.1188,11.2961],[125.119,11.29608],[125.11926,11.29605],[125.1195,11.29603],[125.11965,11.29603],[125.11972,11.29603],[125.11976,11.29603],[125.11976,11.29599],[125.11968,11.29599],[125.11958,11.29599],[125.1194,11.29601],[125.11922,11.29603],[125.11897,11.29605],[125.11892,11.29606],[125.11884,11.29607],[125.11866,11.2961],[125.11836,11.29613],[125.11808,11.29616],[125.11796,11.29617],[125.11792,11.29617],[125.11775,11.29619],[125.1176,11.29621],[125.11748,11.29622],[125.11734,11.29623],[125.11722,11.29624],[125.11718,11.29624],[125.11719,11.29628]]]}},{"type":"Feature","properties":{"class":"barangay","barangay":"Magallanes"},"geometry":{"type":"Polygon","coordinates":[[[125.11716,11.29585],[125.11733,11.29584],[125.11747,11.29583],[125.11765,11.29581],[125.11779,11.2958],[125.11788,11.2958],[125.11792,11.2958],[125.11793,11.2958],[125.11805,11.29579],[125.11824,11.29578],[125.11837,11.29577],[125.11844,11.29576],[125.11859,11.29575],[125.11881,11.29573],[125.11883,11.29573],[125.11884,11.29573],[125.11885,11.29573],[125.11886,11.29574],[125.11886,11.29575],[125.11887,11.29576],[125.11888,11.2958],[125.11889,11.29588],[125.11892,11.29603],[125.11892,11.29606],[125.11895,11.29606],[125.11895,11.29604],[125.11894,11.29601],[125.11893,11.29594],[125.11891,11.29584],[125.1189,11.29576],[125.11889,11.29574],[125.11889,11.29572],[125.11887,11.29571],[125.11885,11.2957],[125.11883,11.2957],[125.11879,11.2957],[125.11868,11.29571],[125.11855,11.29572],[125.11838,11.29574],[125.11818,11.29575],[125.11794,11.29577],[125.11784,11.29578],[125.11765,11.29579],[125.11757,11.2958],[125.11755,11.2958],[125.11749,11.29581],[125.11736,11.29581],[125.11724,11.29583],[125.11715,11.29583],[125.11711,11.29584],[125.11711,11.29586],[125.11716,11.29585]]]}},{"type":"Feature","properties":{"class":"barangay","barangay":"Magallanes"},"geometry":{"type":"Polygon","coordinates":[[[125.11789,11.29587],[125.11791,11.29602],[125.11792,11.29613],[125.11792,11.29617],[125.11792,11.29617],[125.11795,11.29617],[125.11795,11.29614],[125.11794,11.29609],[125.11794,11.29602],[125.11793,11.29599],[125.11792,11.29589],[125.11792,11.2958],[125.11788,11.2958],[125.11789,11.29587]]]}},{"type":"Feature","properties":{"class":"barangay","barangay":"Magallanes"},"geometry":{"type":"Polygon","coordinates":[[[125.11711,11.29626],[125.11698,11.29629],[125.11685,11.29631],[125.11673,11.29632],[125.11672,11.29632],[125.11672,11.29631],[125.11671,11.29624],[125.11671,11.29617],[125.11671,11.29613],[125.1167,11.29612],[125.11667,11.29613],[125.11667,11.29614],[125.11669,11.29619],[125.11669,11.2963],[125.11669,11.29632],[125.1167,11.29634],[125.11671,11.29635],[125.11673,11.29635],[125.11685,11.29634],[125.11695,11.29632],[125.11712,11.29629],[125.11715,11.29629],[125.11717,11.29629],[125.11716,11.29626],[125.11711,11.29626]]]}},{"type":"Feature","properties":{"class":"barangay","barangay":"Magallanes"},"geometry":{"type":"Polygon","coordinates":[[[125.11797,11.29626],[125.11799,11.2964],[125.11801,11.2965],[125.11803,11.29663],[125.11804,11.29673],[125.11805,11.29674],[125.11807,11.29674],[125.11807,11.29673],[125.11807,11.29671],[125.11805,11.29656],[125.11803,11.29642],[125.11801,11.29631],[125.118,11.29625],[125.118,11.2962],[125.11796,11.2962],[125.11797,11.29626]]]}},{"type":"Feature","properties":{"class":"barangay","barangay":"Guirang"},"geometry":{"type":"Polygon","coordinates":[[[125.15499,11.3382],[125.15488,11.33812],[125.15482,11.33805],[125.15467,11.3379],[125.15454,11.33777],[125.15448,11.33772],[125.15443,11.33768],[125.15438,11.33765],[125.15423,11.3376],[125.15395,11.33752],[125.15379,11.33749],[125.15365,11.33746],[125.15323,11.33736],[125.15296,11.3373],[125.15256,11.33722],[125.15219,11.33713],[125.15187,11.33703],[125.15183,11.33703],[125.15168,11.33698],[125.15147,11.33693],[125.15102,11.3368],[125.15087,11.33675],[125.15078,11.33673],[125.15077,11.33671],[125.15077,11.33669],[125.15079,11.33667],[125.1508,11.33665],[125.15083,11.33661],[125.15086,11.33656],[125.15092,11.3365],[125.151,11.3364],[125.15105,11.33633],[125.15108,11.33628],[125.15109,11.33625],[125.15111,11.33621],[125.15112,11.33614],[125.15113,11.33605],[125.15114,11.33596],[125.15116,11.33587],[125.15116,11.33579],[125.15115,11.3357],[125.15115,11.33562],[125.15113,11.3355],[125.15109,11.33519],[125.15105,11.33499],[125.15105,11.33482],[125.15103,11.33459],[125.15102,11.33448],[125.151,11.33447],[125.15098,11.33448],[125.15098,11.33451],[125.15099,11.33459],[125.15101,11.33479],[125.15102,11.33501],[125.15104,11.33513],[125.15109,11.33549],[125.1511,11.33561],[125.15111,11.33571],[125.1511,11.33591],[125.15108,11.33614],[125.15105,11.33623],[125.15103,11.33628],[125.15097,11.33637],[125.15088,11.33647],[125.1508,11.33658],[125.15073,11.33668],[125.15072,11.33671],[125.15073,11.33673],[125.15073,11.33675],[125.15076,11.33676],[125.15086,11.3368],[125.15104,11.33686],[125.1514,11.33695],[125.15171,11.33703],[125.15207,11.33714],[125.15227,11.3372],[125.15257,11.33728],[125.1527,11.33731],[125.1529,11.33735],[125.15311,11.3374],[125.15315,11.33741],[125.15334,11.33746],[125.15356,11.33751],[125.15374,11.33756],[125.15378,11.33757],[125.15389,11.33759],[125.15406,11.33764],[125.15428,11.3377],[125.15432,11.33771],[125.15436,11.33773],[125.15443,11.33776],[125.1545,11.33783],[125.15468,11.338],[125.15484,11.33817],[125.15495,11.33825],[125.15499,11.3382]]]}},{"type":"Feature","properties":{"class":"barangay","barangay":"Guirang"},"geometry":{"type":"Polygon","coordinates":[[[125.155,11.33829],[125.15496,11.33825],[125.15491,11.33833],[125.15481,11.3385],[125.15472,11.33865],[125.15468,11.33872],[125.15467,11.33872],[125.15464,11.33872],[125.15457,11.33869],[125.15447,11.33865],[125.15433,11.33858],[125.15413,11.33851],[125.15409,11.33849],[125.15402,11.33847],[125.15389,11.33842],[125.15375,11.33838],[125.15361,11.33833],[125.15352,11.3383],[125.15347,11.33828],[125.15345,11.33828],[125.15337,11.33825],[125.15334,11.33824],[125.1533,11.33822],[125.15328,11.3382],[125.15326,11.33817],[125.15324,11.33814],[125.15323,11.33811],[125.15321,11.3381],[125.15317,11.33808],[125.15306,11.33806],[125.1529,11.338],[125.15281,11.33796],[125.15279,11.33796],[125.15278,11.33798],[125.15279,11.33799],[125.15283,11.33801],[125.15292,11.33804],[125.15305,11.33809],[125.15318,11.33812],[125.15319,11.33814],[125.1532,11.33815],[125.15322,11.33818],[125.15325,11.33822],[125.15327,11.33824],[125.1533,11.33826],[125.1534,11.3383],[125.1535,11.33834],[125.15357,11.33836],[125.15374,11.33842],[125.15393,11.33847],[125.15409,11.33853],[125.15432,11.33862],[125.15447,11.33869],[125.15459,11.33874],[125.15468,11.33877],[125.15469,11.33877],[125.1547,11.33876],[125.15473,11.33872],[125.15478,11.33864],[125.1549,11.33845],[125.155,11.33829]]]}},{"type":"Feature","properties":{"class":"barangay","barangay":"Guirang"},"geometry":{"type":"Polygon","coordinates":[[[125.15344,11.33848],[125.15339,11.33861],[125.15334,11.3387],[125.1534,11.33872],[125.15344,11.33864],[125.1535,11.33849],[125.15357,11.33836],[125.1535,11.33834],[125.15344,11.33848]]]}},{"type":"Feature","properties":{"class":"barangay","barangay":"Guirang"},"geometry":{"type":"Polygon","coordinates":[[[125.15424,11.33785],[125.15419,11.33807],[125.15413,11.33835],[125.15409,11.33849],[125.15413,11.33851],[125.15418,11.33837],[125.15424,11.33811],[125.15428,11.33788],[125.15431,11.33774],[125.15432,11.33771],[125.15428,11.3377],[125.15424,11.33785]]]}},{"type":"Feature","properties":{"class":"barangay","barangay":"Guirang"},"geometry":{"type":"Polygon","coordinates":[[[125.15374,11.3376],[125.15371,11.33771],[125.15366,11.33788],[125.15356,11.33809],[125.15347,11.33828],[125.15352,11.3383],[125.15353,11.33827],[125.15362,11.33806],[125.1537,11.33788],[125.15373,11.33778],[125.15378,11.3376],[125.15378,11.33757],[125.15374,11.33756],[125.15374,11.3376]]]}},{"type":"Feature","properties":{"class":"barangay","barangay":"Guirang"},"geometry":{"type":"Polygon","coordinates":[[[125.1531,11.33779],[125.15314,11.33757],[125.15315,11.33741],[125.15311,11.3374],[125.1531,11.33758],[125.15306,11.33783],[125.15303,11.33797],[125.15301,11.33804],[125.15306,11.33806],[125.1531,11.33779]]]}},{"type":"Feature","properties":{"class":"barangay","barangay":"Guirang"},"geometry":{"type":"Polygon","coordinates":[[[125.15121,11.33636],[125.15133,11.33642],[125.15147,11.33649],[125.1516,11.33655],[125.15179,11.33663],[125.15183,11.33665],[125.15185,11.33667],[125.15186,11.33669],[125.15186,11.33672],[125.15186,11.33676],[125.15185,11.33686],[125.15183,11.33703],[125.15187,11.33703],[125.15188,11.33694],[125.15189,11.33682],[125.1519,11.33672],[125.1519,11.33669],[125.15189,11.33667],[125.15187,11.33663],[125.15184,11.33661],[125.15175,11.33657],[125.15161,11.33651],[125.15149,11.33646],[125.15133,11.33638],[125.15122,11.33633],[125.15117,11.3363],[125.15109,11.33625],[125.15108,11.33628],[125.15121,11.33636]]]}},{"type":"Feature","properties":{"class":"barangay","barangay":"Guirang"},"geometry":{"type":"Polygon","coordinates":[[[125.14612,11.33421],[125.14623,11.33414],[125.14631,11.33407],[125.14634,11.33404],[125.14638,11.334],[125.1464,11.33397],[125.14642,11.33392],[125.14644,11.33383],[125.14646,11.33378],[125.14648,11.33372],[125.14652,11.33365],[125.14654,11.3336],[125.14661,11.33349],[125.14669,11.33341],[125.14679,11.33327],[125.14683,11.33322],[125.14684,11.33321],[125.14684,11.33319],[125.14682,11.33316],[125.14671,11.33306],[125.1466,11.33293],[125.14654,11.33286],[125.14645,11.33278],[125.14641,11.33274],[125.1464,11.33273],[125.14636,11.33269],[125.14631,11.33264],[125.14625,11.3326],[125.14616,11.33255],[125.14604,11.33251],[125.14596,11.3325],[125.14589,11.33251],[125.1458,11.33254],[125.14575,11.33256],[125.14571,11.33256],[125.14569,11.33256],[125.14566,11.33255],[125.14561,11.33252],[125.14557,11.33249],[125.14554,11.33247],[125.14551,11.33244],[125.14547,11.33243],[125.14544,11.33243],[125.14539,11.33243],[125.14535,11.33243],[125.1453,11.33244],[125.14526,11.33245],[125.1452,11.33246],[125.14515,11.33246],[125.14513,11.33247],[125.14514,11.3325],[125.14515,11.33251],[125.14523,11.3325],[125.14535,11.33248],[125.1454,11.33247],[125.14546,11.33248],[125.14549,11.33248],[125.14551,11.3325],[125.14554,11.33252],[125.14558,11.33255],[125.14562,11.33257],[125.14566,11.33259],[125.1457,11.3326],[125.14574,11.3326],[125.14578,11.33259],[125.14582,11.33258],[125.14586,11.33256],[125.14589,11.33256],[125.14591,11.33255],[125.14594,11.33254],[125.14597,11.33254],[125.14601,11.33254],[125.14604,11.33255],[125.14608,11.33257],[125.14615,11.33259],[125.14621,11.33264],[125.14627,11.33267],[125.14631,11.3327],[125.14637,11.33277],[125.14645,11.33285],[125.14653,11.33293],[125.14658,11.33299],[125.14661,11.33303],[125.14664,11.33306],[125.14669,11.33312],[125.14674,11.33316],[125.14675,11.33317],[125.14676,11.33319],[125.14676,11.33321],[125.14671,11.33328],[125.14663,11.33338],[125.14656,11.33347],[125.14651,11.33354],[125.1465,11.33355],[125.14647,11.3336],[125.14643,11.33369],[125.14641,11.33375],[125.14639,11.33382],[125.14636,11.33391],[125.14634,11.33394],[125.14631,11.33399],[125.14625,11.33405],[125.14616,11.33413],[125.14608,11.33417],[125.14602,11.33421],[125.14598,11.33423],[125.146,11.33428],[125.14612,11.33421]]]}},{"type":"Feature","properties":{"class":"barangay","barangay":"Guirang"},"geometry":{"type":"Polygon","coordinates":[[[125.14688,11.33317],[125.14691,11.33314],[125.14692,11.33311],[125.14693,11.33307],[125.14693,11.33305],[125.14692,11.33302],[125.14685,11.3329],[125.1468,11.33282],[125.14674,11.33272],[125.14671,11.33267],[125.14666,11.33259],[125.14663,11.33254],[125.14662,11.33252],[125.1466,11.33251],[125.14658,11.33251],[125.14657,11.33251],[125.14654,11.33252],[125.1465,11.33257],[125.14644,11.33264],[125.14636,11.33269],[125.1464,11.33273],[125.14643,11.3327],[125.14646,11.33268],[125.14648,11.33266],[125.1465,11.33263],[125.14652,11.33261],[125.14654,11.33258],[125.14655,11.33256],[125.14657,11.33255],[125.14658,11.33254],[125.1466,11.33255],[125.14664,11.33262],[125.14671,11.33275],[125.14676,11.33284],[125.14681,11.33294],[125.14687,11.33303],[125.14688,11.33305],[125.14688,11.33307],[125.14688,11.33309],[125.14686,11.33313],[125.14682,11.33316],[125.14684,11.33319],[125.14684,11.33321],[125.14688,11.33317]]]}},{"type":"Feature","properties":{"class":"barangay","barangay":"Guirang"},"geometry":{"type":"Polygon","coordinates":[[[125.14646,11.3335],[125.14644,11.33348],[125.14643,11.33345],[125.14643,11.33343],[125.14643,11.33341],[125.14647,11.33333],[125.14656,11.33319],[125.14664,11.33306],[125.14661,11.33303],[125.1465,11.33316],[125.14642,11.33329],[125.14637,11.3334],[125.14636,11.33344],[125.14636,11.33346],[125.14636,11.33348],[125.14638,11.33351],[125.14642,11.33355],[125.14647,11.3336],[125.1465,11.33355],[125.14651,11.33354],[125.14646,11.3335]]]}},{"type":"Feature","properties":{"class":"municipal","barangay":"Inuntan"},"geometry":{"type":"Polygon","coordinates":[[[125.15301,11.34018],[125.15292,11.34044],[125.15289,11.34052],[125.15282,11.34079],[125.15278,11.34094],[125.15271,11.34117],[125.1526,11.34158],[125.15251,11.34185],[125.15247,11.34205],[125.15245,11.34212],[125.15242,11.3422],[125.15236,11.34229],[125.15227,11.34242],[125.1521,11.34267],[125.15201,11.34285],[125.15193,11.343],[125.15188,11.34309],[125.15187,11.34314],[125.15183,11.34336],[125.1518,11.34353],[125.15178,11.34363],[125.15179,11.34366],[125.1518,11.34369],[125.15183,11.34373],[125.15187,11.34376],[125.15193,11.3438],[125.15197,11.34383],[125.15199,11.34388],[125.15201,11.34396],[125.15201,11.34404],[125.15195,11.3444],[125.15186,11.34481],[125.15185,11.34486],[125.15176,11.34522],[125.15169,11.34554],[125.15158,11.34589],[125.15152,11.34607],[125.1515,11.34613],[125.15145,11.3464],[125.15131,11.34686],[125.1512,11.34732],[125.15113,11.34769],[125.15108,11.34798],[125.15105,11.34825],[125.15104,11.34847],[125.15105,11.34865],[125.15111,11.34888],[125.15127,11.34928],[125.15149,11.34973],[125.15173,11.35009],[125.15208,11.35058],[125.15238,11.35107],[125.15257,11.35134],[125.15264,11.35147],[125.15269,11.35159],[125.15272,11.35178],[125.15272,11.35213],[125.15267,11.35248],[125.15263,11.35274],[125.15258,11.35302],[125.15252,11.35327],[125.15243,11.35346],[125.15231,11.35373],[125.15224,11.35386],[125.15214,11.35401],[125.15204,11.35415],[125.15181,11.35438],[125.15167,11.35446],[125.15153,11.35457],[125.15142,11.35468],[125.15137,11.35475],[125.15124,11.35494],[125.15108,11.35516],[125.15094,11.35535],[125.15082,11.35546],[125.15075,11.35551],[125.15063,11.35554],[125.15033,11.35557],[125.15006,11.35558],[125.14991,11.35561],[125.14975,11.35565],[125.14969,11.35568],[125.14965,11.35573],[125.14961,11.35578],[125.14958,11.35583],[125.14955,11.35589],[125.14953,11.35596],[125.14951,11.35602],[125.14945,11.35612],[125.14939,11.3562],[125.14926,11.35635],[125.14917,11.35647],[125.14905,11.35656],[125.14898,11.35662],[125.14886,11.35676],[125.14874,11.3569],[125.14867,11.35707],[125.1486,11.35723],[125.14855,11.35743],[125.14845,11.35769],[125.14844,11.35787],[125.14844,11.3581],[125.14844,11.35836],[125.14846,11.35857],[125.14849,11.35879],[125.14849,11.35885],[125.14856,11.35881],[125.14853,11.35838],[125.14854,11.35821],[125.14854,11.35804],[125.14855,11.35778],[125.14856,11.35767],[125.14862,11.3575],[125.14871,11.35721],[125.14881,11.35698],[125.14893,11.35682],[125.14912,11.35665],[125.14927,11.3565],[125.14944,11.35631],[125.14953,11.35619],[125.14958,11.35607],[125.14965,11.35589],[125.14971,11.35578],[125.14975,11.35572],[125.14981,11.3557],[125.14997,11.35568],[125.1502,11.35567],[125.15041,11.35564],[125.15069,11.3556],[125.15081,11.35557],[125.1509,11.35552],[125.15099,11.35543],[125.15109,11.3553],[125.15132,11.35502],[125.15145,11.35481],[125.15162,11.35463],[125.15175,11.35455],[125.15188,11.35445],[125.15207,11.35428],[125.15225,11.35405],[125.15242,11.35373],[125.15256,11.35344],[125.15267,11.35301],[125.15274,11.35269],[125.15279,11.35221],[125.15282,11.35186],[125.1528,11.3516],[125.15273,11.35144],[125.1526,11.35122],[125.15227,11.35071],[125.15197,11.35027],[125.15179,11.34998],[125.15156,11.34964],[125.15134,11.3492],[125.15122,11.34891],[125.15116,11.34864],[125.15114,11.34846],[125.15115,11.34816],[125.1512,11.34786],[125.15131,11.34727],[125.15146,11.34674],[125.15162,11.34612],[125.15183,11.34531],[125.15184,11.34523],[125.15187,11.34511],[125.15188,11.34507],[125.15199,11.34467],[125.15206,11.3443],[125.15207,11.34411],[125.15208,11.34399],[125.15207,11.34389],[125.15204,11.34379],[125.15201,11.34374],[125.15193,11.34369],[125.15189,11.34365],[125.15186,11.34361],[125.15186,11.34357],[125.15193,11.34319],[125.15199,11.34305],[125.15211,11.34281],[125.15224,11.34261],[125.15236,11.34246],[125.15247,11.34228],[125.15256,11.34208],[125.15263,11.34179],[125.1528,11.34118],[125.15293,11.34065],[125.15309,11.34015],[125.15312,11.3401],[125.15305,11.34006],[125.15305,11.34006],[125.15301,11.34018]]]}},{"type":"Feature","properties":{"class":"barangay","barangay":"Inuntan"},"geometry":{"type":"Polygon","coordinates":[[[125.152,11.34514],[125.15205,11.34514],[125.15216,11.34516],[125.1523,11.34517],[125.15236,11.34518],[125.15236,11.34514],[125.15224,11.34513],[125.15207,11.3451],[125.152,11.3451],[125.15188,11.34507],[125.15187,11.34511],[125.152,11.34514]]]}},{"type":"Feature","properties":{"class":"barangay","barangay":"Inuntan"},"geometry":{"type":"Polygon","coordinates":[[[125.15197,11.34525],[125.15195,11.34538],[125.15194,11.34543],[125.15193,11.34547],[125.15192,11.34555],[125.15191,11.34564],[125.15188,11.34585],[125.15187,11.34598],[125.15189,11.34605],[125.15192,11.3461],[125.15199,11.34612],[125.15203,11.34612],[125.15213,11.34612],[125.15217,11.34611],[125.15219,11.34609],[125.15223,11.34605],[125.15227,11.34595],[125.15232,11.34581],[125.15238,11.34566],[125.1524,11.3455],[125.15242,11.34526],[125.15244,11.34505],[125.1525,11.34471],[125.1525,11.34464],[125.1525,11.34458],[125.1525,11.34448],[125.1525,11.34434],[125.1525,11.34423],[125.15246,11.34412],[125.15242,11.34404],[125.15234,11.34395],[125.15225,11.34389],[125.15213,11.3438],[125.15201,11.34374],[125.15204,11.34379],[125.15205,11.34383],[125.15211,11.34385],[125.15222,11.34394],[125.15234,11.34403],[125.1524,11.34413],[125.15242,11.34422],[125.15243,11.34429],[125.15245,11.34451],[125.15244,11.34464],[125.15242,11.34479],[125.15238,11.34501],[125.15236,11.34514],[125.15236,11.34518],[125.15235,11.34539],[125.15234,11.3455],[125.15232,11.34563],[125.1523,11.34571],[125.15227,11.34583],[125.15223,11.34593],[125.1522,11.34599],[125.15217,11.34607],[125.15212,11.34609],[125.15207,11.34609],[125.15202,11.34609],[125.15197,11.34608],[125.15193,11.34605],[125.15192,11.346],[125.15192,11.34591],[125.15193,11.34577],[125.15195,11.34564],[125.15197,11.34549],[125.15199,11.3454],[125.15202,11.34525],[125.15205,11.34514],[125.152,11.34514],[125.15197,11.34525]]]}},{"type":"Feature","properties":{"class":"barangay","barangay":"Inuntan"},"geometry":{"type":"Polygon","coordinates":[[[125.15244,11.34464],[125.15238,11.34462],[125.15233,11.3446],[125.15225,11.3446],[125.1522,11.34461],[125.15213,11.34464],[125.1521,11.34469],[125.15206,11.34479],[125.15203,11.34491],[125.152,11.3451],[125.15205,11.3451],[125.15209,11.34493],[125.15211,11.3448],[125.15214,11.34473],[125.15216,11.3447],[125.15218,11.34468],[125.15222,11.34465],[125.15226,11.34465],[125.1523,11.34466],[125.15235,11.34466],[125.15243,11.3447],[125.15244,11.34464],[125.15244,11.34464]]]}},{"type":"Feature","properties":{"class":"barangay","barangay":"Inuntan"},"geometry":{"type":"Polygon","coordinates":[[[125.15259,11.34473],[125.15267,11.34477],[125.15269,11.34479],[125.15267,11.34484],[125.15263,11.34491],[125.15258,11.34505],[125.15254,11.34519],[125.15253,11.34534],[125.15252,11.34549],[125.15252,11.34557],[125.15254,11.34559],[125.15257,11.34558],[125.15259,11.34553],[125.15258,11.3454],[125.15259,11.34521],[125.15261,11.3451],[125.15267,11.34492],[125.15273,11.34486],[125.15274,11.34482],[125.15275,11.34479],[125.15274,11.34475],[125.15272,11.34473],[125.15261,11.34469],[125.15253,11.34466],[125.1525,11.34464],[125.1525,11.34464],[125.1525,11.34471],[125.15259,11.34473]]]}},{"type":"Feature","properties":{"class":"barangay","barangay":"Inuntan"},"geometry":{"type":"Polygon","coordinates":[[[125.15158,11.34361],[125.15124,11.3437],[125.15112,11.34373],[125.15105,11.34373],[125.15098,11.34369],[125.15097,11.34369],[125.1509,11.34363],[125.15078,11.34348],[125.15071,11.34341],[125.15065,11.34338],[125.15058,11.34333],[125.15051,11.34331],[125.15042,11.34329],[125.15033,11.3433],[125.15023,11.34333],[125.15013,11.34337],[125.14995,11.34346],[125.1498,11.34354],[125.14961,11.34364],[125.14937,11.34373],[125.1492,11.34381],[125.14907,11.34385],[125.14895,11.34388],[125.14887,11.34388],[125.1488,11.34386],[125.14872,11.34381],[125.14866,11.34375],[125.14863,11.34374],[125.1486,11.34371],[125.14849,11.34371],[125.14838,11.34377],[125.14828,11.34387],[125.14818,11.34395],[125.14814,11.34398],[125.14804,11.344],[125.14793,11.34401],[125.14782,11.34403],[125.14776,11.34406],[125.1477,11.3441],[125.1476,11.34418],[125.14751,11.34425],[125.14746,11.34427],[125.1474,11.34427],[125.14734,11.34426],[125.14725,11.34421],[125.1472,11.34417],[125.14713,11.34413],[125.14704,11.34407],[125.14694,11.34403],[125.14681,11.34401],[125.14669,11.344],[125.14654,11.34402],[125.14646,11.34402],[125.14636,11.34403],[125.14627,11.34408],[125.14609,11.34421],[125.14595,11.34431],[125.14575,11.34446],[125.14576,11.34448],[125.14581,11.34449],[125.14591,11.34442],[125.14607,11.34428],[125.14618,11.34419],[125.14629,11.34412],[125.14639,11.34407],[125.14647,11.34405],[125.14659,11.34405],[125.14677,11.34404],[125.14688,11.34406],[125.147,11.34411],[125.14708,11.34415],[125.14722,11.34423],[125.14733,11.34429],[125.14745,11.3443],[125.1475,11.34429],[125.14763,11.34422],[125.1477,11.34416],[125.14778,11.34411],[125.14783,11.34407],[125.14792,11.34405],[125.14804,11.34404],[125.14815,11.34401],[125.14823,11.34398],[125.14828,11.34393],[125.14832,11.34389],[125.14838,11.34384],[125.14842,11.3438],[125.14846,11.34376],[125.14851,11.34374],[125.14857,11.34374],[125.14862,11.34377],[125.14867,11.3438],[125.14871,11.34384],[125.14877,11.34387],[125.14885,11.3439],[125.14896,11.34391],[125.14906,11.3439],[125.14922,11.34385],[125.14937,11.34379],[125.14968,11.34365],[125.14997,11.34352],[125.15013,11.34344],[125.15028,11.34337],[125.15035,11.34335],[125.15045,11.34334],[125.15055,11.34336],[125.15064,11.34341],[125.15074,11.3435],[125.15082,11.34359],[125.15088,11.34367],[125.15095,11.34372],[125.15106,11.34376],[125.15117,11.34376],[125.15132,11.34373],[125.15153,11.34366],[125.15168,11.34362],[125.15179,11.34358],[125.1518,11.34353],[125.15158,11.34361]]]}},{"type":"Feature","properties":{"class":"municipal","barangay":"Old San Agustin"},"geometry":{"type":"Polygon","coordinates":[[[125.1133,11.3258],[125.11332,11.32603],[125.11335,11.32622],[125.11338,11.32645],[125.11343,11.32678],[125.11346,11.32705],[125.11349,11.32737],[125.1135,11.32748],[125.11352,11.32761],[125.11354,11.32771],[125.11356,11.32782],[125.11361,11.3281],[125.11366,11.32843],[125.11366,11.32848],[125.11369,11.32875],[125.11373,11.32914],[125.11376,11.32946],[125.11378,11.32972],[125.11377,11.32996],[125.11377,11.33028],[125.11376,11.33058],[125.11376,11.3309],[125.11376,11.33119],[125.11376,11.33134],[125.11376,11.33143],[125.11379,11.33177],[125.11381,11.33199],[125.11382,11.33227],[125.11385,11.33259],[125.11388,11.33287],[125.11391,11.3332],[125.11393,11.3334],[125.11399,11.334],[125.11402,11.33437],[125.11406,11.33465],[125.11408,11.33479],[125.11408,11.33493],[125.11414,11.33493],[125.11413,11.33483],[125.11408,11.33446],[125.11403,11.33392],[125.11399,11.33354],[125.11396,11.33321],[125.11393,11.33298],[125.11391,11.3328],[125.11388,11.33246],[125.11386,11.3322],[125.11385,11.33201],[125.11384,11.33191],[125.11383,11.33177],[125.11382,11.33165],[125.11381,11.33149],[125.1138,11.33133],[125.1138,11.33114],[125.11379,11.33099],[125.1138,11.33083],[125.1138,11.33064],[125.1138,11.33053],[125.11381,11.33038],[125.11381,11.33018],[125.11382,11.33001],[125.11382,11.32979],[125.11382,11.32966],[125.11381,11.32957],[125.1138,11.32938],[125.11377,11.32917],[125.11375,11.32895],[125.11372,11.3287],[125.11371,11.32843],[125.11367,11.32817],[125.11363,11.32795],[125.11359,11.32779],[125.11356,11.32763],[125.11353,11.32732],[125.1135,11.32705],[125.11349,11.32695],[125.11347,11.32679],[125.11342,11.32643],[125.11339,11.32628],[125.11336,11.32601],[125.11335,11.32584],[125.11336,11.32575],[125.11329,11.32573],[125.1133,11.3258]]]}},{"type":"Feature","properties":{"class":"municipal","barangay":"Old San Agustin"},"geometry":{"type":"Polygon","coordinates":[[[125.11399,11.33496],[125.11384,11.33498],[125.11364,11.33502],[125.11338,11.33507],[125.11313,11.33512],[125.11302,11.33513],[125.11278,11.33513],[125.11246,11.33511],[125.11173,11.33512],[125.11147,11.33513],[125.11127,11.33514],[125.11115,11.33514],[125.111,11.33513],[125.11081,11.33511],[125.11067,11.33511],[125.11051,11.33509],[125.11041,11.33509],[125.11027,11.3351],[125.11017,11.33511],[125.11008,11.33513],[125.10998,11.33515],[125.10987,11.33517],[125.10978,11.33519],[125.10973,11.33519],[125.10973,11.33522],[125.10977,11.33522],[125.10995,11.33519],[125.11018,11.33515],[125.11036,11.33512],[125.11048,11.33512],[125.11066,11.33513],[125.11091,11.33515],[125.11119,11.33517],[125.11128,11.33517],[125.11136,11.33516],[125.11158,11.33515],[125.11191,11.33514],[125.11226,11.33514],[125.11254,11.33515],[125.11293,11.33516],[125.11306,11.33516],[125.11315,11.33514],[125.11328,11.33512],[125.11343,11.33509],[125.1136,11.33506],[125.11381,11.33502],[125.11401,11.33499],[125.11408,11.33497],[125.11414,11.33497],[125.11417,11.33498],[125.11429,11.33502],[125.11445,11.33507],[125.1146,11.3351],[125.11474,11.33511],[125.11492,11.33511],[125.11515,11.33511],[125.11529,11.33513],[125.11555,11.33515],[125.1159,11.33519],[125.11602,11.3352],[125.11604,11.3352],[125.11604,11.33518],[125.11599,11.33517],[125.11581,11.33516],[125.11559,11.33513],[125.11533,11.3351],[125.11516,11.33508],[125.11502,11.33509],[125.11471,11.33508],[125.11456,11.33506],[125.11443,11.33503],[125.11424,11.33496],[125.11414,11.33493],[125.11408,11.33493],[125.11399,11.33496]]]}},{"type":"Feature","properties":{"class":"municipal","barangay":"Bulao"},"geometry":{"type":"Polygon","coordinates":[[[125.10973,11.33519],[125.10968,11.3352],[125.10935,11.33529],[125.10915,11.33534],[125.10911,11.33535],[125.10907,11.33535],[125.10898,11.33529],[125.10891,11.33525],[125.10882,11.3352],[125.10873,11.33515],[125.10862,11.3351],[125.10848,11.33509],[125.10824,11.33513],[125.10808,11.33514],[125.10794,11.33517],[125.10776,11.33518],[125.10763,11.33517],[125.10743,11.33516],[125.10723,11.33512],[125.10708,11.33507],[125.10677,11.33496],[125.10646,11.33484],[125.10632,11.33481],[125.10622,11.3348],[125.10611,11.33481],[125.10593,11.33483],[125.10582,11.33486],[125.10572,11.33493],[125.10565,11.33497],[125.1056,11.33505],[125.10557,11.33512],[125.10555,11.33518],[125.10554,11.33526],[125.10553,11.33543],[125.10546,11.33573],[125.1054,11.3359],[125.1053,11.33611],[125.10525,11.33622],[125.10513,11.33634],[125.10498,11.33644],[125.10479,11.33653],[125.10458,11.3366],[125.10435,11.33667],[125.1041,11.33673],[125.10393,11.33678],[125.10382,11.33681],[125.10372,11.33686],[125.10364,11.33692],[125.10359,11.33699],[125.10352,11.3371],[125.10348,11.33721],[125.10339,11.33738],[125.10335,11.33744],[125.10327,11.33748],[125.10316,11.33752],[125.10288,11.33761],[125.10277,11.33766],[125.10274,11.33772],[125.10273,11.33781],[125.10269,11.33795],[125.10266,11.33805],[125.10264,11.33814],[125.10263,11.33824],[125.1026,11.33834],[125.1025,11.33861],[125.10242,11.33882],[125.10239,11.33891],[125.10238,11.33902],[125.10237,11.33913],[125.10235,11.33923],[125.10231,11.33935],[125.10222,11.33956],[125.1021,11.33978],[125.10205,11.33987],[125.10201,11.33993],[125.102,11.34001],[125.10198,11.34007],[125.10197,11.34018],[125.10193,11.3403],[125.10184,11.34043],[125.1018,11.34049],[125.10172,11.34055],[125.10159,11.34065],[125.10137,11.34081],[125.10103,11.34106],[125.10081,11.34125],[125.10059,11.34145],[125.10046,11.34162],[125.10039,11.34173],[125.10035,11.34182],[125.10033,11.34195],[125.10032,11.34204],[125.10032,11.34214],[125.10035,11.34227],[125.10038,11.34237],[125.10039,11.34245],[125.10039,11.34254],[125.10037,11.34262],[125.10034,11.34272],[125.10029,11.34282],[125.10022,11.34291],[125.1001,11.34309],[125.10001,11.34332],[125.09996,11.34347],[125.09995,11.34358],[125.09994,11.34365],[125.09996,11.34376],[125.09999,11.34387],[125.10004,11.34398],[125.10015,11.34413],[125.1003,11.34435],[125.10045,11.34455],[125.10054,11.34466],[125.10057,11.3447],[125.1006,11.34475],[125.10061,11.3448],[125.10061,11.34484],[125.10062,11.34489],[125.10061,11.34495],[125.10059,11.34502],[125.10057,11.34506],[125.10053,11.34512],[125.10047,11.34518],[125.10041,11.34525],[125.10034,11.34535],[125.10031,11.34549],[125.10029,11.3456],[125.10027,11.34577],[125.10022,11.34597],[125.10017,11.34617],[125.10012,11.3463],[125.10008,11.34641],[125.10005,11.34646],[125.10002,11.3465],[125.09998,11.34652],[125.09995,11.34655],[125.09991,11.34658],[125.09982,11.34665],[125.09974,11.3467],[125.09967,11.34678],[125.0996,11.34687],[125.09947,11.34702],[125.09933,11.3472],[125.09924,11.34732],[125.09921,11.34742],[125.09921,11.34746],[125.0992,11.3475],[125.09921,11.34756],[125.09921,11.34765],[125.0992,11.3477],[125.09919,11.34774],[125.09919,11.34777],[125.09917,11.34783],[125.09914,11.34788],[125.09908,11.34797],[125.09898,11.34813],[125.09886,11.3483],[125.09883,11.34836],[125.09882,11.34841],[125.09882,11.34849],[125.09884,11.34854],[125.09886,11.34859],[125.09899,11.34869],[125.09914,11.34878],[125.09946,11.34895],[125.0996,11.349],[125.09982,11.34905],[125.10007,11.34911],[125.10022,11.34913],[125.10029,11.34914],[125.10042,11.34915],[125.10059,11.34915],[125.10073,11.34917],[125.10088,11.34922],[125.10098,11.34927],[125.10107,11.34933],[125.10116,11.34942],[125.10122,11.34947],[125.1013,11.34951],[125.10144,11.34958],[125.10158,11.34962],[125.10167,11.34964],[125.10176,11.34966],[125.10186,11.34967],[125.10198,11.34967],[125.10213,11.34963],[125.10226,11.34958],[125.10234,11.34956],[125.10242,11.34954],[125.1025,11.34954],[125.10258,11.34956],[125.10271,11.34961],[125.10283,11.34967],[125.103,11.34981],[125.10315,11.34992],[125.10334,11.35009],[125.10353,11.35023],[125.10373,11.3504],[125.10394,11.35056],[125.10419,11.35083],[125.10431,11.35094],[125.10435,11.35098],[125.10438,11.35101],[125.10445,11.35103],[125.10462,11.35108],[125.10472,11.35111],[125.10482,11.35115],[125.10487,11.35117],[125.10494,11.3512],[125.105,11.35123],[125.10506,11.35127],[125.10511,11.35133],[125.10517,11.35139],[125.10521,11.35144],[125.10524,11.35148],[125.10525,11.35153],[125.10527,11.35159],[125.10527,11.35164],[125.10527,11.35169],[125.10526,11.35173],[125.10525,11.35177],[125.10523,11.35182],[125.10516,11.35196],[125.10503,11.35222],[125.10489,11.3525],[125.10487,11.35253],[125.10485,11.35258],[125.10484,11.35263],[125.10485,11.3527],[125.10486,11.35275],[125.1049,11.35286],[125.10496,11.35299],[125.10501,11.3531],[125.10505,11.35316],[125.10509,11.35321],[125.10514,11.35324],[125.1052,11.35327],[125.10527,11.3533],[125.10535,11.35333],[125.10542,11.35336],[125.10554,11.35342],[125.10563,11.35349],[125.10571,11.35357],[125.10575,11.35368],[125.10581,11.35382],[125.10584,11.35393],[125.10585,11.35406],[125.10587,11.3542],[125.10589,11.35429],[125.10592,11.35438],[125.10596,11.35445],[125.106,11.3545],[125.10605,11.35454],[125.10611,11.35457],[125.10626,11.35464],[125.10635,11.35467],[125.10642,11.35471],[125.10647,11.35479],[125.10649,11.35484],[125.1065,11.35491],[125.10651,11.35502],[125.10651,11.3551],[125.10651,11.35517],[125.10649,11.35524],[125.10646,11.35529],[125.10635,11.35552],[125.10626,11.35571],[125.1062,11.35588],[125.10619,11.35594],[125.10619,11.35601],[125.1062,11.35606],[125.10627,11.35629],[125.10631,11.35644],[125.10632,11.3565],[125.10635,11.35655],[125.10642,11.35661],[125.10658,11.35672],[125.1067,11.35681],[125.10683,11.35694],[125.10696,11.35711],[125.10711,11.35741],[125.1072,11.35769],[125.10721,11.35774],[125.10722,11.3578],[125.10722,11.35781],[125.10721,11.35789],[125.1072,11.35795],[125.10718,11.35803],[125.10715,11.3581],[125.10709,11.35824],[125.10695,11.35842],[125.10671,11.35867],[125.1064,11.35904],[125.10627,11.35919],[125.10618,11.35927],[125.10607,11.35936],[125.10595,11.35947],[125.10588,11.35957],[125.10585,11.35964],[125.10583,11.35973],[125.10583,11.3598],[125.10584,11.35988],[125.10587,11.36005],[125.10591,11.3602],[125.10591,11.36033],[125.10589,11.36043],[125.10583,11.36053],[125.10576,11.36064],[125.10571,11.36068],[125.10566,11.36072],[125.10555,11.36078],[125.10543,11.3609],[125.10524,11.36111],[125.10515,11.36121],[125.10508,11.36125],[125.10499,11.36129],[125.10493,11.3613],[125.10484,11.3613],[125.10473,11.36131],[125.10469,11.3613],[125.10459,11.36129],[125.10451,11.36127],[125.10443,11.36125],[125.10434,11.36124],[125.10416,11.36123],[125.10407,11.36123],[125.10396,11.36123],[125.10395,11.36126],[125.1041,11.36127],[125.10421,11.36128],[125.10441,11.36129],[125.10449,11.3613],[125.10468,11.36134],[125.10483,11.36134],[125.10498,11.36133],[125.10506,11.36131],[125.10514,11.36127],[125.1052,11.36121],[125.10529,11.36111],[125.10542,11.36098],[125.10554,11.36085],[125.1056,11.36081],[125.10572,11.36073],[125.10577,11.36069],[125.10581,11.36064],[125.10594,11.3604],[125.10595,11.36031],[125.10595,11.36021],[125.10593,11.3601],[125.1059,11.36],[125.10587,11.35985],[125.10587,11.35976],[125.10588,11.3597],[125.10589,11.35965],[125.10593,11.35957],[125.10599,11.35951],[125.10605,11.35944],[125.10615,11.35935],[125.10626,11.35926],[125.10637,11.35915],[125.10657,11.35891],[125.10676,11.3587],[125.10691,11.35854],[125.10706,11.35836],[125.10714,11.35826],[125.10717,11.35816],[125.10723,11.35802],[125.10726,11.35789],[125.10727,11.35776],[125.10723,11.35762],[125.10718,11.35745],[125.10713,11.35735],[125.10702,11.35715],[125.10696,11.35703],[125.10686,11.35691],[125.10679,11.35683],[125.10673,11.35679],[125.10666,11.35672],[125.10659,11.35667],[125.1065,11.35661],[125.10642,11.35656],[125.10639,11.35652],[125.10636,11.35648],[125.10633,11.35639],[125.10627,11.35615],[125.10625,11.35606],[125.10624,11.35597],[125.10625,11.3559],[125.10632,11.35572],[125.10642,11.35549],[125.10647,11.35542],[125.10652,11.35532],[125.10655,11.35521],[125.10656,11.35512],[125.10656,11.35505],[125.10656,11.35498],[125.10655,11.35491],[125.10653,11.35482],[125.10652,11.35477],[125.10651,11.35474],[125.10648,11.35471],[125.10644,11.35466],[125.10639,11.35463],[125.10631,11.35459],[125.10625,11.35457],[125.10615,11.35453],[125.10609,11.3545],[125.10605,11.35446],[125.106,11.3544],[125.10596,11.35435],[125.10594,11.35429],[125.10593,11.35424],[125.10591,11.35415],[125.1059,11.35408],[125.1059,11.35401],[125.10588,11.35394],[125.10586,11.35385],[125.10577,11.35359],[125.10573,11.35351],[125.10567,11.35344],[125.10555,11.35337],[125.10543,11.35332],[125.10532,11.35328],[125.10525,11.35325],[125.10517,11.35321],[125.10511,11.35315],[125.10503,11.35303],[125.10497,11.3529],[125.10492,11.35278],[125.10491,11.3527],[125.1049,11.35263],[125.10491,11.35259],[125.10492,11.35254],[125.10499,11.35241],[125.10515,11.35209],[125.10523,11.35194],[125.10528,11.35184],[125.10531,11.35178],[125.10532,11.3517],[125.10533,11.35162],[125.10531,11.35152],[125.10529,11.35146],[125.10524,11.35139],[125.10516,11.3513],[125.10507,11.35122],[125.10499,11.35117],[125.10489,11.35112],[125.10477,11.35108],[125.1046,11.35102],[125.1045,11.351],[125.10444,11.35097],[125.1044,11.35095],[125.10435,11.35091],[125.10427,11.35082],[125.10416,11.35069],[125.104,11.35055],[125.10385,11.35043],[125.10365,11.35026],[125.10341,11.35008],[125.10314,11.34986],[125.10301,11.34975],[125.10293,11.34969],[125.10282,11.34961],[125.10268,11.34955],[125.1026,11.34952],[125.10252,11.3495],[125.10244,11.3495],[125.10237,11.34951],[125.10229,11.34953],[125.10222,11.34955],[125.10213,11.34959],[125.10206,11.34961],[125.10191,11.34963],[125.1018,11.34963],[125.10169,11.34961],[125.1016,11.34959],[125.10139,11.34951],[125.10129,11.34946],[125.10121,11.3494],[125.10112,11.34932],[125.10101,11.34924],[125.10092,11.34918],[125.10079,11.34914],[125.10068,11.34912],[125.10062,11.34911],[125.10054,11.3491],[125.10045,11.3491],[125.10031,11.34911],[125.1002,11.34909],[125.09999,11.34904],[125.09981,11.349],[125.09962,11.34896],[125.09949,11.34892],[125.09938,11.34887],[125.09921,11.34877],[125.09905,11.34867],[125.09894,11.34858],[125.0989,11.34855],[125.09888,11.34852],[125.09887,11.34849],[125.09887,11.34844],[125.09888,11.34839],[125.09891,11.34833],[125.09897,11.34824],[125.09904,11.34813],[125.0991,11.34804],[125.09916,11.34796],[125.09919,11.34791],[125.09921,11.34787],[125.09923,11.34781],[125.09925,11.34776],[125.09926,11.34771],[125.09926,11.34764],[125.09926,11.34754],[125.09926,11.34745],[125.09927,11.3474],[125.0993,11.34733],[125.09933,11.34729],[125.09941,11.34719],[125.09951,11.34707],[125.09957,11.347],[125.09966,11.34689],[125.09973,11.34681],[125.09979,11.34674],[125.09983,11.34671],[125.09987,11.34668],[125.09994,11.34664],[125.09999,11.34661],[125.10004,11.34657],[125.10009,11.34652],[125.10012,11.34647],[125.10015,11.34641],[125.1002,11.34625],[125.10024,11.3461],[125.10029,11.34595],[125.10031,11.34587],[125.10032,11.34579],[125.10033,11.34573],[125.10034,11.34566],[125.10036,11.34554],[125.10036,11.3455],[125.10038,11.34543],[125.1004,11.34539],[125.10043,11.34532],[125.10046,11.34527],[125.10051,11.34521],[125.10056,11.34515],[125.1006,11.3451],[125.10063,11.34506],[125.10066,11.34499],[125.10067,11.34493],[125.10068,11.34487],[125.10068,11.34482],[125.10067,11.34479],[125.10066,11.34476],[125.10064,11.34472],[125.10049,11.3445],[125.10036,11.34432],[125.10022,11.34413],[125.10013,11.34396],[125.10004,11.3438],[125.10001,11.3437],[125.10001,11.34361],[125.10001,11.34355],[125.10004,11.34343],[125.10011,11.34327],[125.10018,11.34311],[125.10023,11.34302],[125.1003,11.34291],[125.10037,11.34276],[125.10042,11.34263],[125.10044,11.34252],[125.10045,11.34244],[125.10043,11.34235],[125.10042,11.34226],[125.10039,11.34213],[125.10038,11.34204],[125.10038,11.34193],[125.10041,11.34184],[125.10046,11.34172],[125.10052,11.34163],[125.10062,11.34152],[125.10083,11.34133],[125.10102,11.34114],[125.10118,11.341],[125.10128,11.34093],[125.10139,11.34085],[125.10153,11.34077],[125.10166,11.34068],[125.10174,11.34063],[125.10179,11.34057],[125.10188,11.34047],[125.10197,11.34034],[125.10202,11.34022],[125.10203,11.34016],[125.10204,11.34006],[125.10205,11.33999],[125.10209,11.33989],[125.10221,11.33968],[125.1023,11.33953],[125.10238,11.33935],[125.10241,11.33922],[125.10244,11.33913],[125.10245,11.33906],[125.10245,11.33898],[125.10245,11.33892],[125.10251,11.33876],[125.10259,11.33855],[125.10266,11.33837],[125.10268,11.33828],[125.1027,11.33821],[125.1027,11.33812],[125.10271,11.33805],[125.10274,11.33794],[125.10277,11.33785],[125.10279,11.33774],[125.10282,11.33771],[125.10288,11.33768],[125.10295,11.33764],[125.10305,11.33762],[125.10324,11.33757],[125.10331,11.33754],[125.10336,11.33751],[125.10341,11.33747],[125.10344,11.33743],[125.10348,11.33733],[125.10354,11.33722],[125.1036,11.33711],[125.10365,11.33703],[125.1037,11.33697],[125.10373,11.33693],[125.10377,11.3369],[125.10381,11.33688],[125.10386,11.33686],[125.10409,11.33679],[125.10425,11.33675],[125.1044,11.33672],[125.10456,11.33668],[125.10481,11.33657],[125.105,11.3365],[125.10508,11.33645],[125.10515,11.3364],[125.10521,11.33635],[125.10526,11.33629],[125.10532,11.33618],[125.10539,11.33606],[125.10542,11.33601],[125.10546,11.33589],[125.10552,11.33567],[125.10558,11.33547],[125.10558,11.33542],[125.10559,11.33529],[125.1056,11.33516],[125.10562,11.3351],[125.10565,11.33505],[125.1057,11.33498],[125.10576,11.33493],[125.10586,11.33489],[125.10592,11.33488],[125.106,11.33488],[125.10612,11.33485],[125.10623,11.33484],[125.1063,11.33484],[125.10634,11.33485],[125.10643,11.33488],[125.10664,11.33495],[125.10686,11.33504],[125.10707,11.33512],[125.10718,11.33516],[125.10722,11.33517],[125.10729,11.33518],[125.10739,11.33519],[125.10761,11.33521],[125.10785,11.33521],[125.10793,11.33521],[125.108,11.33521],[125.10809,11.3352],[125.10821,11.33518],[125.10839,11.33514],[125.10853,11.33513],[125.10858,11.33513],[125.10861,11.33514],[125.10865,11.33515],[125.10873,11.33519],[125.10888,11.33529],[125.10904,11.33538],[125.10908,11.3354],[125.1091,11.3354],[125.10913,11.3354],[125.10918,11.33538],[125.10929,11.33535],[125.1094,11.33531],[125.10959,11.33525],[125.10966,11.33523],[125.10973,11.33522],[125.10973,11.33519],[125.10973,11.33519]]]}},{"type":"Feature","properties":{"class":"municipal","barangay":"Bulao"},"geometry":{"type":"Polygon","coordinates":[[[125.10268,11.33765],[125.10251,11.33765],[125.10226,11.33762],[125.10188,11.33758],[125.10172,11.33755],[125.10128,11.33747],[125.10092,11.3374],[125.10068,11.33734],[125.1004,11.33724],[125.10001,11.33708],[125.09969,11.33696],[125.0994,11.33684],[125.09917,11.33674],[125.09895,11.33669],[125.09884,11.33668],[125.09883,11.33672],[125.0989,11.33673],[125.09901,11.33675],[125.09915,11.33678],[125.09931,11.33685],[125.09968,11.337],[125.10034,11.33727],[125.10075,11.33741],[125.10117,11.33751],[125.10187,11.33764],[125.10233,11.33768],[125.10264,11.33769],[125.10274,11.33772],[125.10277,11.33766],[125.10268,11.33765]]]}},{"type":"Feature","properties":{"class":"municipal","barangay":"Bulao"},"geometry":{"type":"Polygon","coordinates":[[[125.10572,11.36073],[125.10571,11.36078],[125.10571,11.36087],[125.10573,11.36092],[125.10578,11.36097],[125.10588,11.36104],[125.10611,11.36117],[125.10627,11.36128],[125.10645,11.36137],[125.10656,11.3614],[125.10672,11.36145],[125.1069,11.36146],[125.10698,11.36147],[125.10709,11.36146],[125.10723,11.36143],[125.10741,11.36138],[125.10759,11.36135],[125.10778,11.36133],[125.10808,11.36131],[125.10854,11.36129],[125.10882,11.36131],[125.10916,11.3613],[125.10929,11.36129],[125.10956,11.36125],[125.10986,11.36117],[125.11018,11.36107],[125.11047,11.36102],[125.11073,11.36096],[125.11115,11.36087],[125.11143,11.36083],[125.11166,11.36081],[125.11181,11.36082],[125.11197,11.36089],[125.11221,11.361],[125.11241,11.36113],[125.1126,11.36128],[125.11275,11.36142],[125.11284,11.36154],[125.11292,11.36169],[125.11302,11.36193],[125.11309,11.36206],[125.11321,11.36222],[125.1133,11.36233],[125.1134,11.36248],[125.11356,11.36274],[125.11366,11.36286],[125.11377,11.36297],[125.11395,11.36312],[125.11413,11.36322],[125.11424,11.3633],[125.1143,11.36334],[125.11442,11.36346],[125.11451,11.36356],[125.11464,11.36368],[125.11475,11.36377],[125.11488,11.36384],[125.11506,11.3639],[125.11524,11.36395],[125.11545,11.36403],[125.11573,11.36416],[125.11607,11.36428],[125.11634,11.36438],[125.11662,11.36443],[125.11701,11.36447],[125.11748,11.36451],[125.11789,11.36456],[125.11824,11.3646],[125.1185,11.36461],[125.11882,11.36461],[125.1191,11.36462],[125.11924,11.36468],[125.11942,11.36478],[125.11957,11.36485],[125.11966,11.36495],[125.11978,11.36507],[125.11988,11.36513],[125.12006,11.36522],[125.12023,11.3653],[125.12053,11.3654],[125.1208,11.36548],[125.12098,11.36556],[125.12119,11.36567],[125.12136,11.36576],[125.12147,11.36583],[125.12162,11.36596],[125.12181,11.36615],[125.12186,11.36622],[125.12209,11.36642],[125.12213,11.36637],[125.12204,11.36629],[125.12194,11.36619],[125.12187,11.36611],[125.1217,11.36597],[125.12155,11.36583],[125.12145,11.36576],[125.12126,11.36565],[125.1209,11.36548],[125.12062,11.36538],[125.12025,11.36526],[125.12003,11.36515],[125.11987,11.36507],[125.11969,11.36491],[125.11956,11.36479],[125.11932,11.36466],[125.11914,11.36458],[125.11895,11.36456],[125.11847,11.36457],[125.11787,11.3645],[125.11747,11.36447],[125.11692,11.36441],[125.11661,11.36438],[125.11643,11.36433],[125.11618,11.36425],[125.1158,11.36413],[125.11539,11.36395],[125.11513,11.36386],[125.11495,11.36381],[125.11484,11.36376],[125.1147,11.36366],[125.11461,11.36359],[125.1145,11.36348],[125.1144,11.36337],[125.11432,11.36329],[125.11416,11.36319],[125.11403,11.36311],[125.11384,11.36297],[125.11365,11.36276],[125.11337,11.36233],[125.11316,11.36207],[125.11301,11.36174],[125.11282,11.36142],[125.11265,11.36124],[125.11233,11.36101],[125.11198,11.36084],[125.11185,11.36079],[125.11166,11.36077],[125.11138,11.3608],[125.11102,11.36086],[125.11073,11.36091],[125.11037,11.36097],[125.11002,11.36108],[125.10961,11.36119],[125.10939,11.36122],[125.10919,11.36126],[125.10892,11.36127],[125.10867,11.36126],[125.10841,11.36126],[125.10804,11.36127],[125.10775,11.3613],[125.10757,11.36131],[125.10732,11.36136],[125.10708,11.36142],[125.10699,11.36142],[125.10683,11.3614],[125.10667,11.36137],[125.10654,11.36135],[125.10646,11.36132],[125.10636,11.36127],[125.10618,11.36117],[125.10599,11.36104],[125.10586,11.36097],[125.10578,11.36091],[125.10575,11.36086],[125.10575,11.36081],[125.10577,11.36073],[125.10581,11.36064],[125.10577,11.36069],[125.10577,11.36069],[125.10572,11.36073]]]}},{"type":"Feature","properties":{"class":"municipal","barangay":"Cogon"},"geometry":{"type":"Polygon","coordinates":[[[125.09622,11.33526],[125.09627,11.33528],[125.09633,11.33534],[125.0964,11.33538],[125.0965,11.33541],[125.09663,11.33545],[125.09675,11.33551],[125.09689,11.33563],[125.09704,11.33579],[125.09719,11.33601],[125.0973,11.33618],[125.09742,11.33633],[125.0975,11.33641],[125.09755,11.33643],[125.09768,11.33647],[125.09807,11.33658],[125.09834,11.33666],[125.09844,11.33668],[125.09855,11.33669],[125.0987,11.3367],[125.09883,11.33672],[125.09884,11.33668],[125.09876,11.33668],[125.09859,11.33667],[125.09847,11.33665],[125.09832,11.33662],[125.09809,11.33655],[125.09786,11.33649],[125.09772,11.33645],[125.09758,11.33641],[125.09753,11.33638],[125.09747,11.33633],[125.09741,11.33624],[125.09732,11.33613],[125.09724,11.33602],[125.09714,11.33587],[125.09706,11.33576],[125.09696,11.33565],[125.09687,11.33557],[125.09678,11.33549],[125.09665,11.33542],[125.09662,11.33541],[125.09651,11.33537],[125.09643,11.33534],[125.09639,11.33533],[125.09634,11.33529],[125.09628,11.33524],[125.09625,11.33521],[125.09625,11.33521],[125.09623,11.33525],[125.09622,11.33526],[125.09622,11.33526]]]}},{"type":"Feature","properties":{"class":"municipal","barangay":"Manlilinab"},"geometry":{"type":"Polygon","coordinates":[[[125.12221,11.36652],[125.12237,11.36666],[125.12248,11.36676],[125.12242,11.36661],[125.12227,11.36649],[125.12216,11.3664],[125.12213,11.36637],[125.12209,11.36642],[125.12221,11.36652]]]}},{"type":"Feature","properties":{"class":"municipal","barangay":"Mabini"},"geometry":{"type":"Polygon","coordinates":[[[125.12264,11.36691],[125.12275,11.36709],[125.12284,11.36734],[125.12295,11.36768],[125.12303,11.36795],[125.12311,11.36811],[125.12317,11.36821],[125.12325,11.36829],[125.12341,11.36836],[125.12353,11.3684],[125.12385,11.36849],[125.12432,11.3687],[125.12463,11.36887],[125.12489,11.36903],[125.12511,11.36911],[125.1253,11.36916],[125.12563,11.36918],[125.1259,11.3692],[125.12618,11.36924],[125.12643,11.36928],[125.1267,11.36933],[125.12684,11.36939],[125.12697,11.36948],[125.1271,11.36959],[125.12731,11.3698],[125.12756,11.3701],[125.12777,11.37037],[125.12806,11.37082],[125.12821,11.37104],[125.12842,11.37131],[125.12871,11.37169],[125.12907,11.37214],[125.12935,11.37244],[125.12948,11.37258],[125.12967,11.37273],[125.12986,11.37286],[125.13018,11.37302],[125.13052,11.37322],[125.13078,11.37338],[125.13101,11.37352],[125.13117,11.37364],[125.13129,11.3737],[125.13137,11.37373],[125.13147,11.37375],[125.13167,11.37379],[125.13179,11.37383],[125.13193,11.37388],[125.13202,11.37392],[125.13211,11.374],[125.13219,11.37411],[125.13223,11.3742],[125.13227,11.37439],[125.1323,11.3746],[125.13234,11.37483],[125.13237,11.37499],[125.13241,11.37519],[125.13242,11.37533],[125.13241,11.37543],[125.13239,11.37558],[125.13238,11.37563],[125.13237,11.37569],[125.13237,11.37576],[125.13237,11.37581],[125.13237,11.37587],[125.13237,11.37589],[125.13239,11.37594],[125.13243,11.37603],[125.13246,11.37607],[125.1325,11.37609],[125.13254,11.37613],[125.13259,11.37615],[125.13261,11.37616],[125.13266,11.37617],[125.1328,11.37616],[125.13298,11.37615],[125.13314,11.37615],[125.13326,11.37616],[125.13338,11.37618],[125.13353,11.37625],[125.1338,11.37637],[125.13412,11.37656],[125.13432,11.37667],[125.13458,11.37683],[125.13466,11.37688],[125.13475,11.37691],[125.1348,11.37692],[125.13487,11.37692],[125.13499,11.37692],[125.13509,11.37691],[125.13522,11.37689],[125.13549,11.37682],[125.13572,11.37675],[125.13578,11.37673],[125.13588,11.37673],[125.13595,11.37673],[125.13605,11.37672],[125.13616,11.3767],[125.13622,11.37668],[125.13633,11.37664],[125.13641,11.37659],[125.13649,11.37652],[125.1366,11.37639],[125.13669,11.37627],[125.13681,11.3761],[125.13689,11.37597],[125.13697,11.37579],[125.13701,11.37571],[125.13706,11.37559],[125.13711,11.37544],[125.13718,11.37527],[125.13723,11.37516],[125.13727,11.37511],[125.1373,11.37508],[125.13734,11.37507],[125.13741,11.37507],[125.1375,11.37508],[125.13762,11.37512],[125.13785,11.37522],[125.13809,11.3753],[125.13828,11.37538],[125.13845,11.37546],[125.13858,11.37552],[125.13872,11.3756],[125.13885,11.37568],[125.13893,11.3757],[125.13901,11.37572],[125.13916,11.37571],[125.1393,11.37564],[125.13939,11.37558],[125.1395,11.37549],[125.1396,11.37535],[125.1397,11.37514],[125.13984,11.37489],[125.14,11.37457],[125.14011,11.37438],[125.14016,11.37431],[125.14021,11.37427],[125.14025,11.37425],[125.14031,11.37424],[125.14034,11.37424],[125.14038,11.37424],[125.14055,11.37422],[125.14075,11.37421],[125.14102,11.37419],[125.14124,11.37418],[125.14146,11.37417],[125.14154,11.37418],[125.14159,11.37419],[125.14167,11.37423],[125.14175,11.37427],[125.14184,11.37429],[125.14196,11.37432],[125.14208,11.37432],[125.14218,11.37432],[125.14229,11.37429],[125.14258,11.37429],[125.14291,11.3743],[125.14308,11.3743],[125.14319,11.37427],[125.14333,11.37424],[125.14355,11.37418],[125.14371,11.37413],[125.14381,11.37413],[125.14389,11.37417],[125.14401,11.37427],[125.14422,11.37444],[125.1445,11.37478],[125.14467,11.37497],[125.14479,11.37506],[125.14498,11.37518],[125.14527,11.37531],[125.14557,11.37542],[125.14593,11.37555],[125.14616,11.37564],[125.14632,11.3757],[125.14645,11.37577],[125.14659,11.37588],[125.14667,11.37594],[125.14675,11.37598],[125.14681,11.37601],[125.14696,11.37605],[125.14712,11.37607],[125.14728,11.37608],[125.1476,11.37603],[125.14793,11.37596],[125.14824,11.37589],[125.14849,11.37581],[125.1487,11.37571],[125.14895,11.37561],[125.14937,11.37543],[125.14981,11.37521],[125.15026,11.375],[125.15059,11.37485],[125.15067,11.37481],[125.15087,11.37477],[125.15105,11.37473],[125.15117,11.3747],[125.15143,11.3746],[125.15167,11.37453],[125.15178,11.37449],[125.15183,11.37447],[125.15186,11.37444],[125.1519,11.37439],[125.15198,11.37427],[125.15202,11.37418],[125.1521,11.37403],[125.15221,11.3739],[125.15233,11.37372],[125.15242,11.37358],[125.15244,11.37352],[125.15246,11.37348],[125.15248,11.37339],[125.15249,11.37329],[125.15249,11.37322],[125.15247,11.37311],[125.1524,11.3729],[125.15237,11.3728],[125.15237,11.37276],[125.15238,11.37271],[125.15239,11.37265],[125.15241,11.37251],[125.15244,11.37229],[125.15248,11.37204],[125.15251,11.37196],[125.15255,11.37191],[125.15258,11.37187],[125.15268,11.37179],[125.1528,11.37167],[125.15312,11.37139],[125.15325,11.37127],[125.15338,11.37118],[125.15344,11.3711],[125.1535,11.37103],[125.15354,11.37097],[125.15356,11.37088],[125.15356,11.37076],[125.15355,11.37059],[125.15352,11.37041],[125.15343,11.37014],[125.15338,11.36996],[125.15331,11.36974],[125.15325,11.36952],[125.1532,11.36935],[125.15318,11.36923],[125.15314,11.36905],[125.15308,11.36883],[125.15307,11.36875],[125.15307,11.36871],[125.15307,11.36867],[125.15307,11.36863],[125.15306,11.3686],[125.15305,11.36857],[125.15304,11.36855],[125.15303,11.36852],[125.15303,11.36847],[125.15303,11.36844],[125.15303,11.36839],[125.15302,11.36835],[125.15302,11.36832],[125.15303,11.36828],[125.15303,11.36823],[125.15304,11.36815],[125.15306,11.36805],[125.15307,11.36798],[125.15309,11.36793],[125.15313,11.36787],[125.15316,11.36783],[125.15322,11.36777],[125.15335,11.36764],[125.15346,11.36753],[125.15356,11.36746],[125.15368,11.36737],[125.15376,11.36733],[125.15382,11.36731],[125.15392,11.36729],[125.15398,11.36728],[125.15409,11.36723],[125.15423,11.36714],[125.15444,11.36701],[125.15459,11.3669],[125.15468,11.36682],[125.15473,11.36678],[125.15474,11.36674],[125.15476,11.36672],[125.15476,11.36667],[125.15476,11.36662],[125.15475,11.36657],[125.15471,11.36653],[125.15467,11.36648],[125.15463,11.36646],[125.15458,11.36645],[125.1545,11.36643],[125.1543,11.36641],[125.15417,11.36639],[125.15403,11.36636],[125.15387,11.3663],[125.15373,11.36619],[125.15361,11.36614],[125.15341,11.36611],[125.15317,11.36609],[125.15294,11.36612],[125.15285,11.36614],[125.15278,11.36612],[125.15268,11.36609],[125.15256,11.36598],[125.15232,11.36587],[125.15205,11.36581],[125.1517,11.36579],[125.15142,11.3658],[125.15126,11.36582],[125.15117,11.36585],[125.15104,11.3659],[125.15097,11.36592],[125.15084,11.36593],[125.15074,11.36592],[125.15063,11.3659],[125.15054,11.36587],[125.15047,11.36584],[125.15038,11.36581],[125.15026,11.36577],[125.15019,11.36576],[125.15003,11.36577],[125.14994,11.36579],[125.14987,11.3658],[125.14976,11.36583],[125.14968,11.36584],[125.14962,11.36584],[125.14958,11.36583],[125.14953,11.36582],[125.14949,11.36579],[125.14946,11.36577],[125.14945,11.36576],[125.14942,11.36572],[125.1494,11.36569],[125.14939,11.36566],[125.14935,11.36558],[125.14929,11.36548],[125.14922,11.36541],[125.14911,11.3653],[125.14901,11.36519],[125.14894,11.3651],[125.14888,11.36505],[125.14887,11.36501],[125.14888,11.36498],[125.14889,11.36494],[125.14892,11.36488],[125.14894,11.36484],[125.14898,11.36476],[125.14905,11.36456],[125.14909,11.36447],[125.1491,11.36439],[125.14909,11.36428],[125.14908,11.36413],[125.14908,11.36401],[125.1491,11.36392],[125.14912,11.36377],[125.14914,11.36363],[125.14917,11.3635],[125.14922,11.36338],[125.14927,11.36327],[125.14934,11.36314],[125.14943,11.36301],[125.14948,11.36293],[125.14955,11.36281],[125.14959,11.36273],[125.14963,11.36265],[125.14965,11.36259],[125.14966,11.36251],[125.14967,11.36242],[125.14967,11.36237],[125.14965,11.36226],[125.14961,11.36214],[125.1496,11.36206],[125.1496,11.362],[125.14962,11.36194],[125.14964,11.36189],[125.14968,11.36183],[125.14971,11.36177],[125.14974,11.36171],[125.14977,11.36162],[125.14978,11.36156],[125.14979,11.36149],[125.14978,11.36141],[125.14969,11.36131],[125.14958,11.36121],[125.14945,11.36116],[125.14934,11.36111],[125.14922,11.36104],[125.14916,11.36099],[125.14909,11.36092],[125.149,11.36084],[125.14887,11.36074],[125.14877,11.36066],[125.14867,11.3606],[125.1486,11.36053],[125.14857,11.36048],[125.14855,11.36041],[125.14856,11.36033],[125.14856,11.36027],[125.14859,11.36021],[125.14863,11.36001],[125.14867,11.35981],[125.14868,11.3597],[125.14869,11.35962],[125.14867,11.35942],[125.14863,11.35921],[125.14858,11.35902],[125.14856,11.35889],[125.14856,11.35881],[125.14849,11.35885],[125.14849,11.35891],[125.14852,11.35904],[125.14855,11.35918],[125.14859,11.35934],[125.14861,11.35943],[125.14862,11.35955],[125.14862,11.35968],[125.14859,11.35983],[125.14854,11.36003],[125.1485,11.36018],[125.14848,11.36031],[125.14848,11.36041],[125.1485,11.3605],[125.14853,11.36056],[125.14856,11.36061],[125.1486,11.36064],[125.14865,11.36068],[125.14869,11.3607],[125.14884,11.36081],[125.14896,11.36092],[125.14909,11.36104],[125.14918,11.36112],[125.14927,11.36117],[125.14939,11.36121],[125.14949,11.36125],[125.14956,11.36129],[125.14961,11.36133],[125.14966,11.36139],[125.14969,11.36143],[125.14969,11.36148],[125.1497,11.36155],[125.14967,11.36161],[125.14963,11.36167],[125.1496,11.36175],[125.14957,11.36179],[125.14955,11.36183],[125.14953,11.36187],[125.14951,11.36193],[125.14952,11.36201],[125.14953,11.36211],[125.14955,11.3622],[125.14957,11.36233],[125.14958,11.3624],[125.14957,11.36247],[125.14955,11.36259],[125.14952,11.36269],[125.14946,11.36281],[125.14939,11.36291],[125.1493,11.36304],[125.14924,11.36316],[125.14919,11.36325],[125.14913,11.36339],[125.14911,11.36347],[125.14908,11.36355],[125.14907,11.36363],[125.14906,11.36373],[125.14903,11.36386],[125.14901,11.36399],[125.14901,11.36405],[125.14901,11.36418],[125.14902,11.36428],[125.14902,11.36436],[125.14903,11.36441],[125.14902,11.36445],[125.14899,11.36452],[125.14896,11.36458],[125.14891,11.36468],[125.14886,11.36479],[125.14882,11.36486],[125.14879,11.36495],[125.14879,11.36499],[125.1488,11.36503],[125.14882,11.36508],[125.14888,11.36517],[125.149,11.36528],[125.14906,11.36535],[125.14916,11.36545],[125.14923,11.36553],[125.14929,11.36563],[125.14932,11.36569],[125.14934,11.36575],[125.14937,11.36579],[125.14942,11.36584],[125.14947,11.36588],[125.14954,11.3659],[125.14959,11.36591],[125.14965,11.36591],[125.14972,11.36591],[125.14978,11.3659],[125.14984,11.36588],[125.14989,11.36587],[125.14995,11.36586],[125.14999,11.36585],[125.15005,11.36584],[125.15009,11.36583],[125.15016,11.36583],[125.15021,11.36583],[125.15034,11.36586],[125.15043,11.36589],[125.1505,11.36592],[125.15056,11.36595],[125.15063,11.36596],[125.1507,11.36598],[125.15077,11.36599],[125.15082,11.366],[125.15087,11.366],[125.15095,11.366],[125.15101,11.36599],[125.15105,11.36598],[125.1511,11.36596],[125.15113,11.36595],[125.15118,11.36593],[125.15123,11.36592],[125.1513,11.3659],[125.15136,11.36589],[125.15141,11.36587],[125.15146,11.36587],[125.15152,11.36587],[125.15158,11.36587],[125.15164,11.36587],[125.15169,11.36587],[125.15187,11.36588],[125.15203,11.36589],[125.15217,11.36591],[125.15229,11.36594],[125.15243,11.366],[125.15252,11.36606],[125.15257,11.36609],[125.15264,11.36614],[125.1527,11.36618],[125.15274,11.36619],[125.1528,11.3662],[125.15284,11.36621],[125.15293,11.36621],[125.153,11.36619],[125.15305,11.36618],[125.15313,11.36618],[125.15319,11.36618],[125.15326,11.36618],[125.15332,11.36618],[125.15336,11.36618],[125.15346,11.3662],[125.15352,11.36621],[125.15358,11.36622],[125.15363,11.36623],[125.15368,11.36625],[125.15371,11.36627],[125.15375,11.3663],[125.15377,11.36632],[125.15382,11.36635],[125.15387,11.36637],[125.15392,11.36639],[125.15396,11.3664],[125.154,11.36641],[125.15404,11.36643],[125.15408,11.36643],[125.15413,11.36644],[125.15418,11.36645],[125.15423,11.36646],[125.15426,11.36647],[125.15431,11.36647],[125.15435,11.36647],[125.15441,11.36648],[125.15445,11.36649],[125.15449,11.3665],[125.15454,11.3665],[125.15458,11.36651],[125.15463,11.36654],[125.15465,11.36656],[125.15467,11.36659],[125.15468,11.36661],[125.15469,11.36665],[125.15469,11.36667],[125.15469,11.3667],[125.15467,11.36673],[125.15466,11.36675],[125.15464,11.36677],[125.15461,11.36679],[125.15458,11.3668],[125.15454,11.36684],[125.15438,11.36693],[125.15424,11.36704],[125.15413,11.36712],[125.15402,11.36717],[125.15395,11.36721],[125.15389,11.36723],[125.15385,11.36724],[125.15376,11.36726],[125.15371,11.36729],[125.15361,11.36733],[125.15347,11.36743],[125.15336,11.36752],[125.15321,11.36766],[125.1531,11.36779],[125.15304,11.36789],[125.15301,11.36797],[125.15298,11.36809],[125.15297,11.3682],[125.15296,11.3683],[125.15297,11.36847],[125.15297,11.36855],[125.15299,11.36862],[125.153,11.36865],[125.15301,11.36871],[125.153,11.36876],[125.15301,11.36883],[125.15304,11.3689],[125.15307,11.36904],[125.1531,11.36914],[125.15312,11.3692],[125.15313,11.36926],[125.15314,11.36929],[125.15314,11.36932],[125.15317,11.36943],[125.1532,11.36954],[125.15322,11.3696],[125.15324,11.36967],[125.15327,11.36977],[125.1533,11.36989],[125.15333,11.36999],[125.15337,11.37014],[125.15342,11.37031],[125.15345,11.37041],[125.15347,11.37049],[125.15348,11.37057],[125.1535,11.3707],[125.1535,11.3708],[125.15349,11.37088],[125.15348,11.37093],[125.15347,11.37097],[125.15344,11.37103],[125.1534,11.37106],[125.15333,11.37113],[125.15311,11.37132],[125.15282,11.37158],[125.15265,11.37174],[125.15249,11.37188],[125.15246,11.37196],[125.15244,11.37203],[125.15241,11.37216],[125.15238,11.37235],[125.15234,11.37257],[125.15231,11.37271],[125.15231,11.37277],[125.15232,11.37283],[125.15234,11.37289],[125.15238,11.37304],[125.15242,11.37315],[125.15243,11.37326],[125.15243,11.37336],[125.15242,11.37344],[125.1524,11.3735],[125.15234,11.37363],[125.15226,11.37374],[125.15219,11.37383],[125.1521,11.37395],[125.15203,11.37407],[125.15196,11.37418],[125.1519,11.37429],[125.15183,11.3744],[125.15178,11.37443],[125.15169,11.37447],[125.15155,11.37451],[125.15122,11.37461],[125.15094,11.3747],[125.15068,11.37476],[125.15057,11.37479],[125.15033,11.37492],[125.15005,11.37505],[125.14968,11.37522],[125.14963,11.37525],[125.14946,11.37533],[125.14926,11.37542],[125.14902,11.37552],[125.14883,11.3756],[125.14867,11.37567],[125.14851,11.37574],[125.14845,11.37576],[125.14843,11.37577],[125.14824,11.37582],[125.14798,11.3759],[125.14764,11.37596],[125.14748,11.37599],[125.14731,11.37601],[125.14724,11.37601],[125.14715,11.37601],[125.14704,11.376],[125.14695,11.37599],[125.14686,11.37597],[125.14683,11.37596],[125.14671,11.37591],[125.14663,11.37584],[125.14656,11.37578],[125.1465,11.37573],[125.1464,11.37566],[125.14634,11.37562],[125.1463,11.37561],[125.14613,11.37555],[125.14582,11.37543],[125.14541,11.37528],[125.14516,11.37519],[125.14504,11.37514],[125.14499,11.37511],[125.14492,11.37507],[125.14483,11.37502],[125.14478,11.37497],[125.14473,11.37493],[125.14462,11.37481],[125.14454,11.37472],[125.14446,11.37462],[125.1444,11.37455],[125.14435,11.37449],[125.14431,11.37444],[125.14421,11.37434],[125.1441,11.37424],[125.14403,11.37418],[125.14397,11.37414],[125.1439,11.3741],[125.14382,11.37406],[125.14377,11.37405],[125.14373,11.37405],[125.14365,11.37407],[125.14353,11.3741],[125.14337,11.37415],[125.14321,11.3742],[125.1431,11.37423],[125.143,11.37423],[125.14291,11.37423],[125.14279,11.37423],[125.14256,11.37422],[125.14239,11.37422],[125.14224,11.37423],[125.14216,11.37425],[125.14207,11.37427],[125.14201,11.37427],[125.14194,11.37427],[125.14186,11.37425],[125.14177,11.37422],[125.14169,11.37419],[125.14163,11.37416],[125.14159,11.37414],[125.14154,11.37412],[125.14148,11.37411],[125.14141,11.3741],[125.14136,11.3741],[125.14115,11.37411],[125.14061,11.37415],[125.14037,11.37417],[125.14024,11.37418],[125.14021,11.37419],[125.14017,11.37422],[125.14011,11.37427],[125.14006,11.37435],[125.13997,11.37449],[125.13987,11.37471],[125.13963,11.3751],[125.13962,11.37514],[125.13957,11.37525],[125.13951,11.37536],[125.13945,11.37546],[125.13938,11.37552],[125.13931,11.37558],[125.13922,11.37562],[125.13915,11.37565],[125.1391,11.37566],[125.13903,11.37566],[125.13896,11.37565],[125.13891,11.37564],[125.13884,11.37561],[125.13876,11.37556],[125.13863,11.37548],[125.13836,11.37534],[125.13806,11.37521],[125.13778,11.3751],[125.13758,11.37502],[125.13744,11.37501],[125.1373,11.37502],[125.13723,11.37505],[125.1372,11.37509],[125.13718,11.37515],[125.13713,11.37527],[125.13706,11.37542],[125.13701,11.37556],[125.13698,11.37563],[125.13691,11.3758],[125.13688,11.3759],[125.13683,11.37597],[125.13677,11.37606],[125.1367,11.37617],[125.13664,11.37625],[125.13658,11.37634],[125.1365,11.37643],[125.13644,11.37652],[125.13638,11.37656],[125.13633,11.3766],[125.13625,11.37663],[125.13613,11.37667],[125.13607,11.37667],[125.136,11.37668],[125.13592,11.37668],[125.13585,11.37668],[125.1358,11.37669],[125.1357,11.3767],[125.13564,11.37672],[125.13549,11.37678],[125.13537,11.37681],[125.1353,11.37683],[125.13511,11.37687],[125.13506,11.37688],[125.135,11.37689],[125.13491,11.37688],[125.13484,11.37688],[125.13478,11.37687],[125.13473,11.37686],[125.13468,11.37684],[125.13462,11.3768],[125.13455,11.37675],[125.13445,11.37668],[125.13434,11.37663],[125.1342,11.37653],[125.13406,11.37646],[125.13392,11.37638],[125.13373,11.37627],[125.13353,11.37619],[125.13335,11.37612],[125.13319,11.37609],[125.13306,11.37609],[125.13291,11.37609],[125.13276,11.37611],[125.13266,11.37611],[125.13259,11.3761],[125.13254,11.37607],[125.13248,11.376],[125.13245,11.37594],[125.13244,11.37586],[125.13243,11.37577],[125.13243,11.37569],[125.13244,11.37562],[125.13246,11.37554],[125.13247,11.37545],[125.13249,11.37538],[125.13249,11.37532],[125.13249,11.37526],[125.13248,11.37517],[125.13246,11.37509],[125.13243,11.37501],[125.13242,11.37494],[125.13239,11.3748],[125.13238,11.37471],[125.13236,11.37459],[125.13235,11.37447],[125.13233,11.37438],[125.13232,11.3743],[125.13229,11.37417],[125.13226,11.37409],[125.13222,11.374],[125.13215,11.37392],[125.13208,11.37385],[125.13196,11.3738],[125.13183,11.37374],[125.13159,11.3737],[125.13143,11.37366],[125.13129,11.37362],[125.13121,11.37357],[125.13115,11.37352],[125.131,11.37343],[125.13083,11.37329],[125.1306,11.37315],[125.1305,11.3731],[125.13028,11.37298],[125.13014,11.3729],[125.12999,11.37282],[125.1299,11.37278],[125.1298,11.37273],[125.12971,11.37266],[125.12959,11.37254],[125.12947,11.37245],[125.12941,11.37238],[125.12936,11.37231],[125.12917,11.37207],[125.12892,11.37182],[125.12875,11.37161],[125.12858,11.37136],[125.12838,11.37111],[125.12821,11.37089],[125.12801,11.37057],[125.12781,11.37028],[125.12762,11.37002],[125.12736,11.36971],[125.12716,11.36951],[125.12696,11.36936],[125.12675,11.36924],[125.12655,11.36919],[125.12643,11.36917],[125.12596,11.3691],[125.12549,11.36905],[125.12535,11.36904],[125.12527,11.36903],[125.12511,11.36899],[125.12497,11.36893],[125.12481,11.36886],[125.12449,11.3687],[125.12425,11.36859],[125.12403,11.36848],[125.12371,11.36837],[125.1234,11.36827],[125.12329,11.36822],[125.12322,11.36816],[125.1232,11.36808],[125.12312,11.36794],[125.12305,11.36775],[125.12296,11.36742],[125.12287,11.36714],[125.12281,11.367],[125.12272,11.36685],[125.12258,11.36673],[125.12242,11.36661],[125.12248,11.36676],[125.12264,11.36691]]]}},{"type":"Feature","properties":{"class":"barangay","barangay":"Mabini"},"geometry":{"type":"Polygon","coordinates":[[[125.13234,11.376],[125.13228,11.37611],[125.13222,11.3762],[125.13215,11.37626],[125.13209,11.37633],[125.13201,11.37642],[125.13195,11.37647],[125.13191,11.37651],[125.13186,11.3765],[125.13177,11.37649],[125.1317,11.37647],[125.13163,11.37645],[125.13157,11.37642],[125.13151,11.37639],[125.13146,11.37636],[125.13142,11.37634],[125.1314,11.37633],[125.13137,11.37633],[125.13135,11.37632],[125.13133,11.37633],[125.1313,11.37636],[125.13127,11.37642],[125.13121,11.37652],[125.13117,11.37659],[125.13116,11.37661],[125.13117,11.37663],[125.1312,11.37666],[125.13131,11.37674],[125.13139,11.3768],[125.13146,11.37685],[125.13152,11.3769],[125.1316,11.37696],[125.13163,11.37698],[125.13165,11.37699],[125.13168,11.377],[125.13171,11.37701],[125.13173,11.377],[125.13175,11.37695],[125.13178,11.3769],[125.13182,11.37678],[125.13186,11.3767],[125.13192,11.37657],[125.13197,11.37651],[125.13202,11.37647],[125.13213,11.37637],[125.13219,11.37629],[125.13226,11.37623],[125.13232,11.37613],[125.13238,11.37602],[125.1324,11.37596],[125.13239,11.37594],[125.13237,11.37589],[125.13234,11.376]],[[125.13184,11.37666],[125.13179,11.37677],[125.13174,11.3769],[125.13169,11.37697],[125.13168,11.37696],[125.13163,11.37694],[125.13149,11.37684],[125.1314,11.37677],[125.13134,11.37671],[125.13124,11.37665],[125.13122,11.37663],[125.13121,11.37662],[125.13121,11.37661],[125.13128,11.37651],[125.13133,11.37644],[125.13136,11.37639],[125.13137,11.37638],[125.13143,11.37639],[125.1315,11.37643],[125.13166,11.37649],[125.13181,11.37654],[125.13188,11.37656],[125.13184,11.37666]]]}},{"type":"Feature","properties":{"class":"barangay","barangay":"Mabini"},"geometry":{"type":"Polygon","coordinates":[[[125.14968,11.37522],[125.14972,11.37521],[125.14981,11.37488],[125.14988,11.37468],[125.14995,11.3745],[125.15,11.37435],[125.15004,11.3742],[125.15005,11.37415],[125.15006,11.37408],[125.15005,11.37391],[125.15003,11.37382],[125.14996,11.37361],[125.14994,11.37354],[125.14988,11.37331],[125.14986,11.37325],[125.14984,11.37311],[125.1498,11.37286],[125.14976,11.37263],[125.14971,11.37237],[125.14965,11.37211],[125.14965,11.37207],[125.14964,11.372],[125.14961,11.37187],[125.1496,11.37174],[125.14956,11.37175],[125.14956,11.37178],[125.14959,11.37193],[125.14965,11.3723],[125.1497,11.37257],[125.1497,11.37261],[125.14977,11.37301],[125.14978,11.37314],[125.1498,11.37327],[125.14983,11.37339],[125.14989,11.37362],[125.14996,11.37384],[125.14999,11.37404],[125.14998,11.37415],[125.14995,11.3743],[125.1499,11.37442],[125.14987,11.37452],[125.14983,11.37462],[125.14978,11.37476],[125.14972,11.37496],[125.14963,11.37525],[125.14968,11.37522]]]}},{"type":"Feature","properties":{"class":"barangay","barangay":"Mabini"},"geometry":{"type":"Polygon","coordinates":[[[125.15249,11.37188],[125.15254,11.37184],[125.15249,11.37176],[125.15242,11.37164],[125.15233,11.37152],[125.15224,11.37141],[125.15217,11.37132],[125.15212,11.37125],[125.15209,11.37122],[125.15206,11.37122],[125.15202,11.37122],[125.15197,11.37124],[125.15194,11.37125],[125.1519,11.37127],[125.15188,11.37127],[125.15186,11.37126],[125.15182,11.37121],[125.15174,11.37112],[125.1517,11.37107],[125.15167,11.37103],[125.15164,11.37093],[125.15161,11.37082],[125.15158,11.37069],[125.15154,11.37065],[125.15149,11.37065],[125.1514,11.37067],[125.15127,11.37071],[125.15108,11.37075],[125.15094,11.3708],[125.15076,11.37086],[125.15067,11.3709],[125.15064,11.37093],[125.15063,11.37099],[125.15065,11.37104],[125.15069,11.37117],[125.15073,11.37131],[125.15075,11.37139],[125.15077,11.37153],[125.15079,11.37162],[125.1508,11.37168],[125.15082,11.37171],[125.15086,11.37182],[125.15089,11.37194],[125.1509,11.37198],[125.15094,11.37213],[125.15097,11.37233],[125.151,11.37239],[125.15105,11.37245],[125.15115,11.37256],[125.15124,11.37265],[125.15134,11.37276],[125.15142,11.37286],[125.1515,11.37297],[125.15152,11.37303],[125.15157,11.37313],[125.15164,11.37333],[125.15172,11.37355],[125.15173,11.37369],[125.15172,11.37383],[125.15168,11.37402],[125.15167,11.37417],[125.15167,11.37423],[125.1517,11.37423],[125.15173,11.37421],[125.15173,11.37415],[125.15174,11.37406],[125.15176,11.37393],[125.15178,11.37381],[125.15179,11.3737],[125.15179,11.37359],[125.15177,11.37351],[125.15174,11.37339],[125.15165,11.37317],[125.15159,11.37302],[125.1515,11.37286],[125.15139,11.37272],[125.15129,11.37261],[125.15121,11.37252],[125.15112,11.37243],[125.15105,11.37232],[125.15101,11.3722],[125.15098,11.37203],[125.15093,11.37181],[125.15086,11.37164],[125.15084,11.37151],[125.15081,11.37137],[125.15076,11.3712],[125.15074,11.37115],[125.15073,11.37111],[125.15069,11.371],[125.15069,11.37096],[125.15072,11.37094],[125.15079,11.37091],[125.15098,11.37084],[125.15111,11.37081],[125.15124,11.37078],[125.15135,11.37076],[125.15147,11.37072],[125.1515,11.37072],[125.15152,11.37073],[125.15155,11.37083],[125.1516,11.37099],[125.15161,11.37105],[125.15162,11.37107],[125.15165,11.3711],[125.15177,11.37124],[125.15183,11.3713],[125.15185,11.37132],[125.15188,11.37132],[125.15192,11.37131],[125.15199,11.37129],[125.15205,11.37126],[125.15208,11.37127],[125.15218,11.37141],[125.15231,11.37157],[125.15241,11.37172],[125.15249,11.37188]]]}},{"type":"Feature","properties":{"class":"barangay","barangay":"Mabini"},"geometry":{"type":"Polygon","coordinates":[[[125.15065,11.37165],[125.15028,11.37166],[125.1499,11.37169],[125.14961,11.3717],[125.14946,11.37171],[125.14932,11.37172],[125.14925,11.37172],[125.14924,11.37174],[125.14924,11.37176],[125.14943,11.37175],[125.14954,11.37175],[125.14956,11.37175],[125.14963,11.37174],[125.14984,11.37172],[125.14992,11.37172],[125.14996,11.37172],[125.15026,11.3717],[125.1503,11.3717],[125.15053,11.3717],[125.15067,11.37169],[125.1508,11.37168],[125.15079,11.37162],[125.15065,11.37165]]]}},{"type":"Feature","properties":{"class":"barangay","barangay":"Mabini"},"geometry":{"type":"Polygon","coordinates":[[[125.15011,11.37419],[125.15014,11.37416],[125.1502,11.37412],[125.15027,11.37407],[125.15033,11.37403],[125.15043,11.37398],[125.15055,11.37391],[125.15064,11.37387],[125.15075,11.37383],[125.15084,11.37379],[125.15089,11.37375],[125.15093,11.3737],[125.15099,11.37361],[125.15105,11.37353],[125.15111,11.37347],[125.15116,11.37339],[125.15121,11.37333],[125.15127,11.37324],[125.15133,11.37318],[125.15143,11.37311],[125.15148,11.37307],[125.15152,11.37303],[125.15151,11.37299],[125.15142,11.37308],[125.15133,11.37314],[125.15129,11.37318],[125.15125,11.37321],[125.15119,11.37331],[125.15117,11.37333],[125.15116,11.37335],[125.15112,11.37339],[125.15105,11.37348],[125.151,11.37355],[125.15092,11.37366],[125.15089,11.37369],[125.15084,11.37374],[125.15078,11.37377],[125.15069,11.3738],[125.15062,11.37384],[125.15054,11.37387],[125.15045,11.37392],[125.15037,11.37396],[125.1503,11.37399],[125.15024,11.37404],[125.15014,11.37412],[125.15008,11.37414],[125.15005,11.37415],[125.15004,11.3742],[125.15011,11.37419]]]}},{"type":"Feature","properties":{"class":"barangay","barangay":"Mabini"},"geometry":{"type":"Polygon","coordinates":[[[125.15011,11.37327],[125.15016,11.37326],[125.15022,11.37326],[125.15029,11.37328],[125.15032,11.37328],[125.15035,11.37327],[125.15043,11.37325],[125.15052,11.37325],[125.15058,11.37326],[125.15071,11.37327],[125.15077,11.37329],[125.15089,11.3733],[125.15096,11.3733],[125.1511,11.37332],[125.15117,11.37333],[125.15119,11.37331],[125.1511,11.37328],[125.15102,11.37327],[125.15097,11.37327],[125.15092,11.37327],[125.15088,11.37327],[125.15078,11.37326],[125.15068,11.37324],[125.15055,11.37322],[125.15048,11.37322],[125.15043,11.37322],[125.15035,11.37323],[125.15032,11.37324],[125.15029,11.37324],[125.15025,11.37324],[125.1502,11.37323],[125.15015,11.37322],[125.15008,11.37324],[125.14987,11.37328],[125.14988,11.37331],[125.15011,11.37327]]]}},{"type":"Feature","properties":{"class":"barangay","barangay":"Mabini"},"geometry":{"type":"Polygon","coordinates":[[[125.14977,11.37209],[125.14984,11.37208],[125.14992,11.37207],[125.14997,11.37207],[125.14997,11.37207],[125.15017,11.37205],[125.15042,11.37203],[125.15067,11.37201],[125.15083,11.37199],[125.1509,11.37198],[125.15089,11.37194],[125.15083,11.37194],[125.1506,11.37197],[125.15037,11.37199],[125.15031,11.37199],[125.15016,11.37201],[125.14997,11.37202],[125.14992,11.37203],[125.14972,11.37206],[125.14965,11.37207],[125.14965,11.37211],[125.14977,11.37209]]]}},{"type":"Feature","properties":{"class":"barangay","barangay":"Mabini"},"geometry":{"type":"Polygon","coordinates":[[[125.14992,11.37191],[125.14992,11.37203],[125.14997,11.37202],[125.14995,11.37191],[125.14996,11.37172],[125.14992,11.37172],[125.14992,11.37191]]]}},{"type":"Feature","properties":{"class":"barangay","barangay":"Mabini"},"geometry":{"type":"Polygon","coordinates":[[[125.14998,11.37232],[125.15007,11.37282],[125.15013,11.37305],[125.15015,11.37322],[125.1502,11.37323],[125.15018,11.37309],[125.15017,11.37303],[125.15012,11.37281],[125.15007,11.37253],[125.15002,11.37231],[125.14997,11.37207],[125.14997,11.37207],[125.14992,11.37207],[125.14998,11.37232]]]}},{"type":"Feature","properties":{"class":"barangay","barangay":"Mabini"},"geometry":{"type":"Polygon","coordinates":[[[125.1503,11.37184],[125.15031,11.37199],[125.15035,11.37199],[125.15034,11.37186],[125.15033,11.37181],[125.1503,11.3717],[125.15026,11.3717],[125.1503,11.37184]]]}},{"type":"Feature","properties":{"class":"barangay","barangay":"Canca-iyas"},"geometry":{"type":"Polygon","coordinates":[[[125.08527,11.34892],[125.08501,11.34892],[125.08485,11.34891],[125.08466,11.34891],[125.08452,11.34892],[125.08445,11.34893],[125.0844,11.34895],[125.08437,11.34898],[125.08435,11.34902],[125.08431,11.34914],[125.08428,11.34924],[125.08427,11.3493],[125.08427,11.34934],[125.08428,11.34938],[125.0843,11.34946],[125.0843,11.3495],[125.0843,11.34962],[125.08429,11.34974],[125.08427,11.34985],[125.08425,11.34995],[125.08424,11.35],[125.08424,11.35006],[125.08425,11.35011],[125.08426,11.35019],[125.08428,11.35031],[125.08428,11.35036],[125.08426,11.35042],[125.08424,11.35047],[125.08419,11.35061],[125.08416,11.35072],[125.08414,11.35079],[125.08414,11.35084],[125.08413,11.35099],[125.08413,11.35108],[125.08413,11.35113],[125.08411,11.35119],[125.08409,11.35124],[125.08401,11.35142],[125.08396,11.35154],[125.08394,11.35158],[125.08398,11.35164],[125.08401,11.35155],[125.08406,11.35144],[125.08411,11.35132],[125.08414,11.35125],[125.08416,11.35118],[125.08418,11.35113],[125.08418,11.35109],[125.08419,11.35104],[125.08419,11.35088],[125.08419,11.35083],[125.08419,11.35078],[125.08421,11.35074],[125.08423,11.35068],[125.08429,11.35052],[125.08431,11.35046],[125.08432,11.35042],[125.08433,11.35037],[125.08433,11.35033],[125.08433,11.35027],[125.08432,11.35022],[125.0843,11.35009],[125.08429,11.35005],[125.08429,11.35],[125.08431,11.34993],[125.08433,11.34981],[125.08434,11.34974],[125.08435,11.3497],[125.08436,11.34963],[125.08436,11.34955],[125.08435,11.34946],[125.08433,11.34939],[125.08433,11.34934],[125.08434,11.34928],[125.08437,11.34916],[125.0844,11.34905],[125.08442,11.349],[125.08444,11.34899],[125.08449,11.34898],[125.08458,11.34896],[125.08469,11.34896],[125.0849,11.34896],[125.08503,11.34896],[125.08519,11.34896],[125.08529,11.34896],[125.08533,11.34897],[125.08538,11.34891],[125.08538,11.34891],[125.08527,11.34892]]]}},{"type":"Feature","properties":{"class":"barangay","barangay":"Buenavista"},"geometry":{"type":"Polygon","coordinates":[[[125.06291,11.33873],[125.06295,11.33871],[125.063,11.33869],[125.06305,11.33866],[125.06309,11.33864],[125.06313,11.33861],[125.06316,11.33858],[125.06319,11.33855],[125.0632,11.33853],[125.06324,11.33849],[125.06326,11.33844],[125.06328,11.3384],[125.06331,11.33832],[125.06334,11.33827],[125.06336,11.33822],[125.06338,11.33816],[125.06342,11.33806],[125.06347,11.33799],[125.06351,11.33793],[125.0636,11.33781],[125.06368,11.33771],[125.06376,11.33761],[125.0638,11.33756],[125.06383,11.33753],[125.06386,11.33751],[125.06388,11.3375],[125.0639,11.33749],[125.06393,11.33749],[125.06401,11.33749],[125.06411,11.33749],[125.06421,11.3375],[125.06423,11.3375],[125.06425,11.3375],[125.06435,11.33751],[125.06439,11.33751],[125.06446,11.33753],[125.06453,11.33755],[125.06458,11.33757],[125.06466,11.33761],[125.06472,11.33765],[125.06477,11.33769],[125.06485,11.33775],[125.06495,11.33784],[125.06505,11.33791],[125.06513,11.33797],[125.06523,11.33801],[125.06532,11.33804],[125.0654,11.33807],[125.06546,11.33808],[125.0656,11.33816],[125.06587,11.33831],[125.06608,11.33843],[125.06625,11.33853],[125.06638,11.33861],[125.06643,11.33863],[125.06644,11.33861],[125.06644,11.33859],[125.06642,11.33858],[125.06638,11.33856],[125.06634,11.33854],[125.06624,11.33848],[125.06607,11.33838],[125.06591,11.33829],[125.06581,11.33824],[125.06569,11.33817],[125.06559,11.33812],[125.06548,11.33806],[125.06538,11.33803],[125.06525,11.33798],[125.06515,11.33794],[125.06507,11.33789],[125.06497,11.33782],[125.06486,11.33772],[125.06479,11.33766],[125.06471,11.3376],[125.06465,11.33756],[125.06455,11.33752],[125.06447,11.33749],[125.06438,11.33747],[125.06428,11.33747],[125.06418,11.33747],[125.06407,11.33746],[125.06394,11.33746],[125.0639,11.33747],[125.06386,11.33748],[125.06383,11.33749],[125.06381,11.33751],[125.06377,11.33755],[125.06372,11.33762],[125.06362,11.33774],[125.06354,11.33785],[125.0635,11.33789],[125.06344,11.33797],[125.06339,11.33806],[125.06334,11.33815],[125.06329,11.33829],[125.0632,11.33848],[125.06313,11.33856],[125.06305,11.33862],[125.06301,11.33864],[125.06294,11.33868],[125.06289,11.3387],[125.0628,11.33873],[125.06288,11.33875],[125.06291,11.33873]]]}},{"type":"Feature","properties":{"class":"barangay","barangay":"Salvacion"},"geometry":{"type":"Polygon","coordinates":[[[125.07348,11.26963],[125.07353,11.26967],[125.07375,11.26936],[125.07393,11.2691],[125.07407,11.26891],[125.07419,11.26875],[125.07428,11.26861],[125.07442,11.26841],[125.07459,11.26819],[125.07463,11.26813],[125.07484,11.26778],[125.07487,11.26774],[125.07518,11.26727],[125.0752,11.26722],[125.07528,11.26708],[125.07525,11.26706],[125.07517,11.2672],[125.07513,11.26725],[125.07484,11.26771],[125.07481,11.26775],[125.07473,11.26789],[125.07458,11.26809],[125.07455,11.26815],[125.07426,11.26855],[125.07413,11.26872],[125.07391,11.26902],[125.07367,11.26937],[125.07348,11.26963]]]}},{"type":"Feature","properties":{"class":"barangay","barangay":"Salvacion"},"geometry":{"type":"Polygon","coordinates":[[[125.07415,11.26925],[125.07433,11.26936],[125.07448,11.26945],[125.07455,11.26948],[125.0746,11.26949],[125.07464,11.26949],[125.07468,11.26949],[125.07472,11.26948],[125.07474,11.26947],[125.07476,11.26945],[125.07479,11.26942],[125.07482,11.26937],[125.07486,11.26931],[125.0749,11.26924],[125.07515,11.2689],[125.07529,11.26874],[125.07533,11.2687],[125.07566,11.26829],[125.07569,11.26827],[125.0758,11.26814],[125.07594,11.26798],[125.07637,11.2675],[125.07652,11.26735],[125.07673,11.26716],[125.07688,11.26702],[125.07699,11.26692],[125.07711,11.26682],[125.07735,11.26662],[125.07752,11.26649],[125.07763,11.2664],[125.07768,11.26636],[125.07765,11.26632],[125.0776,11.26635],[125.07745,11.26647],[125.07732,11.26658],[125.07716,11.26671],[125.07706,11.2668],[125.07695,11.26688],[125.07677,11.26705],[125.07659,11.2672],[125.07655,11.26724],[125.07631,11.26748],[125.07613,11.26769],[125.07602,11.2678],[125.07599,11.26784],[125.07589,11.26797],[125.07575,11.26812],[125.07562,11.26826],[125.07558,11.2683],[125.07544,11.26848],[125.07529,11.26865],[125.07526,11.26869],[125.07524,11.26872],[125.07511,11.26886],[125.07494,11.26909],[125.07484,11.26924],[125.07476,11.26935],[125.07474,11.26939],[125.07472,11.26941],[125.07471,11.26942],[125.07468,11.26943],[125.07466,11.26944],[125.07463,11.26944],[125.07459,11.26944],[125.07457,11.26943],[125.07453,11.26942],[125.07448,11.26939],[125.07442,11.26935],[125.07433,11.2693],[125.07419,11.26921],[125.07407,11.26911],[125.07398,11.26903],[125.07398,11.26903],[125.07395,11.26908],[125.07415,11.26925]]]}},{"type":"Feature","properties":{"class":"barangay","barangay":"Salvacion"},"geometry":{"type":"Polygon","coordinates":[[[125.07472,11.26829],[125.0749,11.26842],[125.07509,11.26856],[125.07523,11.26866],[125.07526,11.26869],[125.07529,11.26865],[125.07505,11.26848],[125.07502,11.26845],[125.07483,11.26831],[125.07472,11.26823],[125.07462,11.26814],[125.07459,11.26819],[125.07472,11.26829]]]}},{"type":"Feature","properties":{"class":"barangay","barangay":"Salvacion"},"geometry":{"type":"Polygon","coordinates":[[[125.07505,11.26712],[125.07486,11.26698],[125.0746,11.26679],[125.07449,11.26671],[125.07439,11.26666],[125.0743,11.2666],[125.07421,11.26655],[125.07415,11.26654],[125.07407,11.26653],[125.07398,11.26653],[125.07392,11.26655],[125.07383,11.26657],[125.07362,11.26667],[125.07335,11.26684],[125.0732,11.26695],[125.07312,11.267],[125.07307,11.26702],[125.07303,11.26703],[125.07299,11.26704],[125.07296,11.26705],[125.07291,11.26704],[125.07286,11.26703],[125.07278,11.26699],[125.07264,11.26689],[125.07245,11.26674],[125.07233,11.26665],[125.07221,11.26656],[125.07205,11.2664],[125.07195,11.26629],[125.07179,11.26611],[125.0716,11.26591],[125.07153,11.26584],[125.0712,11.26549],[125.07114,11.26541],[125.07112,11.26535],[125.0711,11.26529],[125.07109,11.26523],[125.0711,11.26512],[125.07113,11.26496],[125.07114,11.26488],[125.07115,11.26482],[125.07118,11.26472],[125.07121,11.26463],[125.07127,11.26448],[125.07133,11.26428],[125.0714,11.26411],[125.0715,11.2638],[125.0715,11.26379],[125.07151,11.26377],[125.07147,11.26375],[125.07145,11.26381],[125.07143,11.26388],[125.07138,11.26404],[125.07137,11.26409],[125.07132,11.2642],[125.07129,11.26429],[125.07123,11.26444],[125.07119,11.26456],[125.07115,11.26471],[125.07113,11.26478],[125.07111,11.26483],[125.0711,11.26488],[125.07108,11.26502],[125.07106,11.2651],[125.07106,11.26521],[125.07105,11.26525],[125.07106,11.26529],[125.07107,11.26533],[125.07109,11.26541],[125.07114,11.26549],[125.07123,11.26559],[125.07136,11.26573],[125.07148,11.26585],[125.07157,11.26595],[125.0717,11.26608],[125.07184,11.26624],[125.07194,11.26635],[125.07205,11.26646],[125.07214,11.26654],[125.07225,11.26663],[125.07242,11.26676],[125.07253,11.26687],[125.07262,11.26693],[125.07271,11.26699],[125.07278,11.26703],[125.07285,11.26706],[125.07289,11.26707],[125.07292,11.26708],[125.07295,11.26708],[125.07299,11.26708],[125.07306,11.26707],[125.07311,11.26705],[125.07317,11.26703],[125.07323,11.267],[125.07337,11.26691],[125.07348,11.26684],[125.07362,11.26676],[125.07371,11.2667],[125.07381,11.26664],[125.07387,11.26661],[125.07392,11.26659],[125.07397,11.26659],[125.07402,11.26658],[125.07407,11.26658],[125.07416,11.26659],[125.07421,11.26661],[125.07425,11.26663],[125.07428,11.26665],[125.07433,11.26668],[125.07452,11.2668],[125.07463,11.26688],[125.07482,11.26701],[125.07503,11.26717],[125.07514,11.26724],[125.07517,11.2672],[125.07505,11.26712]]]}},{"type":"Feature","properties":{"class":"barangay","barangay":"Salvacion"},"geometry":{"type":"Polygon","coordinates":[[[125.07523,11.26829],[125.07536,11.26815],[125.07539,11.26811],[125.07561,11.26786],[125.07577,11.26769],[125.07581,11.26764],[125.07597,11.26746],[125.07603,11.26738],[125.07613,11.26728],[125.07618,11.26723],[125.07629,11.26714],[125.07638,11.26706],[125.0764,11.26703],[125.07638,11.267],[125.07633,11.26705],[125.07625,11.26711],[125.07613,11.26722],[125.07604,11.26731],[125.07593,11.26743],[125.07577,11.26762],[125.07574,11.26766],[125.07572,11.26768],[125.07553,11.26787],[125.07535,11.26807],[125.07531,11.26812],[125.07523,11.2682],[125.0751,11.26837],[125.07502,11.26845],[125.07505,11.26848],[125.07523,11.26829]]]}},{"type":"Feature","properties":{"class":"barangay","barangay":"Salvacion"},"geometry":{"type":"Polygon","coordinates":[[[125.07645,11.26713],[125.07653,11.26722],[125.07655,11.26723],[125.07659,11.2672],[125.07657,11.26719],[125.07643,11.26706],[125.0764,11.26703],[125.0764,11.26703],[125.0764,11.26703],[125.07638,11.26706],[125.07645,11.26713]]]}},{"type":"Feature","properties":{"class":"barangay","barangay":"Salvacion"},"geometry":{"type":"Polygon","coordinates":[[[125.0755,11.26749],[125.07561,11.26757],[125.0757,11.26763],[125.07574,11.26766],[125.07574,11.26766],[125.07577,11.26762],[125.07571,11.26758],[125.07553,11.26746],[125.07528,11.26728],[125.0752,11.26723],[125.07518,11.26727],[125.0755,11.26749]]]}},{"type":"Feature","properties":{"class":"barangay","barangay":"Salvacion"},"geometry":{"type":"Polygon","coordinates":[[[125.07584,11.26773],[125.07599,11.26784],[125.07602,11.2678],[125.07588,11.2677],[125.07581,11.26764],[125.07577,11.26769],[125.07584,11.26773]]]}},{"type":"Feature","properties":{"class":"barangay","barangay":"Salvacion"},"geometry":{"type":"Polygon","coordinates":[[[125.07543,11.26819],[125.07554,11.26828],[125.07558,11.26831],[125.07558,11.2683],[125.07562,11.26826],[125.07557,11.26824],[125.07546,11.26816],[125.07539,11.26811],[125.07536,11.26815],[125.07543,11.26819]]]}},{"type":"Feature","properties":{"class":"barangay","barangay":"Salvacion"},"geometry":{"type":"Polygon","coordinates":[[[125.07317,11.26703],[125.07329,11.26713],[125.07351,11.2673],[125.0736,11.26739],[125.07377,11.26753],[125.07422,11.26789],[125.07455,11.26815],[125.07458,11.2681],[125.07453,11.26807],[125.07438,11.26794],[125.07418,11.26779],[125.07402,11.26766],[125.07381,11.26749],[125.07378,11.26747],[125.07366,11.26737],[125.0735,11.26723],[125.0733,11.26706],[125.07323,11.267],[125.07317,11.26703]]]}},{"type":"Feature","properties":{"class":"barangay","barangay":"Salvacion"},"geometry":{"type":"Polygon","coordinates":[[[125.07416,11.26685],[125.07407,11.26699],[125.07391,11.26725],[125.07378,11.26747],[125.07381,11.26749],[125.07383,11.2675],[125.07403,11.26717],[125.07405,11.26713],[125.07425,11.2668],[125.07433,11.26668],[125.07428,11.26665],[125.07416,11.26685]]]}},{"type":"Feature","properties":{"class":"barangay","barangay":"Salvacion"},"geometry":{"type":"Polygon","coordinates":[[[125.07431,11.26738],[125.07435,11.26741],[125.07481,11.26775],[125.07484,11.26771],[125.07453,11.26749],[125.07444,11.26741],[125.07428,11.26731],[125.07405,11.26713],[125.07405,11.26713],[125.07405,11.26713],[125.07403,11.26717],[125.07431,11.26738]]]}},{"type":"Feature","properties":{"class":"barangay","barangay":"Salvacion"},"geometry":{"type":"Polygon","coordinates":[[[125.07409,11.26772],[125.07414,11.26776],[125.07435,11.26741],[125.07431,11.26738],[125.07409,11.26772]]]}},{"type":"Feature","properties":{"class":"barangay","barangay":"Salvacion"},"geometry":{"type":"Polygon","coordinates":[[[125.07503,11.26792],[125.07525,11.26807],[125.07531,11.26812],[125.07535,11.26807],[125.07524,11.268],[125.075,11.26783],[125.07487,11.26774],[125.07487,11.26774],[125.07484,11.26778],[125.07503,11.26792]]]}},{"type":"Feature","properties":{"class":"barangay","barangay":"Salvacion"},"geometry":{"type":"Polygon","coordinates":[[[125.07789,11.26625],[125.07832,11.26598],[125.07881,11.2656],[125.07903,11.26544],[125.07928,11.26523],[125.07958,11.26494],[125.07975,11.26478],[125.07982,11.26471],[125.08032,11.26421],[125.08051,11.264],[125.0808,11.26364],[125.08103,11.26333],[125.08109,11.26325],[125.08103,11.26321],[125.08084,11.26345],[125.08058,11.26378],[125.08045,11.26396],[125.08006,11.26434],[125.07973,11.26469],[125.07947,11.26495],[125.07917,11.26523],[125.07898,11.26538],[125.07876,11.26554],[125.07843,11.26579],[125.07825,11.26593],[125.07794,11.26614],[125.07765,11.26632],[125.07768,11.26636],[125.07789,11.26625]]]}},{"type":"Feature","properties":{"class":"barangay","barangay":"Salvacion"},"geometry":{"type":"Polygon","coordinates":[[[125.07168,11.26329],[125.07184,11.26273],[125.07194,11.26241],[125.07198,11.26224],[125.07203,11.26213],[125.07208,11.26203],[125.07217,11.2619],[125.07223,11.26183],[125.07231,11.26175],[125.07239,11.26167],[125.07244,11.26161],[125.07247,11.26156],[125.0725,11.26151],[125.07252,11.26145],[125.07253,11.26142],[125.0725,11.26141],[125.07248,11.26147],[125.07246,11.26152],[125.07243,11.26156],[125.07241,11.26159],[125.07237,11.26164],[125.0723,11.26171],[125.07224,11.26177],[125.07219,11.26182],[125.07216,11.26186],[125.07213,11.26189],[125.0721,11.26194],[125.07206,11.262],[125.07204,11.26203],[125.07201,11.26209],[125.07199,11.26212],[125.07197,11.26217],[125.07195,11.26224],[125.07192,11.26235],[125.0719,11.26241],[125.07186,11.26254],[125.07182,11.26266],[125.07178,11.26281],[125.07174,11.26295],[125.07169,11.26309],[125.07164,11.26328],[125.0716,11.2634],[125.07156,11.26354],[125.07151,11.26365],[125.07147,11.26375],[125.07151,11.26377],[125.07168,11.26329]]]}},{"type":"Feature","properties":{"class":"barangay","barangay":"Lo-og"},"geometry":{"type":"Polygon","coordinates":[[[125.15764,11.3115],[125.1577,11.31135],[125.15774,11.31123],[125.15776,11.31117],[125.1578,11.31117],[125.15781,11.31115],[125.15779,11.31114],[125.15774,11.31113],[125.15767,11.31133],[125.15758,11.31155],[125.15761,11.31156],[125.15764,11.3115]]]}},{"type":"Feature","properties":{"class":"barangay","barangay":"Lo-og"},"geometry":{"type":"Polygon","coordinates":[[[125.15813,11.31081],[125.15807,11.31092],[125.15809,11.31093],[125.15812,11.31088],[125.15817,11.3108],[125.15818,11.31076],[125.15821,11.31071],[125.15819,11.3107],[125.15813,11.31081]]]}},{"type":"Feature","properties":{"class":"barangay","barangay":"Lo-og"},"geometry":{"type":"Polygon","coordinates":[[[125.15802,11.311],[125.15794,11.31112],[125.1579,11.31117],[125.15794,11.31119],[125.15802,11.31106],[125.15809,11.31095],[125.15807,11.31094],[125.15806,11.31094],[125.15802,11.311]]]}},{"type":"Feature","properties":{"class":"barangay","barangay":"Lo-og"},"geometry":{"type":"Polygon","coordinates":[[[125.15534,11.31063],[125.15529,11.31074],[125.15523,11.31086],[125.15517,11.31097],[125.1552,11.31098],[125.15526,11.31087],[125.15534,11.31071],[125.15539,11.31059],[125.15541,11.31054],[125.15538,11.31053],[125.15534,11.31063]]]}},{"type":"Feature","properties":{"class":"barangay","barangay":"Burgos"},"geometry":{"type":"Polygon","coordinates":[[[125.15333,11.31177],[125.15312,11.31171],[125.15293,11.31166],[125.15293,11.31166],[125.15292,11.31169],[125.15301,11.31171],[125.1532,11.31176],[125.15335,11.31181],[125.15336,11.31178],[125.15333,11.31177]]]}},{"type":"Feature","properties":{"class":"barangay","barangay":"Burgos"},"geometry":{"type":"Polygon","coordinates":[[[125.15232,11.31227],[125.15243,11.31227],[125.15249,11.31227],[125.15259,11.31227],[125.15269,11.31229],[125.1527,11.31226],[125.15261,11.31225],[125.15257,11.31225],[125.15249,11.31225],[125.15238,11.31225],[125.15231,11.31224],[125.15228,11.31225],[125.15226,11.31225],[125.15225,11.31228],[125.15232,11.31227]]]}},{"type":"Feature","properties":{"class":"barangay","barangay":"Burgos"},"geometry":{"type":"Polygon","coordinates":[[[125.15277,11.31228],[125.15283,11.3123],[125.15289,11.31232],[125.15292,11.31232],[125.15303,11.31232],[125.15308,11.31232],[125.15309,11.3123],[125.15306,11.31229],[125.15303,11.31229],[125.153,11.31229],[125.15294,11.31229],[125.15291,11.31229],[125.15287,11.31229],[125.15278,11.31226],[125.15274,11.31225],[125.15273,11.31225],[125.15273,11.31226],[125.15272,11.31228],[125.15277,11.31228]]]}},{"type":"Feature","properties":{"class":"barangay","barangay":"Burgos"},"geometry":{"type":"Polygon","coordinates":[[[125.15277,11.31239],[125.15284,11.31242],[125.15293,11.31241],[125.15298,11.3124],[125.15307,11.31235],[125.15308,11.31233],[125.15308,11.31232],[125.15306,11.31232],[125.15294,11.31238],[125.15292,11.31239],[125.15287,11.31239],[125.15285,11.3124],[125.15283,11.31239],[125.15278,11.31237],[125.15275,11.31235],[125.15271,11.31233],[125.1527,11.31236],[125.15277,11.31239]]]}},{"type":"Feature","properties":{"class":"barangay","barangay":"Burgos"},"geometry":{"type":"Polygon","coordinates":[[[125.15329,11.31053],[125.15331,11.31049],[125.15337,11.31034],[125.15341,11.31023],[125.15344,11.31009],[125.15347,11.30993],[125.15348,11.30986],[125.15348,11.30975],[125.15348,11.30966],[125.15348,11.30956],[125.15344,11.30956],[125.15344,11.30965],[125.15345,11.30975],[125.15344,11.30993],[125.15341,11.31009],[125.15338,11.31022],[125.15336,11.31029],[125.15333,11.31035],[125.15327,11.31052],[125.15328,11.31053],[125.15328,11.31053],[125.15329,11.31053]]]}},{"type":"Feature","properties":{"class":"barangay","barangay":"Burgos"},"geometry":{"type":"Polygon","coordinates":[[[125.1536,11.31131],[125.15363,11.31125],[125.15367,11.31115],[125.15369,11.31112],[125.15366,11.3111],[125.15364,11.31115],[125.15362,11.3112],[125.1536,11.31123],[125.15357,11.31129],[125.15355,11.31134],[125.15359,11.31134],[125.1536,11.31131]]]}},{"type":"Feature","properties":{"class":"barangay","barangay":"Lo-og"},"geometry":{"type":"Polygon","coordinates":[[[125.15726,11.31002],[125.1573,11.30995],[125.15727,11.30992],[125.15723,11.31002],[125.15719,11.31013],[125.15722,11.31014],[125.15726,11.31002]]]}},{"type":"Feature","properties":{"class":"barangay","barangay":"Pelit"},"geometry":{"type":"Polygon","coordinates":[[[125.16017,11.3042],[125.16044,11.30413],[125.1605,11.30409],[125.16058,11.30401],[125.16063,11.30393],[125.16065,11.30392],[125.16067,11.30391],[125.1607,11.3039],[125.16082,11.30387],[125.16089,11.30385],[125.16095,11.30383],[125.16097,11.30383],[125.16104,11.30382],[125.16113,11.30383],[125.1612,11.30384],[125.16131,11.30388],[125.16138,11.30391],[125.16144,11.30394],[125.1615,11.30397],[125.16167,11.30402],[125.1619,11.30409],[125.16205,11.30412],[125.16214,11.30414],[125.16223,11.30414],[125.16237,11.30415],[125.16249,11.30416],[125.16259,11.30417],[125.16265,11.30418],[125.16266,11.30417],[125.16269,11.30408],[125.16274,11.30393],[125.16277,11.30386],[125.16278,11.30382],[125.16279,11.30378],[125.16278,11.30373],[125.16274,11.30361],[125.1627,11.30349],[125.1627,11.30345],[125.1627,11.3034],[125.16272,11.30332],[125.16274,11.30329],[125.16275,11.30328],[125.16282,11.30327],[125.16304,11.30324],[125.16313,11.30323],[125.16315,11.30322],[125.16316,11.3032],[125.16318,11.30293],[125.16319,11.30275],[125.16321,11.30261],[125.16317,11.30259],[125.16316,11.30276],[125.16315,11.30292],[125.16314,11.30306],[125.16313,11.30314],[125.16313,11.30318],[125.16313,11.30319],[125.16312,11.3032],[125.16306,11.30321],[125.16288,11.30323],[125.16276,11.30324],[125.16274,11.30325],[125.16272,11.30326],[125.16271,11.30328],[125.16269,11.3033],[125.16268,11.30333],[125.16268,11.30338],[125.16268,11.30341],[125.16267,11.30346],[125.16267,11.3035],[125.1627,11.30358],[125.16273,11.30367],[125.16275,11.30373],[125.16275,11.30376],[125.16275,11.30378],[125.16274,11.30381],[125.16272,11.30388],[125.16268,11.30396],[125.16266,11.30405],[125.16264,11.30412],[125.16263,11.30413],[125.16258,11.30413],[125.1624,11.30412],[125.1622,11.30411],[125.16206,11.30409],[125.16194,11.30407],[125.16171,11.304],[125.16147,11.30393],[125.16141,11.30389],[125.16136,11.30387],[125.16124,11.30382],[125.16121,11.30381],[125.16111,11.30379],[125.16098,11.3038],[125.16087,11.30382],[125.16078,11.30385],[125.16069,11.30387],[125.16062,11.30388],[125.1606,11.3039],[125.16055,11.30398],[125.16052,11.30403],[125.16049,11.30406],[125.16043,11.30409],[125.1604,11.3041],[125.16023,11.30414],[125.16009,11.30418],[125.15999,11.30421],[125.16002,11.30423],[125.16017,11.3042]]]}},{"type":"Feature","properties":{"class":"barangay","barangay":"Pelit"},"geometry":{"type":"Polygon","coordinates":[[[125.16321,11.30261],[125.16324,11.30263],[125.16328,11.30264],[125.16333,11.30265],[125.1634,11.30267],[125.16343,11.30268],[125.16348,11.30272],[125.16351,11.30274],[125.16354,11.30275],[125.16356,11.30275],[125.16359,11.30276],[125.16369,11.30276],[125.16377,11.30276],[125.16383,11.30275],[125.16393,11.30274],[125.16395,11.30274],[125.16401,11.30274],[125.16408,11.30275],[125.16419,11.30277],[125.16425,11.30278],[125.16434,11.30278],[125.16442,11.30279],[125.16445,11.30279],[125.16446,11.30278],[125.16447,11.30278],[125.16449,11.30276],[125.16447,11.30275],[125.16445,11.30276],[125.16442,11.30277],[125.16434,11.30276],[125.16424,11.30276],[125.16419,11.30275],[125.16405,11.30272],[125.16398,11.30271],[125.16395,11.30271],[125.16392,11.30271],[125.16388,11.30272],[125.16382,11.30273],[125.16377,11.30273],[125.16371,11.30273],[125.16364,11.30273],[125.16359,11.30273],[125.16356,11.30272],[125.16353,11.30271],[125.16349,11.30269],[125.16345,11.30266],[125.16342,11.30264],[125.16338,11.30263],[125.16331,11.30262],[125.16327,11.3026],[125.1632,11.30256],[125.16314,11.30254],[125.16308,11.30252],[125.16305,11.30251],[125.16302,11.30247],[125.16301,11.30244],[125.16298,11.30238],[125.16296,11.30236],[125.16292,11.30233],[125.16289,11.30232],[125.16285,11.30231],[125.16276,11.30231],[125.16269,11.3023],[125.16264,11.30229],[125.16256,11.30226],[125.16245,11.30224],[125.16235,11.30223],[125.16197,11.30224],[125.16183,11.30225],[125.16176,11.30225],[125.16171,11.30226],[125.16167,11.30227],[125.16163,11.3023],[125.16161,11.30233],[125.16159,11.30236],[125.16159,11.30238],[125.16159,11.30242],[125.16158,11.30245],[125.16156,11.30247],[125.16155,11.30249],[125.16152,11.3025],[125.16147,11.30252],[125.16139,11.30257],[125.16132,11.30261],[125.16126,11.30265],[125.16121,11.30267],[125.16119,11.30269],[125.16117,11.30274],[125.16116,11.30276],[125.16115,11.3028],[125.16114,11.30284],[125.16114,11.30287],[125.16113,11.3029],[125.16111,11.30294],[125.16109,11.30297],[125.16106,11.30301],[125.16105,11.30303],[125.16105,11.30307],[125.16106,11.30314],[125.16106,11.30322],[125.16105,11.30327],[125.16099,11.30342],[125.16085,11.30359],[125.1607,11.30381],[125.16062,11.30388],[125.16062,11.30388],[125.16069,11.30387],[125.1607,11.30386],[125.16075,11.3038],[125.16081,11.30373],[125.16094,11.30353],[125.16101,11.30345],[125.16103,11.30342],[125.16106,11.30335],[125.16108,11.3033],[125.16109,11.30327],[125.16109,11.30322],[125.16109,11.30319],[125.16109,11.30313],[125.16108,11.30309],[125.16108,11.30306],[125.16109,11.30303],[125.1611,11.30301],[125.16112,11.30297],[125.16114,11.30294],[125.16116,11.30288],[125.16117,11.30286],[125.16118,11.30281],[125.16119,11.30277],[125.16121,11.30271],[125.16123,11.30269],[125.16128,11.30267],[125.16135,11.30263],[125.16143,11.30258],[125.16151,11.30253],[125.16155,11.30251],[125.16158,11.3025],[125.16159,11.30248],[125.16161,11.30245],[125.16161,11.30243],[125.16162,11.30239],[125.16163,11.30235],[125.16164,11.30233],[125.16166,11.30231],[125.16171,11.30228],[125.16175,11.30227],[125.16181,11.30227],[125.16191,11.30227],[125.16204,11.30226],[125.16217,11.30226],[125.16226,11.30226],[125.16234,11.30225],[125.16238,11.30226],[125.16244,11.30226],[125.16246,11.30226],[125.16251,11.30228],[125.16257,11.3023],[125.16266,11.30232],[125.16271,11.30233],[125.16276,11.30234],[125.16278,11.30234],[125.16283,11.30235],[125.16288,11.30235],[125.1629,11.30236],[125.16292,11.30237],[125.16294,11.30238],[125.16295,11.3024],[125.16298,11.30247],[125.163,11.3025],[125.16301,11.30253],[125.16304,11.30254],[125.16307,11.30256],[125.16313,11.30258],[125.16317,11.30259],[125.16321,11.30261]]]}},{"type":"Feature","properties":{"class":"barangay","barangay":"Pelit"},"geometry":{"type":"Polygon","coordinates":[[[125.16141,11.30389],[125.1614,11.30383],[125.16141,11.30369],[125.1614,11.30346],[125.16139,11.30335],[125.16137,11.30319],[125.16136,11.30311],[125.16134,11.3031],[125.16132,11.30311],[125.16133,11.30315],[125.16133,11.30322],[125.16135,11.30332],[125.16136,11.30346],[125.16137,11.3036],[125.16137,11.30378],[125.16136,11.30387],[125.16141,11.30389]]]}},{"type":"Feature","properties":{"class":"barangay","barangay":"Serum"},"geometry":{"type":"Polygon","coordinates":[[[125.12909,11.298],[125.12931,11.29725],[125.12932,11.2972],[125.12951,11.29665],[125.12952,11.29661],[125.12957,11.29647],[125.12953,11.29645],[125.12953,11.29646],[125.12947,11.29665],[125.12928,11.29716],[125.12926,11.29724],[125.12925,11.29727],[125.12914,11.29768],[125.12907,11.29791],[125.12901,11.29806],[125.12903,11.29807],[125.12906,11.29807],[125.12909,11.298]]]}},{"type":"Feature","properties":{"class":"barangay","barangay":"Serum"},"geometry":{"type":"Polygon","coordinates":[[[125.13011,11.29827],[125.13013,11.29821],[125.13033,11.2977],[125.13035,11.29767],[125.13048,11.29734],[125.13062,11.29699],[125.13058,11.29698],[125.1303,11.29765],[125.13029,11.29768],[125.13005,11.29828],[125.13012,11.2983],[125.13011,11.29827]]]}},{"type":"Feature","properties":{"class":"barangay","barangay":"Serum"},"geometry":{"type":"Polygon","coordinates":[[[125.13107,11.29837],[125.13116,11.29804],[125.13118,11.298],[125.13129,11.29764],[125.13145,11.2972],[125.13142,11.29719],[125.13125,11.29763],[125.13114,11.29799],[125.13113,11.29802],[125.13103,11.29836],[125.13098,11.29849],[125.13102,11.2985],[125.13107,11.29837]]]}},{"type":"Feature","properties":{"class":"barangay","barangay":"Serum"},"geometry":{"type":"Polygon","coordinates":[[[125.13193,11.29865],[125.132,11.2983],[125.13201,11.29826],[125.13224,11.29742],[125.1322,11.2974],[125.13197,11.29825],[125.13195,11.29829],[125.13187,11.29865],[125.13193,11.29865]]]}},{"type":"Feature","properties":{"class":"barangay","barangay":"Serum"},"geometry":{"type":"Polygon","coordinates":[[[125.13217,11.29834],[125.13248,11.29843],[125.13273,11.29849],[125.1328,11.2985],[125.13282,11.29849],[125.13283,11.29847],[125.13288,11.29815],[125.13293,11.29787],[125.13296,11.29767],[125.13296,11.29765],[125.13296,11.29763],[125.13252,11.29748],[125.13226,11.29738],[125.13203,11.29729],[125.13195,11.29727],[125.13188,11.29725],[125.13181,11.29721],[125.13174,11.29722],[125.13168,11.29721],[125.13161,11.2972],[125.13151,11.29718],[125.13142,11.29717],[125.13128,11.29715],[125.13121,11.29712],[125.13115,11.2971],[125.13108,11.29709],[125.13103,11.29708],[125.13102,11.29707],[125.13081,11.29703],[125.13079,11.29704],[125.13059,11.29695],[125.13056,11.29692],[125.13047,11.29688],[125.1304,11.29685],[125.13035,11.29682],[125.13021,11.29675],[125.13007,11.29666],[125.12999,11.29662],[125.12993,11.2966],[125.12992,11.29663],[125.12998,11.29665],[125.13007,11.29669],[125.13022,11.29678],[125.13032,11.29684],[125.1304,11.29687],[125.13047,11.29691],[125.13054,11.29694],[125.13058,11.29697],[125.13058,11.29698],[125.13058,11.29698],[125.13061,11.29699],[125.13062,11.29699],[125.13075,11.29706],[125.13078,11.29707],[125.1308,11.29707],[125.13083,11.29706],[125.13101,11.2971],[125.13107,11.29712],[125.13114,11.29713],[125.1312,11.29714],[125.13127,11.29718],[125.13141,11.2972],[125.13141,11.2972],[125.13141,11.2972],[125.13145,11.2972],[125.13145,11.2972],[125.1315,11.29721],[125.13162,11.29723],[125.13168,11.29725],[125.13173,11.29725],[125.13181,11.29725],[125.13187,11.29728],[125.13194,11.2973],[125.13203,11.29732],[125.1322,11.2974],[125.13224,11.29742],[125.13245,11.2975],[125.13267,11.2976],[125.13291,11.29767],[125.13289,11.29779],[125.13284,11.29806],[125.13279,11.29833],[125.13278,11.29843],[125.13278,11.29844],[125.13256,11.29838],[125.13222,11.29831],[125.13201,11.29826],[125.132,11.2983],[125.13203,11.29831],[125.13217,11.29834]]]}},{"type":"Feature","properties":{"class":"barangay","barangay":"Serum"},"geometry":{"type":"Polygon","coordinates":[[[125.1313,11.29808],[125.13159,11.29817],[125.13187,11.29826],[125.13196,11.29828],[125.13197,11.29825],[125.13193,11.29823],[125.13187,11.29821],[125.13163,11.29814],[125.13138,11.29806],[125.13122,11.29802],[125.13118,11.298],[125.13116,11.29804],[125.1313,11.29808]]]}},{"type":"Feature","properties":{"class":"barangay","barangay":"Serum"},"geometry":{"type":"Polygon","coordinates":[[[125.12953,11.29735],[125.1299,11.29751],[125.13029,11.29768],[125.1303,11.29765],[125.13015,11.29758],[125.12989,11.29746],[125.12972,11.29739],[125.12968,11.29737],[125.1294,11.29725],[125.12932,11.2972],[125.12931,11.29725],[125.12953,11.29735]]]}},{"type":"Feature","properties":{"class":"barangay","barangay":"Serum"},"geometry":{"type":"Polygon","coordinates":[[[125.1299,11.29658],[125.12985,11.29669],[125.12985,11.29672],[125.1298,11.29696],[125.12974,11.2972],[125.12968,11.29737],[125.12972,11.29739],[125.12978,11.29722],[125.1298,11.29713],[125.12988,11.29677],[125.12989,11.29673],[125.12992,11.29663],[125.12993,11.2966],[125.1299,11.29658]]]}},{"type":"Feature","properties":{"class":"barangay","barangay":"Serum"},"geometry":{"type":"Polygon","coordinates":[[[125.13046,11.29775],[125.13075,11.29786],[125.13106,11.298],[125.13112,11.29803],[125.13113,11.29802],[125.13114,11.29799],[125.13109,11.29797],[125.13095,11.29791],[125.13075,11.29783],[125.13066,11.29779],[125.13049,11.29772],[125.13035,11.29767],[125.13035,11.29767],[125.13033,11.2977],[125.13046,11.29775]]]}},{"type":"Feature","properties":{"class":"barangay","barangay":"Serum"},"geometry":{"type":"Polygon","coordinates":[[[125.12957,11.29647],[125.12959,11.29642],[125.12953,11.2964],[125.12946,11.29634],[125.12933,11.29623],[125.12928,11.29619],[125.12924,11.29615],[125.12918,11.2961],[125.12913,11.29604],[125.12906,11.29599],[125.12898,11.29592],[125.12897,11.29592],[125.12896,11.29592],[125.12892,11.29598],[125.12879,11.29618],[125.12866,11.29636],[125.12853,11.29655],[125.12843,11.29671],[125.12836,11.29683],[125.12836,11.29685],[125.12881,11.29704],[125.12926,11.29724],[125.12927,11.2972],[125.12919,11.29716],[125.12897,11.29707],[125.12893,11.29706],[125.1289,11.29704],[125.1286,11.29691],[125.12843,11.29684],[125.12842,11.29683],[125.12842,11.29681],[125.12851,11.29667],[125.12857,11.29657],[125.12869,11.29641],[125.12877,11.29628],[125.12883,11.29618],[125.12891,11.29607],[125.12897,11.29598],[125.12898,11.29597],[125.12899,11.29598],[125.12911,11.29608],[125.12917,11.29614],[125.12923,11.2962],[125.12926,11.29622],[125.12932,11.29627],[125.12941,11.29635],[125.1295,11.29643],[125.12953,11.29645],[125.12953,11.29645],[125.12953,11.29645],[125.12957,11.29647],[125.12957,11.29647]]]}},{"type":"Feature","properties":{"class":"barangay","barangay":"Serum"},"geometry":{"type":"Polygon","coordinates":[[[125.12906,11.29681],[125.12914,11.29654],[125.12914,11.29652],[125.12917,11.2964],[125.12919,11.29634],[125.12926,11.29623],[125.12923,11.2962],[125.12917,11.29631],[125.12915,11.29636],[125.12911,11.29651],[125.12907,11.29662],[125.12907,11.29665],[125.12902,11.29682],[125.12896,11.29699],[125.12893,11.29706],[125.12897,11.29707],[125.12906,11.29681]]]}},{"type":"Feature","properties":{"class":"barangay","barangay":"Serum"},"geometry":{"type":"Polygon","coordinates":[[[125.12927,11.29658],[125.12943,11.29662],[125.12947,11.29664],[125.12948,11.29661],[125.12937,11.29658],[125.12923,11.29654],[125.12914,11.29651],[125.12914,11.29652],[125.12914,11.29654],[125.12927,11.29658]]]}},{"type":"Feature","properties":{"class":"barangay","barangay":"Serum"},"geometry":{"type":"Polygon","coordinates":[[[125.12961,11.29667],[125.12979,11.29671],[125.12985,11.29672],[125.12985,11.29669],[125.12977,11.29667],[125.12961,11.29664],[125.12952,11.29661],[125.12951,11.29665],[125.12961,11.29667]]]}},{"type":"Feature","properties":{"class":"barangay","barangay":"Balud"},"geometry":{"type":"Polygon","coordinates":[[[125.12547,11.28919],[125.12553,11.28929],[125.12583,11.28969],[125.12634,11.29032],[125.12635,11.29047],[125.12633,11.29054],[125.1263,11.2907],[125.12613,11.29149],[125.12603,11.29195],[125.12611,11.29199],[125.12645,11.29056],[125.12646,11.2903],[125.12558,11.28923],[125.12552,11.28913],[125.12544,11.28894],[125.12537,11.28897],[125.12547,11.28919]]]}},{"type":"Feature","properties":{"class":"barangay","barangay":"Anglit"},"geometry":{"type":"Polygon","coordinates":[[[125.11021,11.29724],[125.11023,11.29686],[125.11024,11.29658],[125.11024,11.29642],[125.11019,11.29643],[125.11019,11.29658],[125.11019,11.29685],[125.11018,11.29689],[125.11018,11.29696],[125.11017,11.29716],[125.11017,11.29731],[125.11016,11.29744],[125.11021,11.29744],[125.11021,11.29724]]]}},{"type":"Feature","properties":{"class":"barangay","barangay":"Anglit"},"geometry":{"type":"Polygon","coordinates":[[[125.11285,11.29789],[125.11288,11.29757],[125.11291,11.2972],[125.11292,11.29692],[125.11294,11.29656],[125.11294,11.29648],[125.11294,11.29618],[125.11293,11.29612],[125.11291,11.29612],[125.11291,11.29618],[125.11291,11.29655],[125.11288,11.29705],[125.11285,11.29747],[125.11283,11.29764],[125.11281,11.29791],[125.11285,11.29792],[125.11285,11.29789]]]}},{"type":"Feature","properties":{"class":"barangay","barangay":"Anglit"},"geometry":{"type":"Polygon","coordinates":[[[125.10788,11.29674],[125.10794,11.29641],[125.10799,11.29622],[125.10805,11.29605],[125.1081,11.29591],[125.10807,11.2959],[125.10796,11.29621],[125.10791,11.29638],[125.10783,11.29677],[125.10778,11.29702],[125.10779,11.29702],[125.10782,11.29703],[125.10788,11.29674]]]}},{"type":"Feature","properties":{"class":"barangay","barangay":"Catadman"},"geometry":{"type":"Polygon","coordinates":[[[125.15211,11.27284],[125.15202,11.27315],[125.15194,11.27347],[125.15193,11.27355],[125.15197,11.27356],[125.15201,11.27336],[125.15205,11.27318],[125.15213,11.27292],[125.15219,11.27272],[125.15215,11.2727],[125.15211,11.27284]]]}},{"type":"Feature","properties":{"class":"barangay","barangay":"Basiao"},"geometry":{"type":"Polygon","coordinates":[[[125.15885,11.26591],[125.15877,11.266],[125.15876,11.26601],[125.1588,11.26607],[125.15899,11.26629],[125.15899,11.26646],[125.15915,11.26674],[125.15918,11.26678],[125.15926,11.26693],[125.1593,11.26698],[125.15938,11.2671],[125.15943,11.26707],[125.15936,11.26698],[125.15933,11.26694],[125.1593,11.2669],[125.15923,11.26675],[125.15921,11.26672],[125.15905,11.26645],[125.15905,11.26636],[125.15905,11.2663],[125.15904,11.26626],[125.15896,11.26616],[125.15893,11.26613],[125.15884,11.26602],[125.15884,11.26601],[125.15891,11.26593],[125.15893,11.26591],[125.15891,11.26586],[125.15883,11.26573],[125.15879,11.26557],[125.15873,11.2656],[125.15877,11.26576],[125.15885,11.26591]]]}},{"type":"Feature","properties":{"class":"barangay","barangay":"basiao"},"geometry":{"type":"Polygon","coordinates":[[[125.15861,11.26591],[125.15829,11.26621],[125.15808,11.26641],[125.15801,11.26646],[125.15805,11.26649],[125.15828,11.26627],[125.15841,11.26614],[125.15879,11.2658],[125.15877,11.26576],[125.15861,11.26591]]]}},{"type":"Feature","properties":{"class":"barangay","barangay":"Basiao"},"geometry":{"type":"Polygon","coordinates":[[[125.15855,11.26621],[125.15821,11.26655],[125.15816,11.2666],[125.15819,11.26663],[125.15839,11.26642],[125.1586,11.26621],[125.15878,11.26604],[125.15876,11.26601],[125.15876,11.26601],[125.15876,11.26601],[125.15855,11.26621]]]}},{"type":"Feature","properties":{"class":"barangay","barangay":"Basiao"},"geometry":{"type":"Polygon","coordinates":[[[125.15903,11.26581],[125.15926,11.26559],[125.15938,11.26546],[125.15946,11.26536],[125.15943,11.26534],[125.15936,11.26542],[125.15924,11.26554],[125.15907,11.2657],[125.15891,11.26586],[125.15893,11.26591],[125.15903,11.26581]]]}},{"type":"Feature","properties":{"class":"barangay","barangay":"Basiao"},"geometry":{"type":"Polygon","coordinates":[[[125.15909,11.26605],[125.15931,11.26583],[125.15955,11.26559],[125.15951,11.26555],[125.15919,11.26589],[125.15894,11.26614],[125.15896,11.26616],[125.15897,11.26617],[125.15909,11.26605]]]}},{"type":"Feature","properties":{"class":"barangay","barangay":"Basiao"},"geometry":{"type":"Polygon","coordinates":[[[125.15929,11.26618],[125.15955,11.26593],[125.1597,11.26579],[125.15967,11.26575],[125.15958,11.26583],[125.15923,11.26617],[125.15905,11.2663],[125.15905,11.26636],[125.15929,11.26618]]]}},{"type":"Feature","properties":{"class":"barangay","barangay":"Basiao"},"geometry":{"type":"Polygon","coordinates":[[[125.15909,11.26677],[125.15884,11.26688],[125.15861,11.26699],[125.15863,11.26704],[125.15869,11.26701],[125.15907,11.26683],[125.15918,11.26678],[125.15915,11.26674],[125.15915,11.26674],[125.15909,11.26677]]]}},{"type":"Feature","properties":{"class":"barangay","barangay":"Basiao"},"geometry":{"type":"Polygon","coordinates":[[[125.1592,11.26696],[125.15898,11.26707],[125.15878,11.26715],[125.15872,11.26718],[125.15874,11.26722],[125.15902,11.2671],[125.15925,11.26699],[125.15929,11.26697],[125.15926,11.26693],[125.1592,11.26696]]]}},{"type":"Feature","properties":{"class":"barangay","barangay":"Basiao"},"geometry":{"type":"Polygon","coordinates":[[[125.15936,11.26698],[125.15952,11.26689],[125.15966,11.26678],[125.15964,11.26673],[125.15953,11.26682],[125.15933,11.26694],[125.15936,11.26698]]]}},{"type":"Feature","properties":{"class":"barangay","barangay":"Basiao"},"geometry":{"type":"Polygon","coordinates":[[[125.15923,11.26675],[125.15937,11.26667],[125.15953,11.26658],[125.1595,11.26654],[125.15938,11.26661],[125.15921,11.26672],[125.15923,11.26675]]]}},{"type":"Feature","properties":{"class":"barangay","barangay":"Basiao"},"geometry":{"type":"Polygon","coordinates":[[[125.15891,11.26566],[125.15903,11.26555],[125.15906,11.26552],[125.15903,11.26549],[125.15896,11.26556],[125.15883,11.26568],[125.15882,11.26569],[125.15883,11.26573],[125.15891,11.26566]]]}},{"type":"Feature","properties":{"class":"municipal","barangay":"Buscada"},"geometry":{"type":"Polygon","coordinates":[[[125.06707,11.28178],[125.06732,11.28166],[125.06739,11.28162],[125.0674,11.28159],[125.06741,11.28152],[125.06741,11.28136],[125.06741,11.28116],[125.06743,11.28091],[125.06743,11.28084],[125.06734,11.28112],[125.06734,11.28136],[125.06732,11.28154],[125.06729,11.28158],[125.06724,11.28162],[125.0671,11.28169],[125.06687,11.28178],[125.06704,11.28181],[125.06707,11.28178]]]}},{"type":"Feature","properties":{"class":"municipal","barangay":"Buscada"},"geometry":{"type":"Polygon","coordinates":[[[125.06733,11.28175],[125.06733,11.28183],[125.06729,11.28192],[125.06738,11.28197],[125.06739,11.28189],[125.0674,11.28181],[125.0674,11.28171],[125.06739,11.28162],[125.06732,11.28166],[125.06733,11.28175]]]}},{"type":"Feature","properties":{"class":"municipal","barangay":"Loyo"},"geometry":{"type":"Polygon","coordinates":[[[125.06744,11.28079],[125.06744,11.28073],[125.06749,11.28051],[125.0675,11.28046],[125.06757,11.28017],[125.06759,11.28011],[125.06765,11.27988],[125.06768,11.27972],[125.06765,11.27972],[125.06764,11.27972],[125.06763,11.27975],[125.06753,11.28009],[125.06751,11.28015],[125.06744,11.28045],[125.06742,11.2805],[125.0674,11.28063],[125.06737,11.28077],[125.06736,11.28084],[125.06736,11.28092],[125.06734,11.28112],[125.06743,11.28084],[125.06744,11.28079]]]}},{"type":"Feature","properties":{"class":"municipal","barangay":"Loyo"},"geometry":{"type":"Polygon","coordinates":[[[125.06722,11.28039],[125.06717,11.28037],[125.06701,11.28032],[125.0668,11.28024],[125.06676,11.28023],[125.06641,11.2801],[125.06592,11.2799],[125.06567,11.27979],[125.06563,11.27977],[125.06561,11.27974],[125.0656,11.27972],[125.06559,11.27967],[125.06557,11.27958],[125.06554,11.27961],[125.06555,11.27969],[125.06556,11.27974],[125.06559,11.27979],[125.06563,11.27982],[125.06578,11.2799],[125.06601,11.28],[125.06637,11.28015],[125.06676,11.28029],[125.06721,11.28043],[125.06742,11.2805],[125.06744,11.28046],[125.06722,11.28039]]]}},{"type":"Feature","properties":{"class":"barangay","barangay":"Loyo"},"geometry":{"type":"Polygon","coordinates":[[[125.06735,11.28004],[125.0673,11.28002],[125.06698,11.27988],[125.06694,11.27986],[125.06678,11.27981],[125.06675,11.2798],[125.06672,11.27979],[125.06656,11.27974],[125.06633,11.27967],[125.06623,11.27966],[125.06614,11.27965],[125.06614,11.27968],[125.06622,11.2797],[125.06631,11.27971],[125.06647,11.27976],[125.06662,11.2798],[125.06689,11.2799],[125.06695,11.27992],[125.06728,11.28006],[125.06734,11.28008],[125.06752,11.28014],[125.06753,11.28009],[125.06735,11.28004]]]}},{"type":"Feature","properties":{"class":"barangay","barangay":"Loyo"},"geometry":{"type":"Polygon","coordinates":[[[125.0668,11.27971],[125.06682,11.27964],[125.06682,11.27956],[125.06683,11.27947],[125.06683,11.2794],[125.06682,11.27929],[125.06683,11.27918],[125.06685,11.27902],[125.06683,11.27902],[125.06682,11.27907],[125.06681,11.27917],[125.0668,11.27929],[125.0668,11.27943],[125.0668,11.27956],[125.06679,11.27963],[125.06675,11.2798],[125.06677,11.27981],[125.0668,11.27971]]]}},{"type":"Feature","properties":{"class":"barangay","barangay":"Loyo"},"geometry":{"type":"Polygon","coordinates":[[[125.06699,11.2798],[125.06702,11.27974],[125.06705,11.27967],[125.06706,11.27966],[125.0671,11.27962],[125.06716,11.27955],[125.06722,11.2795],[125.0672,11.27948],[125.06713,11.27954],[125.06708,11.27959],[125.06702,11.27966],[125.06698,11.27975],[125.06694,11.27986],[125.06698,11.27988],[125.06699,11.2798]]]}},{"type":"Feature","properties":{"class":"barangay","barangay":"Loyo"},"geometry":{"type":"Polygon","coordinates":[[[125.06739,11.27993],[125.06743,11.2798],[125.06746,11.27968],[125.06744,11.27967],[125.06743,11.27972],[125.06741,11.27977],[125.06737,11.27989],[125.06734,11.28001],[125.06733,11.28003],[125.06735,11.28004],[125.06739,11.27993]]]}},{"type":"Feature","properties":{"class":"barangay","barangay":"Loyo"},"geometry":{"type":"Polygon","coordinates":[[[125.06722,11.28039],[125.06729,11.28021],[125.06734,11.28008],[125.06731,11.28007],[125.06727,11.28017],[125.06723,11.28029],[125.06719,11.28038],[125.06722,11.28039],[125.06722,11.28039]]]}},{"type":"Feature","properties":{"class":"barangay","barangay":"Loyo"},"geometry":{"type":"Polygon","coordinates":[[[125.06684,11.28005],[125.06676,11.28023],[125.0668,11.28024],[125.06687,11.28007],[125.06693,11.27991],[125.06689,11.2799],[125.06684,11.28005]]]}},{"type":"Feature","properties":{"class":"barangay","barangay":"Buscada"},"geometry":{"type":"Polygon","coordinates":[[[125.06764,11.28092],[125.06794,11.28096],[125.06811,11.28098],[125.06812,11.28098],[125.06812,11.28094],[125.06743,11.28084],[125.06743,11.28088],[125.06764,11.28092]]]}},{"type":"Feature","properties":{"class":"barangay","barangay":"Sulod"},"geometry":{"type":"Polygon","coordinates":[[[125.06878,11.2811],[125.06884,11.28111],[125.06905,11.28116],[125.06911,11.28117],[125.06932,11.28121],[125.06939,11.28123],[125.06959,11.28127],[125.06965,11.28128],[125.06992,11.28134],[125.06999,11.28135],[125.07034,11.28142],[125.0704,11.28143],[125.0704,11.28138],[125.06882,11.28105],[125.06812,11.28094],[125.06812,11.28094],[125.06812,11.28098],[125.06811,11.28098],[125.06878,11.2811]]]}},{"type":"Feature","properties":{"class":"municipal","barangay":"Loyo"},"geometry":{"type":"Polygon","coordinates":[[[125.06782,11.28059],[125.06801,11.28062],[125.06806,11.28063],[125.06837,11.28069],[125.06874,11.28074],[125.06887,11.28077],[125.06888,11.28072],[125.0686,11.28068],[125.06842,11.28064],[125.06836,11.28063],[125.06807,11.28059],[125.06801,11.28057],[125.06781,11.28053],[125.06755,11.28048],[125.0675,11.28046],[125.06749,11.28051],[125.06782,11.28059]]]}},{"type":"Feature","properties":{"class":"municipal","barangay":"Loyo"},"geometry":{"type":"Polygon","coordinates":[[[125.06786,11.28022],[125.06808,11.28026],[125.06812,11.28027],[125.06843,11.28032],[125.06848,11.28032],[125.06878,11.28039],[125.0689,11.28041],[125.06893,11.28042],[125.06894,11.28037],[125.0688,11.28035],[125.06867,11.28032],[125.06846,11.28027],[125.06843,11.28026],[125.06814,11.28021],[125.0681,11.2802],[125.06787,11.28017],[125.06759,11.28011],[125.06758,11.28015],[125.06758,11.28015],[125.06786,11.28022]]]}},{"type":"Feature","properties":{"class":"barangay","barangay":"Loyo"},"geometry":{"type":"Polygon","coordinates":[[[125.06796,11.28092],[125.06799,11.28092],[125.06805,11.28063],[125.06801,11.28062],[125.06796,11.28092]]]}},{"type":"Feature","properties":{"class":"barangay","barangay":"Loyo"},"geometry":{"type":"Polygon","coordinates":[[[125.06801,11.28057],[125.06805,11.28058],[125.06812,11.28027],[125.06808,11.28026],[125.06801,11.28057]]]}},{"type":"Feature","properties":{"class":"barangay","barangay":"Loyo"},"geometry":{"type":"Polygon","coordinates":[[[125.06823,11.27977],[125.06822,11.27977],[125.06818,11.27977],[125.0681,11.2802],[125.06814,11.28021],[125.06823,11.27977]]]}},{"type":"Feature","properties":{"class":"barangay","barangay":"Loyo"},"geometry":{"type":"Polygon","coordinates":[[[125.06846,11.28027],[125.06853,11.27988],[125.06854,11.2798],[125.06851,11.27979],[125.06843,11.28026],[125.06846,11.28027]]]}},{"type":"Feature","properties":{"class":"barangay","barangay":"Loyo"},"geometry":{"type":"Polygon","coordinates":[[[125.06842,11.28041],[125.0684,11.28054],[125.06837,11.28064],[125.06841,11.28064],[125.06844,11.28047],[125.06846,11.2804],[125.06847,11.28032],[125.06843,11.28032],[125.06842,11.28041]]]}},{"type":"Feature","properties":{"class":"municipal","barangay":"Mercado"},"geometry":{"type":"Polygon","coordinates":[[[125.06893,11.28042],[125.06911,11.28044],[125.06952,11.28053],[125.06974,11.28059],[125.06998,11.28066],[125.07015,11.28073],[125.0702,11.28076],[125.0704,11.28084],[125.07046,11.28088],[125.07053,11.28093],[125.07057,11.28097],[125.07061,11.28102],[125.07064,11.28108],[125.07065,11.28111],[125.07069,11.28136],[125.07074,11.28136],[125.07072,11.28119],[125.07071,11.28109],[125.07067,11.28101],[125.07061,11.28091],[125.07055,11.28086],[125.07047,11.28081],[125.07037,11.28076],[125.07025,11.28069],[125.07006,11.28062],[125.07002,11.28061],[125.07,11.2806],[125.06976,11.28052],[125.06971,11.2805],[125.06934,11.28044],[125.069,11.28037],[125.06894,11.28037],[125.06894,11.28037],[125.06894,11.28039],[125.06893,11.28042]]]}},{"type":"Feature","properties":{"class":"municipal","barangay":"Mercado"},"geometry":{"type":"Polygon","coordinates":[[[125.069,11.28024],[125.069,11.28012],[125.06901,11.27999],[125.06921,11.28002],[125.0693,11.28004],[125.0693,11.28],[125.06929,11.28],[125.06924,11.27998],[125.06902,11.27996],[125.06898,11.27995],[125.06897,11.27996],[125.06896,11.28011],[125.06896,11.28023],[125.06894,11.28037],[125.06894,11.28037],[125.06898,11.28037],[125.069,11.28024]]]}},{"type":"Feature","properties":{"class":"barangay","barangay":"Mercado"},"geometry":{"type":"Polygon","coordinates":[[[125.0698,11.28032],[125.06983,11.2801],[125.06985,11.27999],[125.06983,11.27997],[125.0698,11.27997],[125.06979,11.28001],[125.06977,11.28009],[125.06974,11.28032],[125.06971,11.2805],[125.06976,11.28052],[125.06977,11.28052],[125.0698,11.28032]]]}},{"type":"Feature","properties":{"class":"barangay","barangay":"Mercado"},"geometry":{"type":"Polygon","coordinates":[[[125.0701,11.28046],[125.07013,11.28027],[125.07018,11.28009],[125.07025,11.27982],[125.0702,11.27981],[125.07016,11.27995],[125.07012,11.2801],[125.07009,11.28027],[125.07006,11.28046],[125.07002,11.28061],[125.07002,11.28061],[125.07006,11.28062],[125.0701,11.28046]]]}},{"type":"Feature","properties":{"class":"municipal","barangay":"Can-manila"},"geometry":{"type":"Polygon","coordinates":[[[125.06557,11.27953],[125.06556,11.27945],[125.06558,11.27916],[125.06557,11.27907],[125.06555,11.27903],[125.06551,11.27896],[125.06546,11.27892],[125.06541,11.27887],[125.06537,11.27884],[125.06533,11.27882],[125.06529,11.27881],[125.06525,11.27881],[125.06512,11.27884],[125.06491,11.2789],[125.06484,11.27892],[125.06479,11.27893],[125.06474,11.27893],[125.06468,11.27891],[125.06461,11.27888],[125.06451,11.27884],[125.0644,11.27877],[125.0643,11.2787],[125.0642,11.27864],[125.06414,11.2786],[125.06408,11.27857],[125.06403,11.27857],[125.06401,11.27857],[125.06393,11.27859],[125.06387,11.2786],[125.06381,11.27859],[125.06373,11.27858],[125.06369,11.27858],[125.06365,11.27858],[125.06359,11.27859],[125.06351,11.27862],[125.06344,11.27863],[125.06337,11.27864],[125.0633,11.27864],[125.06327,11.27863],[125.06324,11.27861],[125.06319,11.27858],[125.06315,11.27856],[125.06311,11.27855],[125.06306,11.27855],[125.06292,11.27858],[125.0629,11.27858],[125.06286,11.27858],[125.06283,11.27858],[125.06261,11.2786],[125.06251,11.27862],[125.06236,11.27862],[125.06236,11.27866],[125.06251,11.27865],[125.06262,11.27864],[125.06286,11.27862],[125.06289,11.27862],[125.06292,11.27862],[125.06295,11.27861],[125.06298,11.27861],[125.06303,11.2786],[125.06307,11.27859],[125.06311,11.27858],[125.06314,11.27859],[125.06317,11.2786],[125.06321,11.27863],[125.06326,11.27866],[125.06328,11.27867],[125.06332,11.27867],[125.06336,11.27867],[125.0634,11.27866],[125.06346,11.27865],[125.06352,11.27864],[125.06356,11.27863],[125.06362,11.27862],[125.06368,11.27861],[125.06373,11.27861],[125.06379,11.27862],[125.06384,11.27863],[125.06387,11.27863],[125.06394,11.27862],[125.064,11.27861],[125.06406,11.27861],[125.0641,11.27862],[125.06416,11.27865],[125.06429,11.27873],[125.06438,11.2788],[125.0645,11.27887],[125.06459,11.27891],[125.06466,11.27894],[125.06473,11.27896],[125.06479,11.27897],[125.06485,11.27896],[125.06492,11.27894],[125.0651,11.27889],[125.06513,11.27888],[125.06525,11.27885],[125.06528,11.27885],[125.06532,11.27886],[125.06538,11.27889],[125.06544,11.27894],[125.06547,11.27897],[125.06552,11.27905],[125.06553,11.27907],[125.06554,11.27916],[125.06553,11.27935],[125.06552,11.27945],[125.06553,11.27951],[125.06554,11.27961],[125.06557,11.27958],[125.06557,11.27953]]]}},{"type":"Feature","properties":{"class":"barangay","barangay":"Can-manila"},"geometry":{"type":"Polygon","coordinates":[[[125.06428,11.27886],[125.06428,11.27891],[125.06431,11.27915],[125.06436,11.2795],[125.0644,11.27963],[125.06445,11.27986],[125.06437,11.27987],[125.06423,11.27992],[125.06394,11.28008],[125.06355,11.28002],[125.06352,11.28005],[125.06355,11.28007],[125.06391,11.28014],[125.06397,11.28013],[125.06426,11.27997],[125.06436,11.27994],[125.06451,11.27991],[125.06451,11.27988],[125.06446,11.27964],[125.06444,11.27958],[125.06441,11.2795],[125.06435,11.27917],[125.06433,11.279],[125.06433,11.27888],[125.06438,11.2788],[125.06433,11.27876],[125.06428,11.27886]]]}},{"type":"Feature","properties":{"class":"barangay","barangay":"Can-manila"},"geometry":{"type":"Polygon","coordinates":[[[125.06456,11.27961],[125.06457,11.27933],[125.06459,11.27924],[125.06453,11.27923],[125.06452,11.27934],[125.06451,11.27957],[125.06444,11.27958],[125.06446,11.27964],[125.06456,11.27961]]]}},{"type":"Feature","properties":{"class":"barangay","barangay":"Can-manila"},"geometry":{"type":"Polygon","coordinates":[[[125.06398,11.2788],[125.064,11.27916],[125.06403,11.27941],[125.06408,11.2794],[125.06404,11.27915],[125.06403,11.27879],[125.064,11.27861],[125.06395,11.27862],[125.06398,11.2788]]]}},{"type":"Feature","properties":{"class":"municipal","barangay":"Mercado"},"geometry":{"type":"Polygon","coordinates":[[[125.06882,11.28105],[125.06886,11.28106],[125.06898,11.28042],[125.06893,11.28042],[125.06882,11.28105]]]}},{"type":"Feature","properties":{"class":"church","barangay":"Mercado"},"geometry":{"type":"Polygon","coordinates":[[[125.06934,11.28084],[125.06935,11.28078],[125.06892,11.28072],[125.06891,11.28077],[125.06891,11.28077],[125.06934,11.28084]]]}},{"type":"Feature","properties":{"class":"church","barangay":"Mercado"},"geometry":{"type":"Polygon","coordinates":[[[125.06956,11.28069],[125.06954,11.28075],[125.06957,11.28076],[125.06959,11.2807],[125.06962,11.28056],[125.06959,11.28055],[125.06956,11.28069]]]}},{"type":"Feature","properties":{"class":"church","barangay":"Mercado"},"geometry":{"type":"Polygon","coordinates":[[[125.06949,11.28104],[125.06946,11.28103],[125.06943,11.28118],[125.06946,11.28118],[125.06949,11.28104]]]}},{"type":"Feature","properties":{"class":"church","barangay":"Mercado"},"geometry":{"type":"Polygon","coordinates":[[[125.06992,11.28116],[125.06989,11.28115],[125.06987,11.28127],[125.0699,11.28128],[125.06992,11.28116]]]}},{"type":"Feature","properties":{"class":"barangay","barangay":"Mercado"},"geometry":{"type":"Polygon","coordinates":[[[125.07016,11.28078],[125.07016,11.28079],[125.07031,11.2809],[125.07032,11.28088],[125.07019,11.28078],[125.07019,11.28077],[125.0702,11.28075],[125.07018,11.28074],[125.07016,11.28078]]]}},{"type":"Feature","properties":{"class":"church","barangay":"Buscada"},"geometry":{"type":"Polygon","coordinates":[[[125.06705,11.28134],[125.06682,11.28132],[125.0666,11.28131],[125.0666,11.28135],[125.06663,11.28135],[125.06701,11.28138],[125.06733,11.28143],[125.06733,11.28139],[125.06705,11.28134]]]}},{"type":"Feature","properties":{"class":"barangay","barangay":"Sulod"},"geometry":{"type":"Polygon","coordinates":[[[125.0704,11.28208],[125.0704,11.28203],[125.07036,11.28202],[125.06988,11.28197],[125.06981,11.28196],[125.06952,11.28193],[125.06944,11.28191],[125.06924,11.28188],[125.06919,11.28187],[125.06896,11.28183],[125.06891,11.28182],[125.06872,11.28179],[125.06867,11.28178],[125.06844,11.28175],[125.06821,11.28172],[125.06821,11.28178],[125.06826,11.28179],[125.06842,11.28181],[125.06865,11.28186],[125.06889,11.2819],[125.06894,11.2819],[125.06917,11.28194],[125.06922,11.28195],[125.06944,11.28198],[125.06949,11.28199],[125.0698,11.28203],[125.06986,11.28204],[125.0704,11.28208]]]}},{"type":"Feature","properties":{"class":"barangay","barangay":"Sulod"},"geometry":{"type":"Polygon","coordinates":[[[125.06867,11.28178],[125.06872,11.28179],[125.06884,11.28111],[125.06878,11.2811],[125.06867,11.28178]]]}},{"type":"Feature","properties":{"class":"barangay","barangay":"Sulod"},"geometry":{"type":"Polygon","coordinates":[[[125.06891,11.28182],[125.06896,11.28183],[125.06911,11.28117],[125.06905,11.28116],[125.06891,11.28182]]]}},{"type":"Feature","properties":{"class":"municipal","barangay":"Baybay"},"geometry":{"type":"Polygon","coordinates":[[[125.07069,11.28143],[125.07072,11.28174],[125.07074,11.28204],[125.07074,11.2821],[125.07076,11.28256],[125.07077,11.28262],[125.07077,11.28285],[125.07078,11.28291],[125.07079,11.28331],[125.07079,11.28337],[125.07082,11.28379],[125.07083,11.28383],[125.07089,11.28383],[125.07089,11.28378],[125.07086,11.28336],[125.07086,11.28331],[125.07085,11.2829],[125.07085,11.28285],[125.07084,11.28261],[125.07083,11.28257],[125.07081,11.2821],[125.07081,11.28204],[125.07075,11.28141],[125.07074,11.28136],[125.07069,11.28136],[125.07069,11.28143]]]}},{"type":"Feature","properties":{"class":"municipal","barangay":"Palaypay"},"geometry":{"type":"Polygon","coordinates":[[[125.07086,11.28438],[125.07093,11.2844],[125.07089,11.2839],[125.07089,11.28383],[125.07083,11.28383],[125.07086,11.28438]]]}},{"type":"Feature","properties":{"class":"barangay","barangay":"Sulod"},"geometry":{"type":"Polygon","coordinates":[[[125.07033,11.28252],[125.07033,11.28258],[125.07033,11.28284],[125.0704,11.28285],[125.0704,11.28208],[125.07033,11.28207],[125.07033,11.28208],[125.07033,11.28252]]]}},{"type":"Feature","properties":{"class":"barangay","barangay":"Lawa-an"},"geometry":{"type":"Polygon","coordinates":[[[125.07033,11.28289],[125.07027,11.2833],[125.07026,11.28336],[125.0702,11.28379],[125.07019,11.28383],[125.07009,11.28426],[125.07016,11.28426],[125.07027,11.2838],[125.0704,11.28285],[125.07033,11.28284],[125.07033,11.28289]]]}},{"type":"Feature","properties":{"class":"municipal","barangay":"Palaypay"},"geometry":{"type":"Polygon","coordinates":[[[125.06938,11.28538],[125.06944,11.28539],[125.06982,11.28543],[125.06988,11.28544],[125.0701,11.28547],[125.07013,11.28547],[125.07021,11.28548],[125.07038,11.28548],[125.07044,11.28548],[125.07046,11.28547],[125.0705,11.28547],[125.07053,11.28545],[125.07057,11.2854],[125.0708,11.28492],[125.07091,11.28469],[125.07098,11.28452],[125.07101,11.28446],[125.07094,11.28444],[125.07091,11.28451],[125.07072,11.28493],[125.07053,11.28533],[125.07049,11.28538],[125.07046,11.28541],[125.07044,11.28543],[125.07041,11.28543],[125.07015,11.28543],[125.06989,11.28539],[125.06983,11.28538],[125.06945,11.28534],[125.06936,11.28533],[125.06872,11.28527],[125.06874,11.28533],[125.06938,11.28538]]]}},{"type":"Feature","properties":{"class":"barangay","barangay":"Palaypay"},"geometry":{"type":"Polygon","coordinates":[[[125.07004,11.28476],[125.07005,11.28471],[125.07015,11.28432],[125.07016,11.28426],[125.07009,11.28426],[125.06999,11.2847],[125.06998,11.28474],[125.06983,11.28538],[125.06989,11.28539],[125.07004,11.28476]]]}},{"type":"Feature","properties":{"class":"barangay","barangay":"Lawa-an"},"geometry":{"type":"Polygon","coordinates":[[[125.06857,11.28326],[125.06863,11.28326],[125.06892,11.28329],[125.06896,11.28329],[125.06917,11.28331],[125.06922,11.28331],[125.06965,11.28333],[125.06971,11.28334],[125.07026,11.28336],[125.07027,11.28333],[125.07027,11.2833],[125.0697,11.28328],[125.06965,11.28327],[125.06922,11.28325],[125.06917,11.28325],[125.06897,11.28324],[125.06891,11.28323],[125.06864,11.28321],[125.06857,11.28321],[125.06829,11.28318],[125.06829,11.28322],[125.06829,11.28323],[125.06857,11.28326]]]}},{"type":"Feature","properties":{"class":"barangay","barangay":"Lawa-an"},"geometry":{"type":"Polygon","coordinates":[[[125.06872,11.2827],[125.0687,11.28269],[125.06844,11.28263],[125.0683,11.28259],[125.0683,11.28264],[125.06868,11.28273],[125.06873,11.28274],[125.06898,11.28277],[125.06903,11.28278],[125.06926,11.2828],[125.06931,11.2828],[125.06969,11.28283],[125.06976,11.28284],[125.07033,11.28289],[125.07033,11.28284],[125.06872,11.2827]]]}},{"type":"Feature","properties":{"class":"municipal","barangay":"Lawa-an"},"geometry":{"type":"Polygon","coordinates":[[[125.06845,11.28378],[125.06851,11.28378],[125.06882,11.28379],[125.06886,11.28379],[125.06907,11.28381],[125.06913,11.28381],[125.06958,11.28382],[125.06964,11.28382],[125.07019,11.28383],[125.0702,11.28379],[125.06965,11.28377],[125.06959,11.28376],[125.06915,11.28375],[125.06909,11.28375],[125.06889,11.28374],[125.06884,11.28374],[125.06853,11.28372],[125.06848,11.28372],[125.06824,11.2837],[125.06824,11.28377],[125.06845,11.28378]]]}},{"type":"Feature","properties":{"class":"barangay","barangay":"Lawa-an"},"geometry":{"type":"Polygon","coordinates":[[[125.06903,11.28426],[125.06913,11.28381],[125.06907,11.28381],[125.06897,11.28427],[125.06892,11.28456],[125.06898,11.28456],[125.06903,11.28426]]]}},{"type":"Feature","properties":{"class":"barangay","barangay":"Palaypay"},"geometry":{"type":"Polygon","coordinates":[[[125.06903,11.28426],[125.06902,11.28429],[125.06952,11.2843],[125.06957,11.2843],[125.07008,11.28431],[125.07009,11.28426],[125.06903,11.28426]]]}},{"type":"Feature","properties":{"class":"barangay","barangay":"Palaypay"},"geometry":{"type":"Polygon","coordinates":[[[125.06846,11.28453],[125.06848,11.28459],[125.06898,11.28462],[125.06945,11.28468],[125.06951,11.28469],[125.06998,11.28474],[125.06999,11.2847],[125.06953,11.28463],[125.06947,11.28462],[125.06898,11.28456],[125.06846,11.28453]]]}},{"type":"Feature","properties":{"class":"barangay","barangay":"Lawa-an"},"geometry":{"type":"Polygon","coordinates":[[[125.06838,11.28409],[125.06834,11.28417],[125.06837,11.28424],[125.06841,11.28417],[125.06845,11.28408],[125.06852,11.28378],[125.06851,11.28378],[125.06845,11.28378],[125.06838,11.28409]]]}},{"type":"Feature","properties":{"class":"barangay","barangay":"Lawa-an"},"geometry":{"type":"Polygon","coordinates":[[[125.06848,11.28372],[125.06853,11.28372],[125.06863,11.28326],[125.06859,11.28326],[125.06848,11.28372]]]}},{"type":"Feature","properties":{"class":"barangay","barangay":"Lawa-an"},"geometry":{"type":"Polygon","coordinates":[[[125.06873,11.28422],[125.06879,11.28423],[125.06888,11.2838],[125.06886,11.28379],[125.06883,11.28379],[125.06873,11.28422]]]}},{"type":"Feature","properties":{"class":"barangay","barangay":"Baybay"},"geometry":{"type":"Polygon","coordinates":[[[125.0704,11.28138],[125.0704,11.28143],[125.07069,11.28142],[125.07069,11.28137],[125.0704,11.28138]]]}},{"type":"Feature","properties":{"class":"barangay","barangay":"Baybay"},"geometry":{"type":"Polygon","coordinates":[[[125.07119,11.28137],[125.07118,11.28133],[125.07074,11.28137],[125.07075,11.28141],[125.07119,11.28137]]]}},{"type":"Feature","properties":{"class":"barangay","barangay":"Sulod"},"geometry":{"type":"Polygon","coordinates":[[[125.0704,11.28143],[125.07034,11.28142],[125.07034,11.28202],[125.07036,11.28202],[125.0704,11.28203],[125.0704,11.28143]]]}},{"type":"Feature","properties":{"class":"barangay","barangay":"Sulod"},"geometry":{"type":"Polygon","coordinates":[[[125.06999,11.28135],[125.06992,11.28134],[125.06981,11.28196],[125.06988,11.28197],[125.06999,11.28135]]]}},{"type":"Feature","properties":{"class":"barangay","barangay":"Sulod"},"geometry":{"type":"Polygon","coordinates":[[[125.06944,11.28191],[125.06952,11.28193],[125.06965,11.28128],[125.06961,11.28127],[125.06959,11.28127],[125.06944,11.28191]]]}},{"type":"Feature","properties":{"class":"barangay","barangay":"Sulod"},"geometry":{"type":"Polygon","coordinates":[[[125.06981,11.28245],[125.06976,11.28244],[125.06941,11.28238],[125.06936,11.28237],[125.06915,11.28234],[125.06909,11.28233],[125.06886,11.2823],[125.06884,11.28235],[125.06906,11.28239],[125.06912,11.2824],[125.06933,11.28243],[125.06939,11.28245],[125.06974,11.2825],[125.0698,11.28251],[125.07033,11.28258],[125.07033,11.28252],[125.07033,11.28252],[125.06981,11.28245]]]}},{"type":"Feature","properties":{"class":"barangay","barangay":"Sulod"},"geometry":{"type":"Polygon","coordinates":[[[125.0687,11.28269],[125.06872,11.2827],[125.06875,11.2827],[125.06884,11.28235],[125.06886,11.2823],[125.06894,11.2819],[125.06889,11.2819],[125.0687,11.28269]]]}},{"type":"Feature","properties":{"class":"barangay","barangay":"Sulod"},"geometry":{"type":"Polygon","coordinates":[[[125.06909,11.28233],[125.06915,11.28234],[125.06922,11.28195],[125.06917,11.28194],[125.06909,11.28233]]]}},{"type":"Feature","properties":{"class":"barangay","barangay":"Sulod"},"geometry":{"type":"Polygon","coordinates":[[[125.06901,11.28273],[125.06906,11.28273],[125.06914,11.2824],[125.06912,11.2824],[125.06909,11.28239],[125.06901,11.28273]]]}},{"type":"Feature","properties":{"class":"barangay","barangay":"Sulod"},"geometry":{"type":"Polygon","coordinates":[[[125.06928,11.28275],[125.06928,11.28275],[125.06933,11.28275],[125.06939,11.28245],[125.06939,11.28245],[125.06934,11.28243],[125.06928,11.28275]]]}},{"type":"Feature","properties":{"class":"barangay","barangay":"Sulod"},"geometry":{"type":"Polygon","coordinates":[[[125.06936,11.28237],[125.06941,11.28238],[125.0695,11.28199],[125.06949,11.28199],[125.06945,11.28198],[125.06936,11.28237]]]}},{"type":"Feature","properties":{"class":"barangay","barangay":"Sulod"},"geometry":{"type":"Polygon","coordinates":[[[125.06972,11.28279],[125.06977,11.28279],[125.06981,11.28251],[125.0698,11.28251],[125.06976,11.2825],[125.06972,11.28279]]]}},{"type":"Feature","properties":{"class":"barangay","barangay":"Sulod"},"geometry":{"type":"Polygon","coordinates":[[[125.06976,11.28244],[125.06981,11.28245],[125.06981,11.28245],[125.06986,11.28204],[125.0698,11.28203],[125.0698,11.28203],[125.06976,11.28244]]]}},{"type":"Feature","properties":{"class":"barangay","barangay":"Sulod"},"geometry":{"type":"Polygon","coordinates":[[[125.06919,11.28187],[125.06924,11.28188],[125.06937,11.28122],[125.06932,11.28121],[125.06919,11.28187]]]}},{"type":"Feature","properties":{"class":"barangay","barangay":"Lawa-an"},"geometry":{"type":"Polygon","coordinates":[[[125.0686,11.28321],[125.06864,11.28321],[125.06872,11.28274],[125.06868,11.28273],[125.0686,11.28321]]]}},{"type":"Feature","properties":{"class":"barangay","barangay":"Lawa-an"},"geometry":{"type":"Polygon","coordinates":[[[125.06893,11.28323],[125.06897,11.28324],[125.06904,11.28278],[125.06904,11.28278],[125.06903,11.28278],[125.06901,11.28278],[125.06893,11.28323]]]}},{"type":"Feature","properties":{"class":"barangay","barangay":"Lawa-an"},"geometry":{"type":"Polygon","coordinates":[[[125.06917,11.28325],[125.06922,11.28325],[125.06922,11.28325],[125.06932,11.2828],[125.06931,11.2828],[125.06927,11.2828],[125.06917,11.28325]]]}},{"type":"Feature","properties":{"class":"barangay","barangay":"Lawa-an"},"geometry":{"type":"Polygon","coordinates":[[[125.06976,11.28284],[125.06976,11.28284],[125.06972,11.28283],[125.06965,11.28327],[125.0697,11.28328],[125.06976,11.28284]]]}},{"type":"Feature","properties":{"class":"barangay","barangay":"Lawa-an"},"geometry":{"type":"Polygon","coordinates":[[[125.06884,11.28374],[125.06884,11.28374],[125.06888,11.28374],[125.06896,11.28329],[125.06892,11.28329],[125.06884,11.28374]]]}},{"type":"Feature","properties":{"class":"barangay","barangay":"Lawa-an"},"geometry":{"type":"Polygon","coordinates":[[[125.06909,11.28375],[125.06913,11.28375],[125.0692,11.28331],[125.06919,11.28331],[125.06917,11.28331],[125.06916,11.28331],[125.06909,11.28375]]]}},{"type":"Feature","properties":{"class":"barangay","barangay":"Lawa-an"},"geometry":{"type":"Polygon","coordinates":[[[125.0696,11.28376],[125.06965,11.28377],[125.06971,11.28334],[125.06965,11.28333],[125.06965,11.28333],[125.0696,11.28376]]]}},{"type":"Feature","properties":{"class":"barangay","barangay":"Palaypay"},"geometry":{"type":"Polygon","coordinates":[[[125.06932,11.2858],[125.06938,11.28581],[125.06943,11.28539],[125.06938,11.28538],[125.06937,11.28538],[125.06932,11.2858]]]}},{"type":"Feature","properties":{"class":"barangay","barangay":"Palaypay"},"geometry":{"type":"Polygon","coordinates":[[[125.06974,11.28581],[125.0698,11.28581],[125.06988,11.28544],[125.06982,11.28543],[125.06974,11.28581]]]}},{"type":"Feature","properties":{"class":"barangay","barangay":"Palaypay"},"geometry":{"type":"Polygon","coordinates":[[[125.07047,11.28551],[125.07042,11.28555],[125.07036,11.28559],[125.07017,11.28564],[125.06995,11.28569],[125.06996,11.28575],[125.07002,11.28573],[125.07029,11.28567],[125.07037,11.28565],[125.07043,11.28561],[125.07049,11.28557],[125.07053,11.28553],[125.07057,11.2854],[125.07053,11.28545],[125.0705,11.28547],[125.07048,11.28547],[125.07047,11.28551]]]}},{"type":"Feature","properties":{"class":"barangay","barangay":"Palaypay"},"geometry":{"type":"Polygon","coordinates":[[[125.06938,11.28533],[125.06943,11.28534],[125.06951,11.28469],[125.06946,11.28468],[125.06938,11.28533]]]}},{"type":"Feature","properties":{"class":"barangay","barangay":"Palaypay"},"geometry":{"type":"Polygon","coordinates":[[[125.06989,11.28513],[125.0699,11.28508],[125.06947,11.28499],[125.06947,11.28505],[125.06989,11.28513]]]}},{"type":"Feature","properties":{"class":"barangay","barangay":"Palaypay"},"geometry":{"type":"Polygon","coordinates":[[[125.06947,11.28463],[125.06952,11.28463],[125.06957,11.2843],[125.06952,11.2843],[125.06947,11.28463]]]}},{"type":"Feature","properties":{"class":"barangay","barangay":"Lawa-an"},"geometry":{"type":"Polygon","coordinates":[[[125.06953,11.28426],[125.06957,11.28426],[125.06963,11.28382],[125.06959,11.28382],[125.06953,11.28426]]]}},{"type":"Feature","properties":{"class":"barangay","barangay":"Baybay"},"geometry":{"type":"Polygon","coordinates":[[[125.07037,11.28384],[125.07083,11.28383],[125.07082,11.28379],[125.07039,11.28379],[125.07028,11.28376],[125.07027,11.2838],[125.07037,11.28384]]]}},{"type":"Feature","properties":{"class":"barangay","barangay":"Baybay"},"geometry":{"type":"Polygon","coordinates":[[[125.07059,11.28332],[125.07034,11.2833],[125.07033,11.28335],[125.07058,11.28337],[125.07062,11.28337],[125.07079,11.28335],[125.07079,11.28331],[125.07059,11.28332]]]}},{"type":"Feature","properties":{"class":"barangay","barangay":"Baybay"},"geometry":{"type":"Polygon","coordinates":[[[125.0704,11.28285],[125.07039,11.28289],[125.07078,11.2829],[125.07077,11.28285],[125.0704,11.28285]]]}},{"type":"Feature","properties":{"class":"barangay","barangay":"Baybay"},"geometry":{"type":"Polygon","coordinates":[[[125.07055,11.28255],[125.0704,11.28253],[125.0704,11.28258],[125.07052,11.2826],[125.07077,11.28262],[125.07076,11.28256],[125.07055,11.28255]]]}},{"type":"Feature","properties":{"class":"barangay","barangay":"Baybay"},"geometry":{"type":"Polygon","coordinates":[[[125.0704,11.28203],[125.0704,11.28208],[125.07074,11.28208],[125.07074,11.28204],[125.07074,11.28204],[125.0704,11.28203]]]}},{"type":"Feature","properties":{"class":"barangay","barangay":"Baybay"},"geometry":{"type":"Polygon","coordinates":[[[125.07121,11.28262],[125.07151,11.28261],[125.07154,11.28255],[125.07154,11.28206],[125.07152,11.28203],[125.07127,11.28202],[125.07081,11.28204],[125.07081,11.28209],[125.07127,11.28208],[125.07145,11.28208],[125.07146,11.28209],[125.07147,11.28253],[125.07146,11.28255],[125.07143,11.28256],[125.07139,11.28256],[125.07083,11.28257],[125.07084,11.28261],[125.07121,11.28262]]]}},{"type":"Feature","properties":{"class":"barangay","barangay":"Baybay"},"geometry":{"type":"Polygon","coordinates":[[[125.0713,11.28289],[125.0713,11.28285],[125.07085,11.28286],[125.07085,11.2829],[125.0713,11.28289]]]}},{"type":"Feature","properties":{"class":"municipal","barangay":"Palaypay"},"geometry":{"type":"Polygon","coordinates":[[[125.07037,11.28434],[125.07068,11.2844],[125.07073,11.28441],[125.07094,11.28444],[125.07101,11.28446],[125.07106,11.28446],[125.07109,11.28446],[125.07116,11.28424],[125.0712,11.28412],[125.0712,11.28406],[125.07121,11.28391],[125.0712,11.28387],[125.07117,11.28387],[125.07117,11.28389],[125.07116,11.28405],[125.07116,11.28411],[125.07112,11.28423],[125.07107,11.28435],[125.07106,11.28439],[125.07105,11.28441],[125.07104,11.28441],[125.071,11.28441],[125.07093,11.2844],[125.07093,11.2844],[125.07086,11.28438],[125.07037,11.2843],[125.07016,11.28427],[125.07015,11.28432],[125.07037,11.28434]]]}},{"type":"Feature","properties":{"class":"municipal","barangay":"Palaypay"},"geometry":{"type":"Polygon","coordinates":[[[125.07034,11.28483],[125.07072,11.28491],[125.07074,11.28487],[125.07056,11.28483],[125.07052,11.28482],[125.07005,11.28471],[125.07004,11.28476],[125.07034,11.28483]]]}},{"type":"Feature","properties":{"class":"municipal","barangay":"Palaypay"},"geometry":{"type":"Polygon","coordinates":[[[125.07052,11.28482],[125.07056,11.28483],[125.07073,11.28441],[125.07068,11.2844],[125.07052,11.28482]]]}},{"type":"Feature","properties":{"class":"barangay","barangay":"Baybay"},"geometry":{"type":"Polygon","coordinates":[[[125.07162,11.28261],[125.07162,11.28262],[125.07162,11.28292],[125.07167,11.28293],[125.07167,11.28267],[125.07167,11.28255],[125.07166,11.28254],[125.07154,11.28255],[125.07154,11.28255],[125.07154,11.28255],[125.07151,11.28261],[125.07162,11.28261]]]}},{"type":"Feature","properties":{"class":"school","barangay":"Buscada"},"geometry":{"type":"Polygon","coordinates":[[[125.06815,11.28372],[125.06797,11.2837],[125.06774,11.28368],[125.06764,11.28368],[125.06755,11.28368],[125.06746,11.28371],[125.06739,11.28374],[125.06732,11.2838],[125.06726,11.28386],[125.06722,11.28392],[125.06717,11.28404],[125.06715,11.28418],[125.06713,11.28442],[125.06711,11.28466],[125.06712,11.28484],[125.06711,11.28505],[125.0671,11.28516],[125.06707,11.28529],[125.06701,11.28543],[125.06697,11.28549],[125.06693,11.28552],[125.06687,11.28555],[125.0668,11.28556],[125.06669,11.28558],[125.06659,11.28558],[125.06645,11.28556],[125.06628,11.28553],[125.06629,11.28558],[125.06644,11.2856],[125.0666,11.28562],[125.0667,11.28562],[125.0668,11.28561],[125.06688,11.28559],[125.06696,11.28556],[125.06701,11.28553],[125.06704,11.28547],[125.06708,11.28541],[125.0671,11.28534],[125.06714,11.2852],[125.06716,11.28514],[125.06717,11.28503],[125.06717,11.28492],[125.06717,11.2848],[125.06718,11.28467],[125.06718,11.28457],[125.06719,11.28436],[125.0672,11.28422],[125.06721,11.28414],[125.06724,11.28405],[125.06726,11.28397],[125.06733,11.28388],[125.06738,11.28382],[125.06745,11.28377],[125.06753,11.28374],[125.06765,11.28373],[125.06787,11.28374],[125.06793,11.28375],[125.06802,11.28375],[125.06815,11.28372]]]}},{"type":"Feature","properties":{"class":"barangay","barangay":"Can-manila"},"geometry":{"type":"Polygon","coordinates":[[[125.05807,11.28719],[125.05794,11.28686],[125.05791,11.28682],[125.0577,11.28659],[125.05767,11.28653],[125.05767,11.28647],[125.05768,11.28638],[125.05769,11.28632],[125.05771,11.28613],[125.05772,11.28607],[125.05766,11.28608],[125.05764,11.28626],[125.05762,11.28647],[125.05761,11.28656],[125.05765,11.28662],[125.05788,11.28688],[125.05792,11.287],[125.05794,11.28704],[125.05796,11.28711],[125.0581,11.28739],[125.05814,11.28737],[125.05815,11.28737],[125.05807,11.28719]]]}},{"type":"Feature","properties":{"class":"barangay","barangay":"Can-manila"},"geometry":{"type":"Polygon","coordinates":[[[125.05799,11.28682],[125.0585,11.28641],[125.05856,11.28635],[125.05854,11.28633],[125.05842,11.28641],[125.05837,11.28644],[125.05808,11.28666],[125.05804,11.2867],[125.0579,11.28681],[125.05791,11.28682],[125.05794,11.28686],[125.05794,11.28686],[125.05799,11.28682]]]}},{"type":"Feature","properties":{"class":"barangay","barangay":"Can-manila"},"geometry":{"type":"Polygon","coordinates":[[[125.05727,11.28693],[125.05726,11.28695],[125.0575,11.28718],[125.05754,11.28716],[125.05794,11.28705],[125.05794,11.28704],[125.05792,11.28701],[125.05774,11.28705],[125.05769,11.28706],[125.05752,11.28711],[125.0575,11.28711],[125.05733,11.28695],[125.05733,11.28694],[125.05747,11.28679],[125.05751,11.28675],[125.05765,11.28662],[125.05761,11.28656],[125.05727,11.28693]]]}},{"type":"Feature","properties":{"class":"barangay","barangay":"Can-manila"},"geometry":{"type":"Polygon","coordinates":[[[125.05771,11.28705],[125.05774,11.28705],[125.05777,11.28704],[125.05752,11.28675],[125.05751,11.28675],[125.05748,11.28678],[125.05771,11.28705]]]}},{"type":"Feature","properties":{"class":"barangay","barangay":"Can-manila"},"geometry":{"type":"Polygon","coordinates":[[[125.05781,11.28639],[125.05795,11.28657],[125.05805,11.28669],[125.05808,11.28666],[125.05809,11.28666],[125.05797,11.28651],[125.05793,11.28648],[125.05784,11.28636],[125.0578,11.28635],[125.05769,11.28633],[125.05768,11.28637],[125.05781,11.28639]]]}},{"type":"Feature","properties":{"class":"barangay","barangay":"Can-manila"},"geometry":{"type":"Polygon","coordinates":[[[125.05842,11.28641],[125.05828,11.28586],[125.05823,11.28588],[125.05805,11.28595],[125.05772,11.28607],[125.05771,11.28613],[125.05801,11.28601],[125.05807,11.28599],[125.05824,11.28592],[125.05825,11.28593],[125.05836,11.28639],[125.05837,11.28644],[125.05842,11.28641]]]}},{"type":"Feature","properties":{"class":"barangay","barangay":"Can-manila"},"geometry":{"type":"Polygon","coordinates":[[[125.05815,11.28636],[125.05815,11.28633],[125.05806,11.28599],[125.05802,11.28601],[125.05811,11.28634],[125.05794,11.28648],[125.05797,11.28651],[125.05815,11.28636]]]}},{"type":"Feature","properties":{"class":"barangay","barangay":"Can-manila"},"geometry":{"type":"Polygon","coordinates":[[[125.05773,11.28586],[125.05774,11.2858],[125.05777,11.28557],[125.05778,11.2855],[125.05781,11.28528],[125.05781,11.28523],[125.05784,11.28501],[125.05785,11.28496],[125.05788,11.28476],[125.05823,11.28458],[125.05828,11.28455],[125.05837,11.2845],[125.05833,11.28446],[125.05824,11.28451],[125.05783,11.28473],[125.05782,11.28473],[125.0578,11.28491],[125.05775,11.28528],[125.05769,11.28571],[125.05766,11.28608],[125.05766,11.28608],[125.05772,11.28607],[125.05773,11.28586]]]}},{"type":"Feature","properties":{"class":"barangay","barangay":"Can-manila"},"geometry":{"type":"Polygon","coordinates":[[[125.05836,11.28477],[125.05839,11.28481],[125.0585,11.28497],[125.05854,11.28501],[125.05865,11.28517],[125.0587,11.28523],[125.05877,11.28532],[125.05882,11.2853],[125.05828,11.28455],[125.05828,11.28455],[125.05823,11.28458],[125.05822,11.28458],[125.05836,11.28477]]]}},{"type":"Feature","properties":{"class":"barangay","barangay":"Can-manila"},"geometry":{"type":"Polygon","coordinates":[[[125.05869,11.28522],[125.05865,11.28517],[125.05778,11.2855],[125.05778,11.2855],[125.05777,11.28557],[125.05869,11.28522]]]}},{"type":"Feature","properties":{"class":"barangay","barangay":"Can-manila"},"geometry":{"type":"Polygon","coordinates":[[[125.05854,11.28501],[125.05851,11.28497],[125.05781,11.28523],[125.05781,11.28528],[125.05781,11.28529],[125.05854,11.28501]]]}},{"type":"Feature","properties":{"class":"barangay","barangay":"Can-manila"},"geometry":{"type":"Polygon","coordinates":[[[125.05839,11.28481],[125.05836,11.28477],[125.05785,11.28496],[125.05784,11.28501],[125.05784,11.28501],[125.05839,11.28481]]]}},{"type":"Feature","properties":{"class":"barangay","barangay":"Can-manila"},"geometry":{"type":"Polygon","coordinates":[[[125.05822,11.28565],[125.05815,11.28542],[125.0581,11.28544],[125.05817,11.28566],[125.05823,11.28588],[125.05823,11.28588],[125.05828,11.28586],[125.05822,11.28565]]]}},{"type":"Feature","properties":{"class":"barangay","barangay":"Can-manila"},"geometry":{"type":"Polygon","coordinates":[[[125.05818,11.28569],[125.05817,11.28566],[125.05817,11.28565],[125.05774,11.2858],[125.05773,11.28586],[125.05818,11.28569]]]}},{"type":"Feature","properties":{"class":"barangay","barangay":"Can-manila"},"geometry":{"type":"Polygon","coordinates":[[[125.05633,11.28671],[125.05635,11.2867],[125.05651,11.28663],[125.05653,11.28663],[125.05668,11.28657],[125.0567,11.28656],[125.05684,11.28652],[125.05685,11.28652],[125.057,11.28648],[125.05701,11.28647],[125.05717,11.28643],[125.05719,11.28642],[125.05733,11.28638],[125.05734,11.28637],[125.05756,11.28629],[125.05754,11.28626],[125.0573,11.28635],[125.05728,11.28635],[125.05713,11.2864],[125.05712,11.2864],[125.05689,11.28646],[125.05684,11.28648],[125.05681,11.28648],[125.05667,11.28653],[125.05665,11.28654],[125.05651,11.28659],[125.05649,11.28659],[125.05634,11.28665],[125.05631,11.28666],[125.05621,11.2867],[125.05624,11.28675],[125.05624,11.28675],[125.05633,11.28671]]]}},{"type":"Feature","properties":{"class":"municipal","barangay":"Can-manila"},"geometry":{"type":"Polygon","coordinates":[[[125.05981,11.28576],[125.05969,11.28567],[125.05967,11.28565],[125.05967,11.28562],[125.05967,11.28559],[125.05969,11.28555],[125.05973,11.28548],[125.05977,11.28543],[125.0598,11.28536],[125.05981,11.28533],[125.05982,11.28527],[125.05983,11.28523],[125.05979,11.28521],[125.05978,11.28526],[125.05975,11.28533],[125.05971,11.28543],[125.05964,11.28555],[125.05962,11.28559],[125.05962,11.28562],[125.05963,11.28566],[125.05964,11.28568],[125.05971,11.28574],[125.05982,11.28582],[125.05983,11.28581],[125.05985,11.28579],[125.05985,11.28579],[125.05981,11.28576]]]}},{"type":"Feature","properties":{"class":"barangay","barangay":"Can-manila"},"geometry":{"type":"Polygon","coordinates":[[[125.05616,11.28628],[125.05618,11.28628],[125.05634,11.28622],[125.05635,11.28622],[125.0565,11.28617],[125.05651,11.28617],[125.05666,11.28612],[125.05667,11.28612],[125.05676,11.28609],[125.05684,11.28607],[125.05689,11.28606],[125.05703,11.28602],[125.05704,11.28602],[125.05718,11.28598],[125.0572,11.28597],[125.05719,11.28595],[125.05709,11.28598],[125.05675,11.28607],[125.05653,11.28614],[125.05637,11.28619],[125.05622,11.28625],[125.05609,11.28629],[125.05609,11.28629],[125.05609,11.28631],[125.05616,11.28628]]]}},{"type":"Feature","properties":{"class":"barangay","barangay":"Can-manila"},"geometry":{"type":"Polygon","coordinates":[[[125.05684,11.28648],[125.05689,11.28646],[125.05689,11.28606],[125.05684,11.28607],[125.05684,11.28648]]]}},{"type":"Feature","properties":{"class":"barangay","barangay":"Can-manila"},"geometry":{"type":"Polygon","coordinates":[[[125.05669,11.28698],[125.0567,11.28698],[125.05685,11.28692],[125.05687,11.28692],[125.05701,11.28686],[125.05703,11.28686],[125.05716,11.28682],[125.05718,11.28682],[125.05725,11.28679],[125.05729,11.28677],[125.05732,11.28676],[125.05733,11.28675],[125.05748,11.28664],[125.05748,11.28663],[125.05746,11.28664],[125.05733,11.28674],[125.05731,11.28675],[125.05729,11.28676],[125.05727,11.28677],[125.05724,11.28678],[125.05717,11.28681],[125.05716,11.28681],[125.05702,11.28685],[125.05701,11.28685],[125.05686,11.28691],[125.05685,11.28691],[125.0567,11.28697],[125.05668,11.28697],[125.05662,11.287],[125.05646,11.28707],[125.05648,11.28708],[125.05669,11.28698]]]}},{"type":"Feature","properties":{"class":"barangay","barangay":"Csn-manila"},"geometry":{"type":"Polygon","coordinates":[[[125.05632,11.28666],[125.05634,11.28665],[125.05618,11.28628],[125.05618,11.28628],[125.05616,11.28628],[125.05632,11.28666]]]}},{"type":"Feature","properties":{"class":"barangay","barangay":"Can-manila"},"geometry":{"type":"Polygon","coordinates":[[[125.05637,11.2868],[125.05643,11.28689],[125.05645,11.28688],[125.05639,11.28678],[125.05635,11.2867],[125.05633,11.28671],[125.05637,11.2868]]]}},{"type":"Feature","properties":{"class":"barangay","barangay":"Can-manila"},"geometry":{"type":"Polygon","coordinates":[[[125.0565,11.28659],[125.05651,11.28659],[125.05652,11.28658],[125.05635,11.28622],[125.05635,11.28622],[125.05634,11.28622],[125.0565,11.28659]]]}},{"type":"Feature","properties":{"class":"barangay","barangay":"Can-manila"},"geometry":{"type":"Polygon","coordinates":[[[125.05665,11.28654],[125.05665,11.28654],[125.05667,11.28653],[125.05667,11.28653],[125.05651,11.28617],[125.05651,11.28617],[125.0565,11.28617],[125.0565,11.28617],[125.05665,11.28654]]]}},{"type":"Feature","properties":{"class":"barangay","barangay":"Can-manila"},"geometry":{"type":"Polygon","coordinates":[[[125.05682,11.28648],[125.05684,11.28648],[125.05684,11.28648],[125.05668,11.28611],[125.05667,11.28612],[125.05666,11.28612],[125.05665,11.28612],[125.05682,11.28648]]]}},{"type":"Feature","properties":{"class":"barangay","barangay":"Can-manila"},"geometry":{"type":"Polygon","coordinates":[[[125.05704,11.28611],[125.05704,11.28612],[125.05707,11.28622],[125.05712,11.2864],[125.05713,11.2864],[125.05708,11.28621],[125.05706,11.2861],[125.05705,11.28602],[125.05704,11.28602],[125.05703,11.28602],[125.05704,11.28611]]]}},{"type":"Feature","properties":{"class":"barangay","barangay":"Can-manila"},"geometry":{"type":"Polygon","coordinates":[[[125.05728,11.28635],[125.0573,11.28635],[125.0572,11.28597],[125.05718,11.28598],[125.05728,11.28635]]]}},{"type":"Feature","properties":{"class":"barangay","barangay":"Can-manila"},"geometry":{"type":"Polygon","coordinates":[[[125.0574,11.28655],[125.05746,11.28664],[125.05748,11.28663],[125.05742,11.28654],[125.05734,11.28637],[125.05734,11.28637],[125.05733,11.28638],[125.0574,11.28655]]]}},{"type":"Feature","properties":{"class":"barangay","barangay":"Can-manila"},"geometry":{"type":"Polygon","coordinates":[[[125.0566,11.2868],[125.05668,11.28697],[125.0567,11.28697],[125.05653,11.28663],[125.05651,11.28663],[125.05651,11.28663],[125.0566,11.2868]]]}},{"type":"Feature","properties":{"class":"barangay","barangay":"Can-manila"},"geometry":{"type":"Polygon","coordinates":[[[125.05685,11.28691],[125.05686,11.28691],[125.05687,11.2869],[125.0567,11.28656],[125.05668,11.28657],[125.05685,11.28691]]]}},{"type":"Feature","properties":{"class":"barangay","barangay":"Can-manila"},"geometry":{"type":"Polygon","coordinates":[[[125.05695,11.28677],[125.05701,11.28685],[125.05702,11.28685],[125.05697,11.28676],[125.05685,11.28652],[125.05684,11.28652],[125.05695,11.28677]]]}},{"type":"Feature","properties":{"class":"barangay","barangay":"Can-manila"},"geometry":{"type":"Polygon","coordinates":[[[125.0571,11.28668],[125.05716,11.28681],[125.05717,11.28681],[125.05701,11.28647],[125.057,11.28648],[125.0571,11.28668]]]}},{"type":"Feature","properties":{"class":"barangay","barangay":"Can-manila"},"geometry":{"type":"Polygon","coordinates":[[[125.05731,11.28675],[125.05731,11.28675],[125.05733,11.28674],[125.05733,11.28674],[125.05718,11.28642],[125.05717,11.28643],[125.05717,11.28643],[125.05731,11.28675]]]}},{"type":"Feature","properties":{"class":"barangay","barangay":"Can-manila"},"geometry":{"type":"Polygon","coordinates":[[[125.05713,11.2873],[125.05715,11.2872],[125.05716,11.28719],[125.05716,11.28717],[125.05716,11.28716],[125.05715,11.28714],[125.05715,11.28712],[125.05714,11.28709],[125.05713,11.28707],[125.05711,11.28702],[125.05708,11.28696],[125.05703,11.28686],[125.05703,11.28686],[125.05701,11.28686],[125.05704,11.28691],[125.05706,11.28695],[125.05708,11.287],[125.0571,11.28704],[125.05711,11.28707],[125.05712,11.28709],[125.05713,11.28711],[125.05714,11.28714],[125.05714,11.28715],[125.05714,11.28716],[125.05714,11.28718],[125.05714,11.2872],[125.05713,11.28723],[125.05712,11.28729],[125.05711,11.28734],[125.05709,11.2874],[125.05708,11.28744],[125.0571,11.28745],[125.05713,11.2873]]]}},{"type":"Feature","properties":{"class":"barangay","barangay":"Can-manila"},"geometry":{"type":"Polygon","coordinates":[[[125.05673,11.28706],[125.05677,11.28715],[125.05678,11.28717],[125.05678,11.28719],[125.05678,11.2872],[125.05678,11.28721],[125.05676,11.28724],[125.05673,11.28729],[125.05675,11.2873],[125.05676,11.28728],[125.05677,11.28727],[125.05678,11.28725],[125.05679,11.28723],[125.0568,11.28721],[125.0568,11.28719],[125.05679,11.28717],[125.05678,11.28714],[125.05676,11.28709],[125.05671,11.28698],[125.0567,11.28698],[125.05669,11.28698],[125.05673,11.28706]]]}},{"type":"Feature","properties":{"class":"barangay","barangay":"Can-manila"},"geometry":{"type":"Polygon","coordinates":[[[125.05692,11.28707],[125.05696,11.28716],[125.05696,11.28717],[125.05693,11.28728],[125.05689,11.28737],[125.05691,11.28738],[125.05694,11.28729],[125.05698,11.28717],[125.05698,11.28716],[125.05686,11.28692],[125.05685,11.28692],[125.05685,11.28692],[125.05692,11.28707]]]}},{"type":"Feature","properties":{"class":"barangay","barangay":"Can-manila"},"geometry":{"type":"Polygon","coordinates":[[[125.05708,11.28714],[125.05705,11.28715],[125.05702,11.28715],[125.05698,11.28716],[125.05698,11.28717],[125.05698,11.28717],[125.05703,11.28717],[125.05707,11.28716],[125.05709,11.28715],[125.05713,11.28713],[125.05713,11.28711],[125.05708,11.28714]]]}},{"type":"Feature","properties":{"class":"barangay","barangay":"Can-manila"},"geometry":{"type":"Polygon","coordinates":[[[125.05725,11.28722],[125.05729,11.28724],[125.05729,11.28724],[125.05723,11.28748],[125.05725,11.28749],[125.05731,11.28725],[125.05731,11.28724],[125.05731,11.28723],[125.0573,11.28722],[125.05716,11.28719],[125.05716,11.28719],[125.05715,11.2872],[125.05715,11.2872],[125.05725,11.28722]]]}},{"type":"Feature","properties":{"class":"barangay","barangay":"Buscada"},"geometry":{"type":"Polygon","coordinates":[[[125.06547,11.28283],[125.06541,11.2828],[125.06528,11.28275],[125.06516,11.28269],[125.06512,11.28268],[125.06508,11.28267],[125.065,11.28265],[125.06497,11.28264],[125.06495,11.28263],[125.06495,11.28262],[125.06495,11.28261],[125.06495,11.28259],[125.06495,11.28258],[125.06495,11.28257],[125.06494,11.28256],[125.06494,11.28255],[125.06492,11.28254],[125.06491,11.28254],[125.0649,11.28255],[125.06489,11.28255],[125.06488,11.28255],[125.06487,11.28256],[125.06487,11.28258],[125.06488,11.28258],[125.06489,11.28258],[125.06489,11.28257],[125.0649,11.28257],[125.06492,11.28257],[125.06492,11.28257],[125.06493,11.28258],[125.06493,11.2826],[125.06492,11.28261],[125.06493,11.28264],[125.06494,11.28265],[125.06497,11.28266],[125.065,11.28267],[125.06505,11.28268],[125.06511,11.2827],[125.06518,11.28273],[125.06531,11.28278],[125.06545,11.28285],[125.06555,11.2829],[125.06556,11.28288],[125.06547,11.28283]]]}},{"type":"Feature","properties":{"class":"barangay","barangay":"Buscada"},"geometry":{"type":"Polygon","coordinates":[[[125.06494,11.28359],[125.06485,11.28344],[125.06484,11.28343],[125.06469,11.28332],[125.06459,11.2832],[125.06454,11.28313],[125.06449,11.28316],[125.06454,11.28322],[125.06465,11.28335],[125.0648,11.28347],[125.06488,11.2836],[125.06494,11.28373],[125.06499,11.28371],[125.06494,11.28359]]]}},{"type":"Feature","properties":{"class":"barangay","barangay":"Buscada"},"geometry":{"type":"Polygon","coordinates":[[[125.06446,11.28374],[125.06444,11.28358],[125.06444,11.2834],[125.06443,11.28333],[125.06438,11.28317],[125.06431,11.28307],[125.06425,11.28294],[125.06424,11.2829],[125.0642,11.28292],[125.06424,11.28301],[125.06427,11.28309],[125.06434,11.28321],[125.06438,11.28333],[125.06439,11.28345],[125.0644,11.28366],[125.06441,11.28374],[125.06444,11.28382],[125.06448,11.28393],[125.06453,11.28391],[125.06446,11.28374]]]}},{"type":"Feature","properties":{"class":"barangay","barangay":"Buscada"},"geometry":{"type":"Polygon","coordinates":[[[125.06436,11.28332],[125.06428,11.28323],[125.06403,11.28309],[125.06399,11.28307],[125.0639,11.28306],[125.0638,11.28302],[125.06378,11.283],[125.06374,11.28304],[125.06375,11.28305],[125.0638,11.28307],[125.06387,11.2831],[125.06396,11.28311],[125.06402,11.28313],[125.06415,11.2832],[125.06426,11.28328],[125.06431,11.28332],[125.06439,11.28345],[125.06438,11.28335],[125.06436,11.28332]]]}},{"type":"Feature","properties":{"class":"barangay","barangay":"Tingib"},"geometry":{"type":"Polygon","coordinates":[[[125.03265,11.2814],[125.03267,11.28134],[125.03266,11.28116],[125.03265,11.28096],[125.03262,11.28068],[125.03262,11.28064],[125.0326,11.28056],[125.03257,11.28046],[125.03252,11.28035],[125.03235,11.28002],[125.03227,11.27986],[125.03211,11.27936],[125.03209,11.27931],[125.03202,11.27892],[125.03202,11.27887],[125.03203,11.27881],[125.03206,11.27873],[125.03208,11.27866],[125.03209,11.27865],[125.03209,11.27863],[125.03225,11.27813],[125.03227,11.27805],[125.03223,11.27804],[125.03221,11.27812],[125.03211,11.27846],[125.03201,11.27873],[125.03198,11.2788],[125.03197,11.27887],[125.03197,11.27892],[125.032,11.27905],[125.03205,11.27929],[125.03208,11.27942],[125.03212,11.27958],[125.03217,11.27973],[125.03218,11.27977],[125.03222,11.27987],[125.03227,11.27997],[125.03232,11.28008],[125.03243,11.28028],[125.03249,11.28041],[125.03254,11.28054],[125.03257,11.28064],[125.03259,11.28084],[125.03262,11.28127],[125.03262,11.28134],[125.03256,11.28146],[125.03256,11.28147],[125.03261,11.28151],[125.03265,11.2814]]]}},{"type":"Feature","properties":{"class":"barangay","barangay":"Tingib"},"geometry":{"type":"Polygon","coordinates":[[[125.03223,11.27804],[125.03227,11.27805],[125.0327,11.27821],[125.03274,11.27822],[125.03286,11.27826],[125.03296,11.27829],[125.03305,11.2783],[125.03322,11.27832],[125.03338,11.27833],[125.03361,11.27838],[125.03365,11.27838],[125.03388,11.27846],[125.03397,11.27849],[125.034,11.2785],[125.03402,11.27849],[125.03404,11.27848],[125.03409,11.27837],[125.03414,11.27826],[125.03417,11.27821],[125.03419,11.27819],[125.03428,11.27821],[125.03439,11.27825],[125.0344,11.27823],[125.03439,11.27821],[125.03421,11.27815],[125.03418,11.27815],[125.03415,11.27816],[125.03411,11.27822],[125.03404,11.27839],[125.03401,11.27844],[125.034,11.27845],[125.034,11.27846],[125.03393,11.27843],[125.03366,11.27835],[125.03339,11.27829],[125.03306,11.27826],[125.03296,11.27824],[125.03287,11.27822],[125.03258,11.27812],[125.03255,11.27811],[125.03181,11.27784],[125.03179,11.27789],[125.03223,11.27804]]]}},{"type":"Feature","properties":{"class":"barangay","barangay":"Tingib"},"geometry":{"type":"Polygon","coordinates":[[[125.03337,11.27918],[125.03343,11.27917],[125.03363,11.27838],[125.03361,11.27838],[125.0336,11.27837],[125.03337,11.27918]]]}},{"type":"Feature","properties":{"class":"barangay","barangay":"Tingib"},"geometry":{"type":"Polygon","coordinates":[[[125.03272,11.27756],[125.03275,11.2775],[125.03271,11.27748],[125.03268,11.27753],[125.03265,11.27767],[125.03255,11.27811],[125.03255,11.27811],[125.03258,11.27812],[125.03272,11.27756]]]}},{"type":"Feature","properties":{"class":"barangay","barangay":"Tingib"},"geometry":{"type":"Polygon","coordinates":[[[125.03212,11.27868],[125.03213,11.27869],[125.03214,11.27872],[125.03215,11.27873],[125.03238,11.27884],[125.03247,11.27888],[125.03251,11.27889],[125.03315,11.27918],[125.03323,11.27922],[125.0333,11.27922],[125.03337,11.27922],[125.03354,11.27919],[125.03353,11.27915],[125.03337,11.27918],[125.0333,11.27918],[125.03324,11.27917],[125.03252,11.27884],[125.03249,11.27883],[125.03219,11.2787],[125.03218,11.27869],[125.03217,11.27867],[125.03216,11.27865],[125.03214,11.27864],[125.0321,11.27862],[125.03209,11.27863],[125.03209,11.27865],[125.03208,11.27866],[125.03212,11.27868]]]}},{"type":"Feature","properties":{"class":"barangay","barangay":"Tingib"},"geometry":{"type":"Polygon","coordinates":[[[125.03236,11.27918],[125.0324,11.27914],[125.03244,11.27907],[125.03247,11.27899],[125.03251,11.27889],[125.03247,11.27888],[125.0324,11.27905],[125.03237,11.2791],[125.03234,11.27914],[125.03229,11.27918],[125.03215,11.27927],[125.03209,11.2793],[125.03209,11.27931],[125.03211,11.27936],[125.03211,11.27936],[125.03236,11.27918]]]}},{"type":"Feature","properties":{"class":"barangay","barangay":"Tingib"},"geometry":{"type":"Polygon","coordinates":[[[125.03264,11.27837],[125.03261,11.27847],[125.0326,11.27854],[125.03258,11.27863],[125.03253,11.27875],[125.03249,11.27883],[125.03252,11.27884],[125.03253,11.27884],[125.0326,11.27867],[125.03261,11.27863],[125.03265,11.27848],[125.03267,11.27838],[125.03274,11.27822],[125.0327,11.27821],[125.0327,11.27821],[125.03264,11.27837]]]}},{"type":"Feature","properties":{"class":"barangay","barangay":"Tingib"},"geometry":{"type":"Polygon","coordinates":[[[125.03232,11.27769],[125.03238,11.27756],[125.03241,11.27745],[125.03244,11.27738],[125.03241,11.27735],[125.0324,11.27737],[125.03235,11.27752],[125.03228,11.27768],[125.03227,11.27774],[125.03223,11.27789],[125.03221,11.27799],[125.03225,11.278],[125.03232,11.27769]]]}},{"type":"Feature","properties":{"class":"barangay","barangay":"Tingib"},"geometry":{"type":"Polygon","coordinates":[[[125.03198,11.27933],[125.03184,11.27927],[125.0317,11.27914],[125.03159,11.27897],[125.03155,11.27899],[125.03157,11.27904],[125.03165,11.27916],[125.03181,11.27932],[125.03187,11.27935],[125.03197,11.27939],[125.03207,11.27939],[125.03206,11.27933],[125.03198,11.27933]]]}},{"type":"Feature","properties":{"class":"barangay","barangay":"Tingib"},"geometry":{"type":"Polygon","coordinates":[[[125.03197,11.27905],[125.03191,11.27905],[125.03187,11.27904],[125.0318,11.27899],[125.03169,11.27892],[125.03149,11.27875],[125.03136,11.27865],[125.03133,11.27869],[125.03137,11.27872],[125.03146,11.27879],[125.03163,11.27893],[125.03181,11.27907],[125.03188,11.2791],[125.03193,11.2791],[125.03201,11.27909],[125.03201,11.27908],[125.032,11.27905],[125.032,11.27904],[125.03197,11.27905]]]}},{"type":"Feature","properties":{"class":"barangay","barangay":"Tingib"},"geometry":{"type":"Polygon","coordinates":[[[125.03418,11.27837],[125.03424,11.27837],[125.0343,11.27837],[125.03438,11.27839],[125.03445,11.27842],[125.03455,11.27847],[125.0346,11.27849],[125.03467,11.27852],[125.03476,11.27856],[125.03481,11.27858],[125.03482,11.27857],[125.03482,11.27856],[125.03462,11.27847],[125.03456,11.27845],[125.03444,11.27839],[125.03439,11.27838],[125.03438,11.27837],[125.0343,11.27835],[125.03419,11.27834],[125.03412,11.27832],[125.03411,11.27834],[125.03418,11.27837]]]}},{"type":"Feature","properties":{"class":"barangay","barangay":"Tingib"},"geometry":{"type":"Polygon","coordinates":[[[125.03406,11.27853],[125.03409,11.27855],[125.0341,11.27859],[125.0341,11.27869],[125.03411,11.27873],[125.03412,11.27875],[125.03415,11.27878],[125.03418,11.27881],[125.03424,11.27882],[125.03425,11.27882],[125.03426,11.27879],[125.0342,11.27878],[125.03418,11.27876],[125.03416,11.27874],[125.03414,11.27872],[125.03414,11.2787],[125.03414,11.27865],[125.03414,11.27861],[125.03414,11.27857],[125.03413,11.27853],[125.03411,11.27851],[125.03408,11.2785],[125.03404,11.27848],[125.03402,11.27849],[125.03402,11.27849],[125.034,11.2785],[125.03406,11.27853]]]}},{"type":"Feature","properties":{"class":"barangay","barangay":"Tingib"},"geometry":{"type":"Polygon","coordinates":[[[125.02912,11.28064],[125.02907,11.28039],[125.02901,11.27967],[125.02901,11.27963],[125.02918,11.2794],[125.0292,11.2794],[125.0304,11.27967],[125.03069,11.27987],[125.03109,11.28005],[125.03113,11.27998],[125.03079,11.27984],[125.03072,11.27982],[125.03041,11.2796],[125.02921,11.27933],[125.02917,11.27933],[125.02915,11.27933],[125.02914,11.27935],[125.0291,11.27939],[125.02899,11.27955],[125.02896,11.27962],[125.02895,11.27966],[125.02895,11.2797],[125.02898,11.28003],[125.029,11.28038],[125.02902,11.28053],[125.02904,11.28065],[125.02935,11.2817],[125.02943,11.28168],[125.02912,11.28064]]]}},{"type":"Feature","properties":{"class":"barangay","barangay":"Tingib"},"geometry":{"type":"Polygon","coordinates":[[[125.03088,11.28057],[125.03087,11.28064],[125.03101,11.28125],[125.03108,11.28124],[125.03094,11.28062],[125.0313,11.27973],[125.03125,11.2797],[125.03113,11.27998],[125.03113,11.27998],[125.03113,11.27998],[125.03109,11.28005],[125.03088,11.28057]]]}},{"type":"Feature","properties":{"class":"barangay","barangay":"Tingib"},"geometry":{"type":"Polygon","coordinates":[[[125.02846,11.28162],[125.02816,11.28054],[125.02809,11.28054],[125.02841,11.28167],[125.02843,11.28167],[125.02928,11.28146],[125.02926,11.28142],[125.02846,11.28162]]]}},{"type":"Feature","properties":{"class":"barangay","barangay":"Tingib"},"geometry":{"type":"Polygon","coordinates":[[[125.02912,11.2809],[125.0291,11.28085],[125.0283,11.28107],[125.02832,11.28112],[125.02912,11.2809]]]}},{"type":"Feature","properties":{"class":"barangay","barangay":"Tingib"},"geometry":{"type":"Polygon","coordinates":[[[125.02903,11.28056],[125.02902,11.28053],[125.02902,11.28049],[125.02811,11.28048],[125.02745,11.28047],[125.02745,11.28054],[125.02809,11.28054],[125.02816,11.28054],[125.02903,11.28056]]]}},{"type":"Feature","properties":{"class":"barangay","barangay":"Tingib"},"geometry":{"type":"Polygon","coordinates":[[[125.02849,11.27981],[125.02845,11.2798],[125.02762,11.27964],[125.02759,11.27965],[125.02757,11.28003],[125.02755,11.28047],[125.0276,11.28047],[125.02765,11.27969],[125.02843,11.27984],[125.02847,11.27984],[125.02851,11.27984],[125.02896,11.27983],[125.02896,11.27979],[125.02849,11.27981]]]}},{"type":"Feature","properties":{"class":"barangay","barangay":"Tingib"},"geometry":{"type":"Polygon","coordinates":[[[125.03095,11.281],[125.03094,11.28095],[125.02933,11.28138],[125.02935,11.28144],[125.03095,11.281]]]}},{"type":"Feature","properties":{"class":"barangay","barangay":"Tingib"},"geometry":{"type":"Polygon","coordinates":[[[125.02991,11.28039],[125.03014,11.28116],[125.0302,11.28115],[125.02997,11.28039],[125.02991,11.27956],[125.02985,11.27955],[125.02991,11.28039]]]}},{"type":"Feature","properties":{"class":"barangay","barangay":"Tingib"},"geometry":{"type":"Polygon","coordinates":[[[125.03136,11.28095],[125.03153,11.28093],[125.03197,11.27996],[125.03189,11.27995],[125.03151,11.28086],[125.0315,11.28088],[125.03102,11.28095],[125.03103,11.281],[125.03136,11.28095]]]}},{"type":"Feature","properties":{"class":"barangay","barangay":"Tingib"},"geometry":{"type":"Polygon","coordinates":[[[125.03189,11.27995],[125.03197,11.27996],[125.03205,11.27996],[125.03207,11.27996],[125.03207,11.27992],[125.03124,11.27988],[125.03122,11.27993],[125.03189,11.27995]]]}},{"type":"Feature","properties":{"class":"barangay","barangay":"Tingib"},"geometry":{"type":"Polygon","coordinates":[[[125.03015,11.28031],[125.03087,11.28064],[125.03088,11.28058],[125.0302,11.28028],[125.03016,11.27962],[125.03011,11.27961],[125.03015,11.28031]]]}},{"type":"Feature","properties":{"class":"barangay","barangay":"Tingib"},"geometry":{"type":"Polygon","coordinates":[[[125.03,11.28067],[125.02998,11.28062],[125.02917,11.28083],[125.02919,11.28088],[125.02919,11.28088],[125.03,11.28067]]]}},{"type":"Feature","properties":{"class":"barangay","barangay":"Tingib"},"geometry":{"type":"Polygon","coordinates":[[[125.02989,11.28005],[125.02988,11.28],[125.02904,11.28005],[125.02905,11.2801],[125.02989,11.28005]]]}},{"type":"Feature","properties":{"class":"barangay","barangay":"Tingib"},"geometry":{"type":"Polygon","coordinates":[[[125.03067,11.28082],[125.03072,11.28101],[125.03077,11.281],[125.03071,11.28077],[125.02999,11.28046],[125.03001,11.28051],[125.03067,11.28082]]]}},{"type":"Feature","properties":{"class":"barangay","barangay":"Tingib"},"geometry":{"type":"Polygon","coordinates":[[[125.03167,11.28049],[125.03169,11.28045],[125.03111,11.28021],[125.03109,11.28025],[125.03167,11.28049]]]}},{"type":"Feature","properties":{"class":"barangay","barangay":"Tingib"},"geometry":{"type":"Polygon","coordinates":[[[125.03036,11.27909],[125.0303,11.27908],[125.03018,11.27955],[125.03023,11.27956],[125.03036,11.27909]]]}},{"type":"Feature","properties":{"class":"barangay","barangay":"Tingib"},"geometry":{"type":"Polygon","coordinates":[[[125.03061,11.27896],[125.03057,11.27895],[125.03039,11.27959],[125.03041,11.2796],[125.03042,11.27961],[125.03061,11.27896]]]}},{"type":"Feature","properties":{"class":"barangay","barangay":"Tingib"},"geometry":{"type":"Polygon","coordinates":[[[125.02918,11.27909],[125.02918,11.27914],[125.03023,11.27936],[125.03024,11.27932],[125.02918,11.27909]]]}},{"type":"Feature","properties":{"class":"barangay","barangay":"Tingib"},"geometry":{"type":"Polygon","coordinates":[[[125.02968,11.2789],[125.02965,11.27886],[125.02933,11.27913],[125.02939,11.27914],[125.02968,11.2789]]]}},{"type":"Feature","properties":{"class":"barangay","barangay":"Tingib"},"geometry":{"type":"Polygon","coordinates":[[[125.02972,11.27902],[125.02983,11.27904],[125.02995,11.27905],[125.0303,11.27908],[125.03036,11.27909],[125.03054,11.27908],[125.03054,11.27905],[125.03036,11.27905],[125.03031,11.27905],[125.02983,11.279],[125.02972,11.27899],[125.02961,11.27896],[125.02958,11.27898],[125.02972,11.27902]]]}},{"type":"Feature","properties":{"class":"barangay","barangay":"Tingib"},"geometry":{"type":"Polygon","coordinates":[[[125.02998,11.28041],[125.02999,11.28044],[125.03018,11.28033],[125.03018,11.28032],[125.03015,11.28031],[125.03015,11.28031],[125.02998,11.28041]]]}},{"type":"Feature","properties":{"class":"barangay","barangay":"Tingib"},"geometry":{"type":"Polygon","coordinates":[[[125.03037,11.28036],[125.03041,11.28038],[125.03038,11.27967],[125.03033,11.27966],[125.03037,11.28036]]]}},{"type":"Feature","properties":{"class":"barangay","barangay":"Tingib"},"geometry":{"type":"Polygon","coordinates":[[[125.03094,11.28042],[125.03096,11.28039],[125.0304,11.28013],[125.0304,11.28018],[125.03094,11.28042]]]}},{"type":"Feature","properties":{"class":"barangay","barangay":"Tingib"},"geometry":{"type":"Polygon","coordinates":[[[125.03057,11.28021],[125.03062,11.28023],[125.03059,11.27981],[125.03055,11.27977],[125.03057,11.28021]]]}},{"type":"Feature","properties":{"class":"barangay","barangay":"Tingib"},"geometry":{"type":"Polygon","coordinates":[[[125.03011,11.27906],[125.03008,11.27906],[125.03003,11.27927],[125.03006,11.27928],[125.03011,11.27906]]]}},{"type":"Feature","properties":{"class":"barangay","barangay":"Tingib"},"geometry":{"type":"Polygon","coordinates":[[[125.0299,11.27904],[125.02987,11.27904],[125.02981,11.27923],[125.02985,11.27924],[125.0299,11.27904]]]}},{"type":"Feature","properties":{"class":"barangay","barangay":"Tingib"},"geometry":{"type":"Polygon","coordinates":[[[125.03072,11.27982],[125.03078,11.27984],[125.03123,11.27975],[125.03125,11.2797],[125.03072,11.27982]]]}},{"type":"Feature","properties":{"class":"barangay","barangay":"Tingib"},"geometry":{"type":"Polygon","coordinates":[[[125.03112,11.28063],[125.03119,11.28092],[125.03123,11.28092],[125.03116,11.28064],[125.03129,11.28033],[125.03125,11.28031],[125.03112,11.28063]]]}},{"type":"Feature","properties":{"class":"barangay","barangay":"Tingib"},"geometry":{"type":"Polygon","coordinates":[[[125.03133,11.28068],[125.03118,11.28071],[125.03119,11.28074],[125.03136,11.28071],[125.03149,11.28041],[125.03145,11.2804],[125.03133,11.28068]]]}},{"type":"Feature","properties":{"class":"barangay","barangay":"Tingib"},"geometry":{"type":"Polygon","coordinates":[[[125.03169,11.27995],[125.03164,11.27994],[125.03147,11.28036],[125.0315,11.28037],[125.03169,11.27995]]]}},{"type":"Feature","properties":{"class":"barangay","barangay":"Tingib"},"geometry":{"type":"Polygon","coordinates":[[[125.03145,11.27994],[125.03141,11.27993],[125.03126,11.28027],[125.0313,11.28029],[125.03145,11.27994]]]}},{"type":"Feature","properties":{"class":"barangay","barangay":"Tingib"},"geometry":{"type":"Polygon","coordinates":[[[125.02982,11.28072],[125.02977,11.28073],[125.02991,11.28122],[125.02996,11.28121],[125.02982,11.28072]]]}},{"type":"Feature","properties":{"class":"barangay","barangay":"Tingib"},"geometry":{"type":"Polygon","coordinates":[[[125.03067,11.28083],[125.03067,11.28082],[125.03064,11.28081],[125.03014,11.28096],[125.03015,11.28099],[125.03067,11.28083]]]}},{"type":"Feature","properties":{"class":"barangay","barangay":"Tingib"},"geometry":{"type":"Polygon","coordinates":[[[125.0304,11.28069],[125.03035,11.28067],[125.03034,11.28067],[125.03008,11.28075],[125.03009,11.28079],[125.0304,11.28069]]]}},{"type":"Feature","properties":{"class":"barangay","barangay":"Tingib"},"geometry":{"type":"Polygon","coordinates":[[[125.02961,11.28077],[125.02956,11.28078],[125.02971,11.28128],[125.02975,11.28126],[125.02961,11.28077]]]}},{"type":"Feature","properties":{"class":"barangay","barangay":"Tingib"},"geometry":{"type":"Polygon","coordinates":[[[125.02951,11.28133],[125.02955,11.28132],[125.0294,11.28083],[125.02936,11.28084],[125.02951,11.28133]]]}},{"type":"Feature","properties":{"class":"barangay","barangay":"Tingib"},"geometry":{"type":"Polygon","coordinates":[[[125.02894,11.28095],[125.02889,11.28096],[125.02903,11.28147],[125.02908,11.28146],[125.02894,11.28095]]]}},{"type":"Feature","properties":{"class":"barangay","barangay":"Tingib"},"geometry":{"type":"Polygon","coordinates":[[[125.02874,11.28101],[125.02869,11.28102],[125.02882,11.28152],[125.02887,11.28151],[125.02874,11.28101]]]}},{"type":"Feature","properties":{"class":"barangay","barangay":"Tingib"},"geometry":{"type":"Polygon","coordinates":[[[125.02863,11.28157],[125.02867,11.28156],[125.02854,11.28106],[125.0285,11.28107],[125.02863,11.28157]]]}},{"type":"Feature","properties":{"class":"barangay","barangay":"Tingib"},"geometry":{"type":"Polygon","coordinates":[[[125.02847,11.28102],[125.02852,11.28101],[125.02837,11.28055],[125.02832,11.28055],[125.02847,11.28102]]]}},{"type":"Feature","properties":{"class":"barangay","barangay":"Tingib"},"geometry":{"type":"Polygon","coordinates":[[[125.02868,11.28097],[125.02873,11.28095],[125.0286,11.28055],[125.02855,11.28055],[125.02868,11.28097]]]}},{"type":"Feature","properties":{"class":"barangay","barangay":"Tingib"},"geometry":{"type":"Polygon","coordinates":[[[125.02888,11.28091],[125.02893,11.2809],[125.02883,11.28056],[125.02878,11.28056],[125.02888,11.28091]]]}},{"type":"Feature","properties":{"class":"barangay","barangay":"Tingib"},"geometry":{"type":"Polygon","coordinates":[[[125.02806,11.27977],[125.02802,11.27976],[125.02799,11.28048],[125.02803,11.28048],[125.02806,11.27977]]]}},{"type":"Feature","properties":{"class":"barangay","barangay":"Tingib"},"geometry":{"type":"Polygon","coordinates":[[[125.02785,11.27973],[125.02781,11.27972],[125.02777,11.28048],[125.02782,11.28048],[125.02785,11.27973]]]}},{"type":"Feature","properties":{"class":"barangay","barangay":"Tingib"},"geometry":{"type":"Polygon","coordinates":[[[125.02924,11.28038],[125.02925,11.28048],[125.02926,11.28053],[125.02935,11.28079],[125.02939,11.28078],[125.02932,11.28055],[125.02929,11.28046],[125.02927,11.28009],[125.02921,11.28009],[125.02924,11.28038]]]}},{"type":"Feature","properties":{"class":"barangay","barangay":"Tingib"},"geometry":{"type":"Polygon","coordinates":[[[125.02946,11.28041],[125.02946,11.28044],[125.02955,11.28073],[125.02959,11.28072],[125.0295,11.28041],[125.02948,11.28007],[125.02944,11.28008],[125.02946,11.28041]]]}},{"type":"Feature","properties":{"class":"barangay","barangay":"Tingib"},"geometry":{"type":"Polygon","coordinates":[[[125.02967,11.2804],[125.02975,11.28068],[125.0298,11.28067],[125.02971,11.2804],[125.02969,11.28006],[125.02965,11.28006],[125.02967,11.2804]]]}},{"type":"Feature","properties":{"class":"barangay","barangay":"Tingib"},"geometry":{"type":"Polygon","coordinates":[[[125.02965,11.2795],[125.02959,11.27949],[125.02964,11.28002],[125.02968,11.28002],[125.02965,11.2795]]]}},{"type":"Feature","properties":{"class":"barangay","barangay":"Tingib"},"geometry":{"type":"Polygon","coordinates":[[[125.02943,11.27945],[125.02939,11.27944],[125.02943,11.28003],[125.02947,11.28003],[125.02943,11.27945]]]}},{"type":"Feature","properties":{"class":"barangay","barangay":"Tingib"},"geometry":{"type":"Polygon","coordinates":[[[125.02906,11.27956],[125.02904,11.2796],[125.02941,11.27967],[125.0294,11.27963],[125.02906,11.27956]]]}},{"type":"Feature","properties":{"class":"barangay","barangay":"Tingib"},"geometry":{"type":"Polygon","coordinates":[[[125.02922,11.27963],[125.02918,11.27962],[125.02922,11.28004],[125.02927,11.28004],[125.02922,11.27963]]]}},{"type":"Feature","properties":{"class":"barangay","barangay":"Tingib"},"geometry":{"type":"Polygon","coordinates":[[[125.02665,11.28229],[125.02663,11.28225],[125.02662,11.28222],[125.02659,11.2822],[125.02656,11.28219],[125.02654,11.28218],[125.02651,11.28218],[125.02646,11.2822],[125.02642,11.28221],[125.02641,11.28223],[125.02639,11.28225],[125.02638,11.2823],[125.02638,11.28235],[125.02639,11.28239],[125.02646,11.28238],[125.02645,11.28235],[125.02644,11.28232],[125.02645,11.28228],[125.02647,11.28226],[125.0265,11.28225],[125.02652,11.28224],[125.02656,11.28225],[125.02658,11.28227],[125.02659,11.28231],[125.02659,11.28235],[125.02666,11.28234],[125.02665,11.28229]]]}},{"type":"Feature","properties":{"class":"barangay","barangay":"Tingib"},"geometry":{"type":"Polygon","coordinates":[[[125.02643,11.2817],[125.0264,11.28163],[125.02636,11.28159],[125.02632,11.28156],[125.02627,11.28155],[125.02617,11.28153],[125.02611,11.28154],[125.02376,11.282],[125.02369,11.28202],[125.02328,11.28218],[125.02336,11.28224],[125.02378,11.28207],[125.02611,11.28162],[125.02617,11.28161],[125.02624,11.28162],[125.02628,11.28163],[125.02631,11.28165],[125.02634,11.28169],[125.02645,11.2822],[125.02646,11.2822],[125.02651,11.28218],[125.02653,11.28218],[125.02643,11.2817]]]}},{"type":"Feature","properties":{"class":"barangay","barangay":"Tingib"},"geometry":{"type":"Polygon","coordinates":[[[125.02377,11.28267],[125.02371,11.28258],[125.02367,11.28254],[125.02336,11.28224],[125.02328,11.28218],[125.02289,11.28199],[125.02238,11.28156],[125.02232,11.28153],[125.02228,11.28152],[125.02216,11.28151],[125.02089,11.28159],[125.0208,11.28158],[125.02065,11.28156],[125.02067,11.28158],[125.02051,11.28163],[125.02087,11.28168],[125.02228,11.28161],[125.02285,11.28206],[125.02322,11.28223],[125.02365,11.28262],[125.02389,11.28302],[125.02398,11.283],[125.02377,11.28267]]]}},{"type":"Feature","properties":{"class":"barangay","barangay":"San Antonio"},"geometry":{"type":"Polygon","coordinates":[[[125.01959,11.2814],[125.01958,11.28148],[125.02051,11.28163],[125.02067,11.28158],[125.02065,11.28156],[125.01959,11.2814]]]}},{"type":"Feature","properties":{"class":"barangay","barangay":"Tingib"},"geometry":{"type":"Polygon","coordinates":[[[125.0239,11.28251],[125.0241,11.28246],[125.0247,11.28234],[125.02526,11.28223],[125.02588,11.28212],[125.02607,11.28208],[125.0264,11.28199],[125.02639,11.28195],[125.02589,11.28207],[125.02503,11.28223],[125.02445,11.28234],[125.02389,11.28245],[125.02382,11.28247],[125.02366,11.28253],[125.02367,11.28254],[125.02371,11.28258],[125.0239,11.28251]]]}},{"type":"Feature","properties":{"class":"barangay","barangay":"Tingib"},"geometry":{"type":"Polygon","coordinates":[[[125.02667,11.28193],[125.02685,11.2819],[125.02693,11.28188],[125.02698,11.28187],[125.02699,11.28184],[125.02726,11.28117],[125.02725,11.28115],[125.02558,11.28048],[125.02553,11.28048],[125.02469,11.28091],[125.02466,11.28094],[125.02464,11.28098],[125.02475,11.28181],[125.02483,11.28179],[125.02471,11.28101],[125.02471,11.28099],[125.02474,11.28096],[125.02553,11.28055],[125.02555,11.28055],[125.02718,11.28119],[125.02718,11.2812],[125.02694,11.28182],[125.02694,11.28182],[125.02648,11.28193],[125.02649,11.28197],[125.02667,11.28193]]]}},{"type":"Feature","properties":{"class":"barangay","barangay":"Tingib"},"geometry":{"type":"Polygon","coordinates":[[[125.02663,11.28097],[125.02655,11.28094],[125.02631,11.28155],[125.02632,11.28156],[125.02636,11.28159],[125.02638,11.28161],[125.02663,11.28097]]]}},{"type":"Feature","properties":{"class":"barangay","barangay":"Tingib"},"geometry":{"type":"Polygon","coordinates":[[[125.02584,11.28109],[125.02583,11.28114],[125.02589,11.28158],[125.02594,11.28157],[125.02588,11.28112],[125.02603,11.28074],[125.02598,11.28072],[125.02584,11.28109]]]}},{"type":"Feature","properties":{"class":"barangay","barangay":"Tingib"},"geometry":{"type":"Polygon","coordinates":[[[125.02523,11.28171],[125.02528,11.2817],[125.02515,11.28074],[125.0251,11.28077],[125.02523,11.28171]]]}},{"type":"Feature","properties":{"class":"barangay","barangay":"Tingib"},"geometry":{"type":"Polygon","coordinates":[[[125.02484,11.28226],[125.0249,11.28225],[125.02483,11.28187],[125.02476,11.28188],[125.02484,11.28226]]]}},{"type":"Feature","properties":{"class":"barangay","barangay":"Tingib"},"geometry":{"type":"Polygon","coordinates":[[[125.02434,11.28236],[125.0244,11.28235],[125.02432,11.28196],[125.02426,11.28198],[125.02434,11.28236]]]}},{"type":"Feature","properties":{"class":"barangay","barangay":"Tingib"},"geometry":{"type":"Polygon","coordinates":[[[125.02365,11.28141],[125.02284,11.28195],[125.02288,11.28198],[125.02368,11.28146],[125.02472,11.2816],[125.02472,11.28155],[125.02365,11.28141]]]}},{"type":"Feature","properties":{"class":"barangay","barangay":"Tingib"},"geometry":{"type":"Polygon","coordinates":[[[125.02389,11.28198],[125.02395,11.28197],[125.02388,11.28149],[125.02382,11.28148],[125.02389,11.28198]]]}},{"type":"Feature","properties":{"class":"barangay","barangay":"Tingib"},"geometry":{"type":"Polygon","coordinates":[[[125.02291,11.28225],[125.02238,11.28216],[125.02234,11.28214],[125.02225,11.28199],[125.02221,11.28203],[125.0223,11.28217],[125.02233,11.2822],[125.02291,11.28229],[125.02315,11.2822],[125.02309,11.28217],[125.02291,11.28225]]]}},{"type":"Feature","properties":{"class":"barangay","barangay":"Tingib"},"geometry":{"type":"Polygon","coordinates":[[[125.02221,11.28203],[125.02225,11.28199],[125.02247,11.28175],[125.02243,11.28173],[125.02221,11.28196],[125.02215,11.28202],[125.02218,11.28206],[125.02221,11.28203]]]}},{"type":"Feature","properties":{"class":"barangay","barangay":"Tingib"},"geometry":{"type":"Polygon","coordinates":[[[125.0207,11.28245],[125.02063,11.28284],[125.02069,11.28334],[125.02076,11.28332],[125.02071,11.28285],[125.02087,11.28168],[125.02078,11.28167],[125.0207,11.28245]]]}},{"type":"Feature","properties":{"class":"barangay","barangay":"San Antonio"},"geometry":{"type":"Polygon","coordinates":[[[125.02073,11.2835],[125.02102,11.28412],[125.02112,11.28409],[125.0208,11.28348],[125.02076,11.28332],[125.02069,11.28334],[125.02073,11.2835]]]}},{"type":"Feature","properties":{"class":"barangay","barangay":"Tingib"},"geometry":{"type":"Polygon","coordinates":[[[125.02112,11.28323],[125.02133,11.28314],[125.02138,11.2831],[125.02146,11.28301],[125.02157,11.28288],[125.02158,11.28286],[125.0216,11.28282],[125.02161,11.28278],[125.02162,11.28254],[125.02163,11.28226],[125.02163,11.28217],[125.02158,11.28164],[125.02151,11.28165],[125.02154,11.28187],[125.02156,11.28209],[125.02157,11.28225],[125.02156,11.28256],[125.02156,11.28266],[125.02155,11.28277],[125.02155,11.28281],[125.02153,11.28284],[125.02152,11.28287],[125.02141,11.28298],[125.02135,11.28305],[125.02129,11.28309],[125.02123,11.28313],[125.02112,11.28317],[125.02076,11.28332],[125.02112,11.28323]]]}},{"type":"Feature","properties":{"class":"barangay","barangay":"San Antonio"},"geometry":{"type":"Polygon","coordinates":[[[125.02112,11.28323],[125.02076,11.28332],[125.02077,11.28338],[125.02112,11.28323]]]}},{"type":"Feature","properties":{"class":"barangay","barangay":"San Antonio"},"geometry":{"type":"Polygon","coordinates":[[[125.02171,11.28346],[125.02169,11.28342],[125.02093,11.28374],[125.02096,11.28379],[125.02171,11.28346]]]}},{"type":"Feature","properties":{"class":"barangay","barangay":"San Antonio"},"geometry":{"type":"Polygon","coordinates":[[[125.02035,11.284],[125.02037,11.28404],[125.02088,11.28382],[125.02086,11.28377],[125.02035,11.284]]]}},{"type":"Feature","properties":{"class":"barangay","barangay":"San Antonio"},"geometry":{"type":"Polygon","coordinates":[[[125.02056,11.28337],[125.02048,11.28339],[125.02019,11.28342],[125.01971,11.2834],[125.01924,11.28342],[125.01925,11.28348],[125.01971,11.28345],[125.01977,11.28345],[125.02019,11.28347],[125.02049,11.28344],[125.0207,11.28339],[125.02069,11.28334],[125.02056,11.28337]]]}},{"type":"Feature","properties":{"class":"barangay","barangay":"Tingib"},"geometry":{"type":"Polygon","coordinates":[[[125.02151,11.28287],[125.02152,11.28287],[125.02153,11.28284],[125.02154,11.28282],[125.02072,11.28279],[125.02071,11.28285],[125.02151,11.28287]]]}},{"type":"Feature","properties":{"class":"barangay","barangay":"Tingib"},"geometry":{"type":"Polygon","coordinates":[[[125.02078,11.28234],[125.02077,11.28239],[125.02156,11.28244],[125.02157,11.28238],[125.02078,11.28234]]]}},{"type":"Feature","properties":{"class":"barangay","barangay":"Tingib"},"geometry":{"type":"Polygon","coordinates":[[[125.02036,11.28267],[125.02035,11.2827],[125.02044,11.28276],[125.02063,11.28283],[125.02064,11.28278],[125.02036,11.28267]]]}},{"type":"Feature","properties":{"class":"barangay","barangay":"San Antonio"},"geometry":{"type":"Polygon","coordinates":[[[125.01959,11.28235],[125.01957,11.28242],[125.02044,11.28276],[125.02035,11.2827],[125.02036,11.28267],[125.01959,11.28235]]]}},{"type":"Feature","properties":{"class":"barangay","barangay":"San Antonio"},"geometry":{"type":"Polygon","coordinates":[[[125.02018,11.28158],[125.0201,11.28157],[125.01999,11.28251],[125.02006,11.28254],[125.02018,11.28158]]]}},{"type":"Feature","properties":{"class":"barangay","barangay":"Tingib"},"geometry":{"type":"Polygon","coordinates":[[[125.02043,11.28211],[125.02043,11.28216],[125.02073,11.2822],[125.02073,11.28215],[125.02043,11.28211]]]}},{"type":"Feature","properties":{"class":"barangay","barangay":"San Antonio"},"geometry":{"type":"Polygon","coordinates":[[[125.02043,11.28216],[125.02043,11.28211],[125.02012,11.28206],[125.02011,11.28212],[125.02043,11.28216]]]}},{"type":"Feature","properties":{"class":"barangay","barangay":"San Antonio"},"geometry":{"type":"Polygon","coordinates":[[[125.01955,11.28188],[125.01955,11.28191],[125.02006,11.28198],[125.02006,11.28195],[125.01955,11.28188]]]}},{"type":"Feature","properties":{"class":"barangay","barangay":"San Antonio"},"geometry":{"type":"Polygon","coordinates":[[[125.02028,11.28324],[125.01952,11.28303],[125.01939,11.28342],[125.01944,11.28341],[125.01954,11.2831],[125.02022,11.28328],[125.02023,11.28329],[125.02024,11.28341],[125.0203,11.28341],[125.02028,11.28324]]]}},{"type":"Feature","properties":{"class":"barangay","barangay":"San Antonio"},"geometry":{"type":"Polygon","coordinates":[[[125.01958,11.28281],[125.01959,11.28284],[125.02023,11.28303],[125.02025,11.28299],[125.02034,11.28272],[125.02028,11.2827],[125.0202,11.28296],[125.01964,11.2828],[125.01974,11.28248],[125.01969,11.28246],[125.01958,11.28281]]]}},{"type":"Feature","properties":{"class":"barangay","barangay":"San Antonio"},"geometry":{"type":"Polygon","coordinates":[[[125.01973,11.28315],[125.0197,11.28314],[125.01963,11.2834],[125.01966,11.2834],[125.01973,11.28315]]]}},{"type":"Feature","properties":{"class":"barangay","barangay":"San Antonio"},"geometry":{"type":"Polygon","coordinates":[[[125.01984,11.28341],[125.01988,11.28341],[125.01993,11.2832],[125.0199,11.2832],[125.01984,11.28341]]]}},{"type":"Feature","properties":{"class":"barangay","barangay":"San Antonio"},"geometry":{"type":"Polygon","coordinates":[[[125.02015,11.28326],[125.02011,11.28325],[125.02006,11.28342],[125.0201,11.28342],[125.02015,11.28326]]]}},{"type":"Feature","properties":{"class":"barangay","barangay":"San Antonio"},"geometry":{"type":"Polygon","coordinates":[[[125.02044,11.28395],[125.02049,11.28393],[125.02028,11.28346],[125.02022,11.28346],[125.02044,11.28395]]]}},{"type":"Feature","properties":{"class":"barangay","barangay":"San Antonio"},"geometry":{"type":"Polygon","coordinates":[[[125.02065,11.28386],[125.02069,11.28385],[125.0205,11.28344],[125.02049,11.28344],[125.02046,11.28344],[125.02065,11.28386]]]}},{"type":"Feature","properties":{"class":"barangay","barangay":"San Antonio"},"geometry":{"type":"Polygon","coordinates":[[[125.02025,11.28299],[125.02023,11.28303],[125.02025,11.28324],[125.02028,11.28324],[125.02025,11.28299]]]}},{"type":"Feature","properties":{"class":"barangay","barangay":"San Antonio"},"geometry":{"type":"Polygon","coordinates":[[[125.02047,11.28339],[125.02048,11.28339],[125.0205,11.28338],[125.02044,11.28276],[125.02041,11.28275],[125.02047,11.28339]]]}},{"type":"Feature","properties":{"class":"barangay","barangay":"San Antonio"},"geometry":{"type":"Polygon","coordinates":[[[125.0196,11.28235],[125.01963,11.28236],[125.01967,11.28193],[125.01964,11.28192],[125.0196,11.28235]]]}},{"type":"Feature","properties":{"class":"barangay","barangay":"San Antonio"},"geometry":{"type":"Polygon","coordinates":[[[125.01988,11.28196],[125.01985,11.28195],[125.0198,11.28243],[125.01982,11.28244],[125.01988,11.28196]]]}},{"type":"Feature","properties":{"class":"barangay","barangay":"San Antonio"},"geometry":{"type":"Polygon","coordinates":[[[125.02033,11.28215],[125.0203,11.28215],[125.02025,11.28262],[125.02027,11.28263],[125.02033,11.28215]]]}},{"type":"Feature","properties":{"class":"barangay","barangay":"Tingib"},"geometry":{"type":"Polygon","coordinates":[[[125.02054,11.28218],[125.02051,11.28217],[125.02044,11.2827],[125.02047,11.28271],[125.02054,11.28218]]]}},{"type":"Feature","properties":{"class":"barangay","barangay":"Tingib"},"geometry":{"type":"Polygon","coordinates":[[[125.02137,11.28311],[125.02133,11.28314],[125.02141,11.28326],[125.02148,11.28327],[125.02137,11.28311]]]}},{"type":"Feature","properties":{"class":"barangay","barangay":"San Antonio"},"geometry":{"type":"Polygon","coordinates":[[[125.0215,11.28328],[125.02151,11.28327],[125.02148,11.28327],[125.02141,11.28326],[125.02145,11.2833],[125.02153,11.28349],[125.02157,11.28347],[125.0215,11.28328]]]}},{"type":"Feature","properties":{"class":"barangay","barangay":"Tingib"},"geometry":{"type":"Polygon","coordinates":[[[125.02159,11.28289],[125.02188,11.28297],[125.02188,11.28294],[125.02161,11.28287],[125.02159,11.28285],[125.02158,11.28286],[125.02157,11.28287],[125.02159,11.28289]]]}},{"type":"Feature","properties":{"class":"barangay","barangay":"Tingib"},"geometry":{"type":"Polygon","coordinates":[[[125.02178,11.28294],[125.02176,11.28293],[125.02148,11.28326],[125.02148,11.28327],[125.02151,11.28327],[125.02178,11.28294]]]}},{"type":"Feature","properties":{"class":"barangay","barangay":"San Antonio"},"geometry":{"type":"Polygon","coordinates":[[[125.02119,11.28343],[125.02145,11.28331],[125.02145,11.2833],[125.02144,11.28329],[125.02116,11.28342],[125.02083,11.28354],[125.02085,11.28357],[125.02119,11.28343]]]}},{"type":"Feature","properties":{"class":"barangay","barangay":"Tingib"},"geometry":{"type":"Polygon","coordinates":[[[125.02116,11.28286],[125.0211,11.28286],[125.02113,11.28317],[125.02119,11.28314],[125.02116,11.28286]]]}},{"type":"Feature","properties":{"class":"barangay","barangay":"Tingib"},"geometry":{"type":"Polygon","coordinates":[[[125.02092,11.28286],[125.0209,11.28286],[125.02094,11.28325],[125.02096,11.28323],[125.02092,11.28286]]]}},{"type":"Feature","properties":{"class":"barangay","barangay":"Tingib"},"geometry":{"type":"Polygon","coordinates":[[[125.02136,11.28304],[125.02138,11.28301],[125.02137,11.28287],[125.02134,11.28287],[125.02136,11.28304]]]}},{"type":"Feature","properties":{"class":"barangay","barangay":"Tingib"},"geometry":{"type":"Polygon","coordinates":[[[125.02156,11.28266],[125.02156,11.28262],[125.02075,11.28257],[125.02074,11.28261],[125.02156,11.28266]]]}},{"type":"Feature","properties":{"class":"barangay","barangay":"San Antonio"},"geometry":{"type":"Polygon","coordinates":[[[125.01952,11.28303],[125.01955,11.28304],[125.01962,11.28285],[125.01959,11.28284],[125.01952,11.28303]]]}},{"type":"Feature","properties":{"class":"barangay","barangay":"San Antonio"},"geometry":{"type":"Polygon","coordinates":[[[125.02011,11.28263],[125.02009,11.28262],[125.01999,11.2829],[125.02002,11.28291],[125.02011,11.28263]]]}},{"type":"Feature","properties":{"class":"barangay","barangay":"San Antonio"},"geometry":{"type":"Polygon","coordinates":[[[125.01992,11.28256],[125.01989,11.28254],[125.0198,11.28285],[125.01983,11.28286],[125.01992,11.28256]]]}},{"type":"Feature","properties":{"class":"barangay","barangay":"San Antonio"},"geometry":{"type":"Polygon","coordinates":[[[125.02039,11.28161],[125.02036,11.28161],[125.0203,11.28209],[125.02033,11.28209],[125.02033,11.28209],[125.02039,11.28161]]]}},{"type":"Feature","properties":{"class":"barangay","barangay":"Tingib"},"geometry":{"type":"Polygon","coordinates":[[[125.0206,11.28165],[125.02056,11.28164],[125.02051,11.28212],[125.02054,11.28212],[125.0206,11.28165]]]}},{"type":"Feature","properties":{"class":"barangay","barangay":"Tingib"},"geometry":{"type":"Polygon","coordinates":[[[125.02185,11.28089],[125.02184,11.28084],[125.0218,11.28077],[125.02176,11.28074],[125.02156,11.28061],[125.02151,11.28058],[125.02146,11.28057],[125.02139,11.28057],[125.02098,11.28057],[125.0207,11.28058],[125.02063,11.28059],[125.02057,11.2806],[125.0205,11.28066],[125.02044,11.28072],[125.02025,11.28096],[125.02023,11.28099],[125.02025,11.28103],[125.02048,11.28076],[125.02052,11.28071],[125.02056,11.28069],[125.02059,11.28066],[125.02063,11.28064],[125.02069,11.28063],[125.0208,11.28063],[125.02109,11.28062],[125.0214,11.28062],[125.02145,11.28063],[125.02151,11.28065],[125.02161,11.28072],[125.02173,11.2808],[125.02175,11.28083],[125.02178,11.28086],[125.02178,11.28089],[125.02176,11.28137],[125.02177,11.28154],[125.02184,11.28153],[125.02185,11.28089]]]}},{"type":"Feature","properties":{"class":"barangay","barangay":"San Antonio"},"geometry":{"type":"Polygon","coordinates":[[[125.02023,11.2811],[125.02023,11.28107],[125.02025,11.28103],[125.02023,11.28099],[125.02023,11.28099],[125.02023,11.28099],[125.02021,11.28101],[125.02019,11.28106],[125.02017,11.28114],[125.02013,11.28148],[125.02018,11.28149],[125.02023,11.2811]]]}},{"type":"Feature","properties":{"class":"barangay","barangay":"San Antonio"},"geometry":{"type":"Polygon","coordinates":[[[125.01979,11.28135],[125.01978,11.28125],[125.01978,11.28121],[125.01978,11.28114],[125.0198,11.28106],[125.01981,11.28104],[125.01982,11.28103],[125.0199,11.28103],[125.02007,11.28106],[125.02018,11.28107],[125.02019,11.28106],[125.02021,11.28102],[125.02011,11.281],[125.01994,11.28098],[125.01984,11.28097],[125.01981,11.28097],[125.01978,11.28098],[125.01976,11.28099],[125.01975,11.28101],[125.01974,11.28104],[125.01973,11.2811],[125.01972,11.28116],[125.01972,11.28121],[125.01974,11.28138],[125.01974,11.28142],[125.0198,11.28143],[125.01979,11.28135]]]}},{"type":"Feature","properties":{"class":"barangay","barangay":"Tingib"},"geometry":{"type":"Polygon","coordinates":[[[125.02088,11.28114],[125.02081,11.28158],[125.02088,11.28158],[125.02094,11.28116],[125.02094,11.28062],[125.02088,11.28063],[125.02088,11.28114]]]}},{"type":"Feature","properties":{"class":"barangay","barangay":"Tingib"},"geometry":{"type":"Polygon","coordinates":[[[125.02177,11.28119],[125.02177,11.28113],[125.02094,11.28116],[125.02094,11.28116],[125.02093,11.28121],[125.02177,11.28119]]]}},{"type":"Feature","properties":{"class":"barangay","barangay":"Tingib"},"geometry":{"type":"Polygon","coordinates":[[[125.0248,11.28208],[125.0248,11.28205],[125.02435,11.28213],[125.02436,11.28217],[125.0248,11.28208]]]}},{"type":"Feature","properties":{"class":"barangay","barangay":"Tingib"},"geometry":{"type":"Polygon","coordinates":[[[125.02387,11.28226],[125.0243,11.28218],[125.02429,11.28215],[125.02385,11.28224],[125.02349,11.28237],[125.02352,11.2824],[125.02387,11.28226]]]}},{"type":"Feature","properties":{"class":"barangay","barangay":"Tingib"},"geometry":{"type":"Polygon","coordinates":[[[125.02453,11.28157],[125.02449,11.28157],[125.02453,11.28185],[125.02457,11.28184],[125.02453,11.28157]]]}},{"type":"Feature","properties":{"class":"barangay","barangay":"Tingib"},"geometry":{"type":"Polygon","coordinates":[[[125.02431,11.28154],[125.02427,11.28154],[125.02432,11.28189],[125.02436,11.28188],[125.02436,11.28188],[125.02431,11.28154]]]}},{"type":"Feature","properties":{"class":"barangay","barangay":"Tingib"},"geometry":{"type":"Polygon","coordinates":[[[125.0241,11.28152],[125.02407,11.28151],[125.02412,11.28193],[125.02416,11.28192],[125.0241,11.28152]]]}},{"type":"Feature","properties":{"class":"barangay","barangay":"Tingib"},"geometry":{"type":"Polygon","coordinates":[[[125.02364,11.28149],[125.02361,11.28151],[125.02368,11.28202],[125.02369,11.28202],[125.02371,11.28201],[125.02364,11.28149]]]}},{"type":"Feature","properties":{"class":"barangay","barangay":"Tingib"},"geometry":{"type":"Polygon","coordinates":[[[125.02345,11.28161],[125.02342,11.28163],[125.02348,11.2821],[125.02351,11.28209],[125.02345,11.28161]]]}},{"type":"Feature","properties":{"class":"barangay","barangay":"Tingib"},"geometry":{"type":"Polygon","coordinates":[[[125.02328,11.28192],[125.02309,11.28184],[125.02307,11.28186],[125.02328,11.28194],[125.02329,11.28194],[125.02345,11.28189],[125.02345,11.28186],[125.02328,11.28192]]]}},{"type":"Feature","properties":{"class":"barangay","barangay":"Tingib"},"geometry":{"type":"Polygon","coordinates":[[[125.02501,11.28176],[125.02504,11.28175],[125.02492,11.28086],[125.02488,11.28089],[125.02501,11.28176]]]}},{"type":"Feature","properties":{"class":"barangay","barangay":"Tingib"},"geometry":{"type":"Polygon","coordinates":[[[125.02564,11.28123],[125.02519,11.28105],[125.0252,11.28109],[125.02564,11.28126],[125.02584,11.28123],[125.02583,11.2812],[125.02564,11.28123]]]}},{"type":"Feature","properties":{"class":"barangay","barangay":"Tingib"},"geometry":{"type":"Polygon","coordinates":[[[125.02565,11.28126],[125.02564,11.28126],[125.02562,11.28125],[125.02567,11.28163],[125.0257,11.28162],[125.02565,11.28126]]]}},{"type":"Feature","properties":{"class":"barangay","barangay":"Tingib"},"geometry":{"type":"Polygon","coordinates":[[[125.02544,11.28118],[125.0254,11.28116],[125.02546,11.28167],[125.02549,11.28166],[125.02544,11.28118]]]}},{"type":"Feature","properties":{"class":"barangay","barangay":"Tingib"},"geometry":{"type":"Polygon","coordinates":[[[125.0264,11.28134],[125.02641,11.28131],[125.02589,11.2811],[125.02588,11.28112],[125.02588,11.28113],[125.0264,11.28134]]]}},{"type":"Feature","properties":{"class":"barangay","barangay":"Tingib"},"geometry":{"type":"Polygon","coordinates":[[[125.02596,11.28091],[125.02595,11.28093],[125.02647,11.28114],[125.02648,11.28112],[125.02596,11.28091]]]}},{"type":"Feature","properties":{"class":"barangay","barangay":"Tingib"},"geometry":{"type":"Polygon","coordinates":[[[125.02533,11.28065],[125.02528,11.28068],[125.0259,11.28092],[125.02591,11.28089],[125.02533,11.28065]]]}},{"type":"Feature","properties":{"class":"barangay","barangay":"Tingib"},"geometry":{"type":"Polygon","coordinates":[[[125.02516,11.28082],[125.02517,11.28085],[125.02583,11.28111],[125.02584,11.28109],[125.02584,11.28108],[125.02516,11.28082]]]}},{"type":"Feature","properties":{"class":"barangay","barangay":"Tingib"},"geometry":{"type":"Polygon","coordinates":[[[125.02612,11.28123],[125.02608,11.28121],[125.02613,11.28154],[125.02616,11.28153],[125.02612,11.28123]]]}},{"type":"Feature","properties":{"class":"barangay","barangay":"Tingib"},"geometry":{"type":"Polygon","coordinates":[[[125.0268,11.28168],[125.02702,11.28112],[125.027,11.28111],[125.02678,11.28165],[125.02644,11.28173],[125.02644,11.28176],[125.0268,11.28168]]]}},{"type":"Feature","properties":{"class":"barangay","barangay":"Tingib"},"geometry":{"type":"Polygon","coordinates":[[[125.02671,11.28138],[125.02683,11.28105],[125.0268,11.28104],[125.02668,11.28137],[125.02654,11.28171],[125.02657,11.2817],[125.02671,11.28138]]]}},{"type":"Feature","properties":{"class":"barangay","barangay":"Tingib"},"geometry":{"type":"Polygon","coordinates":[[[125.02516,11.28123],[125.02516,11.28121],[125.02497,11.28123],[125.02497,11.28125],[125.02516,11.28123]]]}},{"type":"Feature","properties":{"class":"barangay","barangay":"Tingib"},"geometry":{"type":"Polygon","coordinates":[[[125.02493,11.28126],[125.02493,11.28123],[125.02474,11.28124],[125.02475,11.28127],[125.02493,11.28126]]]}},{"type":"Feature","properties":{"class":"barangay","barangay":"Tingib"},"geometry":{"type":"Polygon","coordinates":[[[125.02297,11.28212],[125.02295,11.2821],[125.02284,11.28223],[125.02287,11.28224],[125.02297,11.28212]]]}},{"type":"Feature","properties":{"class":"barangay","barangay":"Tingib"},"geometry":{"type":"Polygon","coordinates":[[[125.02279,11.28201],[125.02277,11.28199],[125.02259,11.28219],[125.02262,11.2822],[125.02279,11.28201]]]}},{"type":"Feature","properties":{"class":"barangay","barangay":"Tingib"},"geometry":{"type":"Polygon","coordinates":[[[125.02263,11.28188],[125.02261,11.28187],[125.02235,11.28215],[125.02238,11.28216],[125.02239,11.28216],[125.02263,11.28188]]]}},{"type":"Feature","properties":{"class":"barangay","barangay":"Tingib"},"geometry":{"type":"Polygon","coordinates":[[[125.022,11.28195],[125.02204,11.28195],[125.02201,11.28162],[125.02198,11.28162],[125.022,11.28195]]]}},{"type":"Feature","properties":{"class":"barangay","barangay":"Tingib"},"geometry":{"type":"Polygon","coordinates":[[[125.02221,11.2818],[125.02202,11.2818],[125.02203,11.28183],[125.0222,11.28182],[125.02229,11.28188],[125.0223,11.28187],[125.02221,11.2818]]]}},{"type":"Feature","properties":{"class":"barangay","barangay":"Tingib"},"geometry":{"type":"Polygon","coordinates":[[[125.02167,11.2822],[125.02189,11.28205],[125.02188,11.28203],[125.02165,11.28219],[125.02163,11.28221],[125.02163,11.28224],[125.02167,11.2822]]]}},{"type":"Feature","properties":{"class":"barangay","barangay":"Tingib"},"geometry":{"type":"Polygon","coordinates":[[[125.02181,11.28208],[125.02183,11.28206],[125.0218,11.28163],[125.02177,11.28163],[125.02181,11.28208]]]}},{"type":"Feature","properties":{"class":"barangay","barangay":"Tingib"},"geometry":{"type":"Polygon","coordinates":[[[125.02088,11.28104],[125.02088,11.28101],[125.02035,11.28092],[125.02032,11.28095],[125.02088,11.28104]]]}},{"type":"Feature","properties":{"class":"barangay","barangay":"Tingib"},"geometry":{"type":"Polygon","coordinates":[[[125.02088,11.28083],[125.02088,11.2808],[125.0205,11.28074],[125.02048,11.28076],[125.02048,11.28076],[125.02088,11.28083]]]}},{"type":"Feature","properties":{"class":"barangay","barangay":"Tingib"},"geometry":{"type":"Polygon","coordinates":[[[125.02067,11.28064],[125.02064,11.28064],[125.02064,11.28076],[125.02067,11.28076],[125.02067,11.28064]]]}},{"type":"Feature","properties":{"class":"barangay","barangay":"Tingib"},"geometry":{"type":"Polygon","coordinates":[[[125.02033,11.28113],[125.02035,11.28116],[125.02086,11.28124],[125.02087,11.28121],[125.02033,11.28113]]]}},{"type":"Feature","properties":{"class":"barangay","barangay":"Tingib"},"geometry":{"type":"Polygon","coordinates":[[[125.02176,11.28135],[125.02176,11.28132],[125.02091,11.28136],[125.02091,11.28139],[125.02176,11.28135]]]}},{"type":"Feature","properties":{"class":"barangay","barangay":"Tingib"},"geometry":{"type":"Polygon","coordinates":[[[125.02046,11.2813],[125.02049,11.28134],[125.02084,11.28139],[125.02085,11.28136],[125.02046,11.2813]]]}},{"type":"Feature","properties":{"class":"barangay","barangay":"San Antonio"},"geometry":{"type":"Polygon","coordinates":[[[125.02035,11.28116],[125.02033,11.28113],[125.02022,11.28111],[125.02022,11.28114],[125.02035,11.28116]]]}},{"type":"Feature","properties":{"class":"barangay","barangay":"San Antonio"},"geometry":{"type":"Polygon","coordinates":[[[125.02049,11.28134],[125.02046,11.2813],[125.02021,11.28126],[125.0202,11.2813],[125.02049,11.28134]]]}},{"type":"Feature","properties":{"class":"barangay","barangay":"San Antonio"},"geometry":{"type":"Polygon","coordinates":[[[125.02015,11.28129],[125.02016,11.28125],[125.01978,11.28121],[125.01978,11.28121],[125.01978,11.28124],[125.02015,11.28129]]]}},{"type":"Feature","properties":{"class":"barangay","barangay":"San Antonio"},"geometry":{"type":"Polygon","coordinates":[[[125.01993,11.28154],[125.0199,11.28153],[125.01986,11.28192],[125.01988,11.28192],[125.01993,11.28154]]]}},{"type":"Feature","properties":{"class":"barangay","barangay":"San Antonio"},"geometry":{"type":"Polygon","coordinates":[[[125.01972,11.28151],[125.01969,11.2815],[125.01964,11.28189],[125.01967,11.2819],[125.01972,11.28151]]]}},{"type":"Feature","properties":{"class":"barangay","barangay":"San Antonio"},"geometry":{"type":"Polygon","coordinates":[[[125.01628,11.28306],[125.0163,11.28304],[125.01634,11.28303],[125.01637,11.28304],[125.01639,11.28306],[125.0164,11.28309],[125.01641,11.28311],[125.01637,11.28318],[125.01645,11.28322],[125.01647,11.28316],[125.01648,11.28311],[125.01648,11.28306],[125.01646,11.283],[125.01641,11.28296],[125.01635,11.28295],[125.01631,11.28295],[125.01625,11.28298],[125.01621,11.28303],[125.01617,11.2831],[125.01625,11.28313],[125.01628,11.28306]]]}},{"type":"Feature","properties":{"class":"barangay","barangay":"San Antonio"},"geometry":{"type":"Polygon","coordinates":[[[125.01673,11.28251],[125.01676,11.28249],[125.01679,11.28249],[125.01763,11.28245],[125.01764,11.28236],[125.01676,11.2824],[125.0167,11.2824],[125.01664,11.28244],[125.01635,11.28295],[125.01635,11.28295],[125.01641,11.28296],[125.01646,11.283],[125.01673,11.28251]]]}},{"type":"Feature","properties":{"class":"barangay","barangay":"San Antonio"},"geometry":{"type":"Polygon","coordinates":[[[125.0156,11.28144],[125.01563,11.28141],[125.01567,11.2814],[125.01573,11.2814],[125.01639,11.28135],[125.01642,11.28136],[125.01645,11.28138],[125.01646,11.28141],[125.01648,11.28146],[125.01665,11.28244],[125.0167,11.2824],[125.01673,11.2824],[125.01656,11.28143],[125.01654,11.28137],[125.01652,11.28133],[125.01648,11.2813],[125.01643,11.28128],[125.01637,11.28127],[125.01566,11.28133],[125.01561,11.28134],[125.01558,11.28135],[125.01555,11.28139],[125.01552,11.28143],[125.01549,11.28149],[125.01494,11.28248],[125.01501,11.28253],[125.0156,11.28144]]]}},{"type":"Feature","properties":{"class":"barangay","barangay":"San Antonio"},"geometry":{"type":"Polygon","coordinates":[[[125.01644,11.28278],[125.01648,11.28272],[125.01527,11.28206],[125.01524,11.28212],[125.01644,11.28278]]]}},{"type":"Feature","properties":{"class":"barangay","barangay":"San Antonio"},"geometry":{"type":"Polygon","coordinates":[[[125.01641,11.28189],[125.01616,11.2819],[125.01609,11.28191],[125.01601,11.28195],[125.01597,11.28201],[125.01579,11.28235],[125.01585,11.28237],[125.01605,11.282],[125.01608,11.28198],[125.01612,11.28196],[125.01617,11.28196],[125.01636,11.28194],[125.01656,11.28193],[125.01655,11.28187],[125.01641,11.28189]]]}},{"type":"Feature","properties":{"class":"barangay","barangay":"San Antonio"},"geometry":{"type":"Polygon","coordinates":[[[125.01467,11.28174],[125.01464,11.28179],[125.01516,11.28208],[125.01519,11.28202],[125.01467,11.28174]]]}},{"type":"Feature","properties":{"class":"barangay","barangay":"San Antonio"},"geometry":{"type":"Polygon","coordinates":[[[125.01733,11.28327],[125.01737,11.28322],[125.01658,11.28278],[125.01655,11.28283],[125.01733,11.28327]]]}},{"type":"Feature","properties":{"class":"barangay","barangay":"San Antonio"},"geometry":{"type":"Polygon","coordinates":[[[125.01743,11.28278],[125.01745,11.28273],[125.01746,11.28266],[125.01746,11.28261],[125.01746,11.28253],[125.01745,11.28246],[125.0174,11.28246],[125.01741,11.28255],[125.01741,11.28263],[125.01741,11.28268],[125.0174,11.28272],[125.01738,11.28278],[125.01723,11.28314],[125.01728,11.28317],[125.01743,11.28278]]]}},{"type":"Feature","properties":{"class":"barangay","barangay":"San Antonio"},"geometry":{"type":"Polygon","coordinates":[[[125.01765,11.2827],[125.01765,11.28265],[125.01746,11.28266],[125.01746,11.28266],[125.01745,11.28272],[125.01765,11.2827]]]}},{"type":"Feature","properties":{"class":"barangay","barangay":"San Antonio"},"geometry":{"type":"Polygon","coordinates":[[[125.01697,11.2826],[125.01697,11.28266],[125.01697,11.28269],[125.01695,11.28275],[125.01687,11.28294],[125.01689,11.28295],[125.01692,11.28288],[125.01699,11.2827],[125.017,11.28268],[125.017,11.28266],[125.01698,11.28248],[125.01696,11.28248],[125.01697,11.2826]]]}},{"type":"Feature","properties":{"class":"barangay","barangay":"San Antonio"},"geometry":{"type":"Polygon","coordinates":[[[125.01741,11.28268],[125.01741,11.28265],[125.017,11.28268],[125.017,11.2827],[125.01741,11.28268]]]}},{"type":"Feature","properties":{"class":"barangay","barangay":"San Antonio"},"geometry":{"type":"Polygon","coordinates":[[[125.01694,11.28277],[125.01695,11.28275],[125.01695,11.28274],[125.01668,11.2826],[125.01667,11.28262],[125.01694,11.28277]]]}},{"type":"Feature","properties":{"class":"barangay","barangay":"San Antonio"},"geometry":{"type":"Polygon","coordinates":[[[125.01722,11.28269],[125.01719,11.28269],[125.01705,11.28304],[125.01708,11.28306],[125.01722,11.28269]]]}},{"type":"Feature","properties":{"class":"barangay","barangay":"San Antonio"},"geometry":{"type":"Polygon","coordinates":[[[125.01657,11.28257],[125.01658,11.28254],[125.01595,11.28219],[125.01593,11.28222],[125.01657,11.28257]]]}},{"type":"Feature","properties":{"class":"barangay","barangay":"San Antonio"},"geometry":{"type":"Polygon","coordinates":[[[125.01635,11.28218],[125.01634,11.2822],[125.01664,11.28237],[125.01663,11.28234],[125.01635,11.28218]]]}},{"type":"Feature","properties":{"class":"barangay","barangay":"San Antonio"},"geometry":{"type":"Polygon","coordinates":[[[125.01601,11.28161],[125.01599,11.28138],[125.01596,11.28138],[125.01598,11.2816],[125.01561,11.28224],[125.01563,11.28226],[125.01601,11.28161]]]}},{"type":"Feature","properties":{"class":"barangay","barangay":"San Antonio"},"geometry":{"type":"Polygon","coordinates":[[[125.01577,11.28156],[125.01578,11.28153],[125.01577,11.28139],[125.01574,11.2814],[125.01575,11.28154],[125.01574,11.28156],[125.01542,11.28214],[125.01545,11.28215],[125.01577,11.28156]]]}},{"type":"Feature","properties":{"class":"barangay","barangay":"San Antonio"},"geometry":{"type":"Polygon","coordinates":[[[125.01483,11.28174],[125.01497,11.28171],[125.01499,11.28171],[125.01528,11.28187],[125.0153,11.28184],[125.01502,11.28169],[125.015,11.28168],[125.01497,11.28168],[125.01494,11.28168],[125.01482,11.28171],[125.01481,11.28172],[125.0148,11.28174],[125.01476,11.28179],[125.01479,11.28181],[125.01483,11.28174]]]}},{"type":"Feature","properties":{"class":"barangay","barangay":"San Antonio"},"geometry":{"type":"Polygon","coordinates":[[[125.0152,11.28155],[125.01518,11.28157],[125.01538,11.28168],[125.0154,11.28165],[125.0152,11.28155]]]}},{"type":"Feature","properties":{"class":"barangay","barangay":"San Antonio"},"geometry":{"type":"Polygon","coordinates":[[[125.01625,11.28104],[125.01622,11.28084],[125.0162,11.28083],[125.01531,11.28092],[125.0153,11.28092],[125.0153,11.28093],[125.0153,11.28096],[125.0153,11.28102],[125.01531,11.28114],[125.01533,11.28129],[125.01534,11.28136],[125.01536,11.2814],[125.01538,11.28142],[125.0154,11.28144],[125.01549,11.28149],[125.01552,11.28144],[125.01542,11.28138],[125.0154,11.28135],[125.01537,11.28117],[125.01535,11.28097],[125.01536,11.28096],[125.01617,11.28089],[125.0162,11.28105],[125.01621,11.28128],[125.01627,11.28128],[125.01625,11.28104]]]}},{"type":"Feature","properties":{"class":"barangay","barangay":"San Antonio"},"geometry":{"type":"Polygon","coordinates":[[[125.0162,11.2811],[125.0162,11.28107],[125.01537,11.28115],[125.01537,11.28117],[125.01537,11.28117],[125.0162,11.2811]]]}},{"type":"Feature","properties":{"class":"barangay","barangay":"San Antonio"},"geometry":{"type":"Polygon","coordinates":[[[125.01671,11.28097],[125.01669,11.28092],[125.01626,11.28106],[125.01626,11.28112],[125.01671,11.28097]]]}},{"type":"Feature","properties":{"class":"barangay","barangay":"San Antonio"},"geometry":{"type":"Polygon","coordinates":[[[125.01691,11.28142],[125.01695,11.28139],[125.01665,11.28099],[125.01661,11.281],[125.01691,11.28142]]]}},{"type":"Feature","properties":{"class":"barangay","barangay":"San Antonio"},"geometry":{"type":"Polygon","coordinates":[[[125.01686,11.28134],[125.01684,11.28131],[125.01656,11.28141],[125.01656,11.28143],[125.01656,11.28145],[125.01686,11.28134]]]}},{"type":"Feature","properties":{"class":"barangay","barangay":"San Antonio"},"geometry":{"type":"Polygon","coordinates":[[[125.01673,11.28116],[125.01671,11.28114],[125.01637,11.28127],[125.01643,11.28128],[125.01673,11.28116]]]}},{"type":"Feature","properties":{"class":"barangay","barangay":"Tingib"},"geometry":{"type":"Polygon","coordinates":[[[125.02158,11.2807],[125.02155,11.28068],[125.02154,11.28113],[125.02157,11.28113],[125.02158,11.2807]]]}},{"type":"Feature","properties":{"class":"barangay","barangay":"Tingib"},"geometry":{"type":"Polygon","coordinates":[[[125.02137,11.28062],[125.02134,11.28062],[125.02132,11.28114],[125.02136,11.28114],[125.02137,11.28062]]]}},{"type":"Feature","properties":{"class":"barangay","barangay":"Tingib"},"geometry":{"type":"Polygon","coordinates":[[[125.02115,11.28081],[125.02116,11.28062],[125.02114,11.28062],[125.02113,11.28062],[125.02111,11.28081],[125.02112,11.28115],[125.02115,11.28115],[125.02115,11.28081]]]}},{"type":"Feature","properties":{"class":"barangay","barangay":"San Antonio"},"geometry":{"type":"Polygon","coordinates":[[[125.01258,11.27862],[125.013,11.27801],[125.01303,11.27796],[125.01311,11.27777],[125.01316,11.27765],[125.0132,11.27752],[125.01337,11.27714],[125.01341,11.27701],[125.01337,11.27699],[125.01329,11.27722],[125.01317,11.27751],[125.01313,11.27763],[125.01301,11.27787],[125.01296,11.27799],[125.01285,11.27813],[125.01269,11.27838],[125.01244,11.27876],[125.01243,11.27879],[125.01245,11.27884],[125.01258,11.27862]]]}},{"type":"Feature","properties":{"class":"barangay","barangay":"San Antonio"},"geometry":{"type":"Polygon","coordinates":[[[125.01305,11.27746],[125.01286,11.27738],[125.01253,11.27725],[125.01199,11.27705],[125.0113,11.27677],[125.01093,11.27663],[125.0104,11.27641],[125.01009,11.27627],[125.00968,11.27608],[125.00937,11.27593],[125.0093,11.27588],[125.00923,11.27582],[125.00917,11.27572],[125.00904,11.27551],[125.00897,11.27536],[125.00887,11.27511],[125.00881,11.27516],[125.00888,11.27532],[125.00897,11.27551],[125.00907,11.2757],[125.00915,11.27583],[125.00921,11.27592],[125.00925,11.27596],[125.00928,11.27597],[125.0093,11.27598],[125.0094,11.27603],[125.00954,11.27609],[125.00965,11.27615],[125.00983,11.27622],[125.01014,11.27636],[125.01052,11.27652],[125.01103,11.27672],[125.01144,11.27689],[125.01206,11.27715],[125.01248,11.2773],[125.01266,11.27736],[125.01295,11.27748],[125.01315,11.27757],[125.01317,11.27752],[125.01305,11.27746]]]}},{"type":"Feature","properties":{"class":"barangay","barangay":"San Antonio"},"geometry":{"type":"Polygon","coordinates":[[[125.00851,11.27526],[125.00855,11.27523],[125.00858,11.27522],[125.00861,11.27523],[125.00864,11.27523],[125.00868,11.27522],[125.00881,11.27516],[125.00887,11.27511],[125.00905,11.27494],[125.00912,11.2749],[125.00919,11.27486],[125.00923,11.27481],[125.0093,11.27471],[125.00931,11.2747],[125.0093,11.27469],[125.00929,11.27468],[125.00925,11.27473],[125.00921,11.27478],[125.0092,11.27479],[125.00916,11.27483],[125.00904,11.27491],[125.00902,11.27492],[125.00884,11.27508],[125.00878,11.27512],[125.00866,11.27518],[125.00863,11.27519],[125.0086,11.27518],[125.00858,11.27518],[125.00853,11.27519],[125.0085,11.27521],[125.00843,11.27529],[125.00835,11.27537],[125.00832,11.27541],[125.00836,11.27544],[125.00851,11.27526]]]}},{"type":"Feature","properties":{"class":"barangay","barangay":"San Antonio"},"geometry":{"type":"Polygon","coordinates":[[[125.01028,11.27626],[125.01032,11.27618],[125.01035,11.27615],[125.01037,11.27614],[125.01041,11.27614],[125.01049,11.27615],[125.01092,11.27633],[125.011,11.27636],[125.01114,11.27642],[125.01137,11.27652],[125.01147,11.27658],[125.01174,11.27672],[125.01197,11.27683],[125.01231,11.27697],[125.01252,11.27704],[125.01261,11.27709],[125.01269,11.27712],[125.01273,11.27714],[125.01278,11.27715],[125.0129,11.27717],[125.01306,11.27719],[125.01318,11.27723],[125.01327,11.27727],[125.01329,11.27722],[125.01321,11.27718],[125.0131,11.27715],[125.01305,11.27713],[125.01287,11.2771],[125.01278,11.27709],[125.01271,11.27707],[125.01254,11.277],[125.01233,11.27692],[125.012,11.27679],[125.0118,11.27669],[125.01154,11.27656],[125.0115,11.27654],[125.01144,11.2765],[125.01134,11.27646],[125.01097,11.2763],[125.01058,11.27614],[125.0105,11.27611],[125.01042,11.27609],[125.01039,11.27609],[125.01035,11.2761],[125.01031,11.27612],[125.01029,11.27614],[125.01024,11.27624],[125.01019,11.27632],[125.01024,11.27634],[125.01028,11.27626]]]}},{"type":"Feature","properties":{"class":"barangay","barangay":"San Antonio"},"geometry":{"type":"Polygon","coordinates":[[[125.01227,11.27811],[125.01234,11.27788],[125.01244,11.27743],[125.01249,11.2773],[125.01248,11.2773],[125.01245,11.27728],[125.01234,11.27765],[125.01228,11.27794],[125.01222,11.27813],[125.01218,11.27823],[125.01219,11.27824],[125.01221,11.27827],[125.01227,11.27811]]]}},{"type":"Feature","properties":{"class":"barangay","barangay":"San Antonio"},"geometry":{"type":"Polygon","coordinates":[[[125.01171,11.27789],[125.01175,11.2779],[125.01175,11.2779],[125.01199,11.27712],[125.01195,11.2771],[125.01171,11.27789]]]}},{"type":"Feature","properties":{"class":"barangay","barangay":"San Antonio"},"geometry":{"type":"Polygon","coordinates":[[[125.01234,11.27765],[125.01234,11.27765],[125.01235,11.27761],[125.01189,11.27744],[125.01188,11.27749],[125.01234,11.27765]]]}},{"type":"Feature","properties":{"class":"barangay","barangay":"San Antonio"},"geometry":{"type":"Polygon","coordinates":[[[125.01139,11.27687],[125.01134,11.27685],[125.01106,11.27768],[125.01106,11.27769],[125.01111,11.2777],[125.01139,11.27687]]]}},{"type":"Feature","properties":{"class":"barangay","barangay":"San Antonio"},"geometry":{"type":"Polygon","coordinates":[[[125.01079,11.27685],[125.01067,11.27716],[125.01054,11.27738],[125.01047,11.27744],[125.01042,11.2775],[125.01043,11.27751],[125.01049,11.27752],[125.0106,11.2774],[125.01067,11.27728],[125.01074,11.27714],[125.0108,11.27696],[125.01089,11.27667],[125.01085,11.27665],[125.01079,11.27685]]]}},{"type":"Feature","properties":{"class":"barangay","barangay":"San Antonio"},"geometry":{"type":"Polygon","coordinates":[[[125.0112,11.27726],[125.01122,11.27721],[125.01077,11.27704],[125.01076,11.27709],[125.0112,11.27726]]]}},{"type":"Feature","properties":{"class":"barangay","barangay":"San Antonio"},"geometry":{"type":"Polygon","coordinates":[[[125.01086,11.2766],[125.01091,11.27662],[125.011,11.27636],[125.01095,11.27634],[125.01086,11.2766]]]}},{"type":"Feature","properties":{"class":"barangay","barangay":"San Antonio"},"geometry":{"type":"Polygon","coordinates":[[[125.01255,11.27706],[125.01252,11.27704],[125.01251,11.27704],[125.01246,11.27723],[125.0125,11.27724],[125.01255,11.27706]]]}},{"type":"Feature","properties":{"class":"barangay","barangay":"San Antonio"},"geometry":{"type":"Polygon","coordinates":[[[125.01196,11.27704],[125.01199,11.27705],[125.01201,11.27706],[125.01207,11.27688],[125.01202,11.27685],[125.01196,11.27704]]]}},{"type":"Feature","properties":{"class":"barangay","barangay":"San Antonio"},"geometry":{"type":"Polygon","coordinates":[[[125.01136,11.2768],[125.0114,11.27681],[125.01148,11.27659],[125.01147,11.27658],[125.01144,11.27657],[125.01136,11.2768]]]}},{"type":"Feature","properties":{"class":"barangay","barangay":"San Antonio"},"geometry":{"type":"Polygon","coordinates":[[[125.01262,11.27679],[125.01258,11.27675],[125.01252,11.27699],[125.01254,11.277],[125.01257,11.27701],[125.01262,11.27679]]]}},{"type":"Feature","properties":{"class":"barangay","barangay":"San Antonio"},"geometry":{"type":"Polygon","coordinates":[[[125.01219,11.27657],[125.01214,11.27655],[125.01204,11.2768],[125.01209,11.27682],[125.01219,11.27657]]]}},{"type":"Feature","properties":{"class":"barangay","barangay":"San Antonio"},"geometry":{"type":"Polygon","coordinates":[[[125.0132,11.27808],[125.01336,11.27814],[125.01345,11.27815],[125.0136,11.27816],[125.01375,11.27817],[125.01405,11.27817],[125.0142,11.27818],[125.01447,11.27822],[125.01466,11.27823],[125.01515,11.27829],[125.01536,11.2783],[125.01539,11.2783],[125.0154,11.27822],[125.01533,11.27822],[125.01467,11.27815],[125.01445,11.27814],[125.01423,11.27811],[125.01399,11.27811],[125.01376,11.2781],[125.0136,11.2781],[125.01344,11.27809],[125.01338,11.27807],[125.01328,11.27804],[125.01303,11.27795],[125.01303,11.27796],[125.01301,11.278],[125.0132,11.27808]]]}},{"type":"Feature","properties":{"class":"barangay","barangay":"San Antonio"},"geometry":{"type":"Polygon","coordinates":[[[125.01297,11.27891],[125.01299,11.27888],[125.01251,11.27873],[125.0125,11.27876],[125.01297,11.27891]]]}},{"type":"Feature","properties":{"class":"barangay","barangay":"San Antonio"},"geometry":{"type":"Polygon","coordinates":[[[125.01262,11.28119],[125.01235,11.28136],[125.01225,11.28144],[125.01214,11.28155],[125.01207,11.28162],[125.01202,11.2817],[125.01201,11.28175],[125.01201,11.28179],[125.01201,11.28184],[125.01204,11.28188],[125.01208,11.28192],[125.01215,11.28195],[125.01265,11.28215],[125.01268,11.28212],[125.01264,11.2821],[125.01247,11.28204],[125.01224,11.28195],[125.01211,11.28188],[125.01207,11.28185],[125.01206,11.28181],[125.01206,11.28176],[125.01208,11.2817],[125.01212,11.28164],[125.01225,11.28152],[125.01233,11.28144],[125.01252,11.28133],[125.01301,11.28102],[125.013,11.28097],[125.01262,11.28119]]]}},{"type":"Feature","properties":{"class":"barangay","barangay":"San Antonio"},"geometry":{"type":"Polygon","coordinates":[[[125.012,11.28195],[125.0119,11.28213],[125.01182,11.2823],[125.01179,11.28239],[125.01174,11.28256],[125.01178,11.28257],[125.01184,11.28235],[125.01198,11.28208],[125.01208,11.28192],[125.01205,11.28189],[125.012,11.28195]]]}},{"type":"Feature","properties":{"class":"barangay","barangay":"San Antonio"},"geometry":{"type":"Polygon","coordinates":[[[125.01195,11.28183],[125.01187,11.28187],[125.01176,11.2819],[125.01171,11.28189],[125.01163,11.28189],[125.01159,11.2819],[125.01156,11.28192],[125.01141,11.28212],[125.01144,11.28214],[125.01159,11.28194],[125.01162,11.28193],[125.01166,11.28193],[125.01176,11.28193],[125.01187,11.28191],[125.01195,11.28189],[125.01201,11.28184],[125.01201,11.28184],[125.01201,11.2818],[125.01195,11.28183]]]}},{"type":"Feature","properties":{"class":"barangay","barangay":"San Antonio"},"geometry":{"type":"Polygon","coordinates":[[[125.0102,11.27762],[125.01011,11.27783],[125.01003,11.27804],[125.00991,11.27835],[125.00983,11.27864],[125.00976,11.27888],[125.00971,11.27899],[125.00962,11.27908],[125.0095,11.27915],[125.00932,11.27926],[125.00926,11.27931],[125.0092,11.27936],[125.00912,11.27948],[125.00903,11.27976],[125.00894,11.28002],[125.00874,11.28049],[125.00871,11.28058],[125.0087,11.28068],[125.00873,11.28077],[125.00881,11.28103],[125.00885,11.28129],[125.00897,11.28177],[125.00898,11.28197],[125.00897,11.28221],[125.00896,11.28243],[125.00896,11.2826],[125.00892,11.28271],[125.0089,11.2828],[125.00887,11.28286],[125.00881,11.28292],[125.00871,11.28298],[125.00863,11.28301],[125.0085,11.28305],[125.00836,11.28309],[125.0083,11.28314],[125.00824,11.2832],[125.00816,11.28329],[125.0081,11.28337],[125.00807,11.28348],[125.00805,11.28362],[125.00805,11.28372],[125.00804,11.2838],[125.00805,11.28387],[125.00806,11.28391],[125.0081,11.28399],[125.00811,11.28399],[125.00815,11.28397],[125.00811,11.28389],[125.0081,11.28381],[125.00811,11.28367],[125.00813,11.28353],[125.00815,11.28345],[125.00819,11.28338],[125.00825,11.2833],[125.00832,11.28322],[125.00836,11.28318],[125.00842,11.28314],[125.00848,11.28311],[125.00859,11.28308],[125.00865,11.28307],[125.00871,11.28305],[125.00879,11.28302],[125.00885,11.28298],[125.00891,11.28292],[125.00894,11.28286],[125.00898,11.28277],[125.009,11.28269],[125.00902,11.28261],[125.00903,11.28249],[125.00904,11.28232],[125.00905,11.28214],[125.00905,11.28203],[125.00905,11.28196],[125.00905,11.28188],[125.00903,11.28177],[125.009,11.28155],[125.00895,11.28131],[125.00891,11.28111],[125.00887,11.28091],[125.00884,11.28079],[125.0088,11.28067],[125.00879,11.28063],[125.00879,11.2806],[125.00884,11.28048],[125.00898,11.28018],[125.00908,11.27992],[125.00919,11.2796],[125.00921,11.27954],[125.00924,11.27948],[125.00928,11.27942],[125.00932,11.27938],[125.00936,11.27935],[125.00953,11.27925],[125.00965,11.27917],[125.0097,11.27914],[125.00975,11.27909],[125.00979,11.27904],[125.00982,11.27899],[125.00989,11.27872],[125.01007,11.27819],[125.01014,11.27803],[125.01026,11.27774],[125.01035,11.27755],[125.01035,11.27755],[125.01029,11.27754],[125.01025,11.27752],[125.0102,11.27762]]]}},{"type":"Feature","properties":{"class":"barangay","barangay":"San Antonio"},"geometry":{"type":"Polygon","coordinates":[[[125.01369,11.28199],[125.01364,11.28208],[125.01361,11.28211],[125.01359,11.28212],[125.01355,11.28212],[125.0135,11.28211],[125.01345,11.28211],[125.01343,11.28212],[125.01342,11.28214],[125.01341,11.28216],[125.01339,11.28223],[125.01336,11.28231],[125.01333,11.28235],[125.01328,11.28239],[125.01323,11.28241],[125.0132,11.28243],[125.01316,11.28246],[125.01315,11.2825],[125.01313,11.28254],[125.01316,11.28255],[125.01317,11.28252],[125.0132,11.28247],[125.01322,11.28245],[125.01328,11.28242],[125.01333,11.28239],[125.01337,11.28235],[125.01339,11.28231],[125.01344,11.28217],[125.01346,11.28214],[125.01349,11.28214],[125.01357,11.28215],[125.01361,11.28214],[125.01364,11.28213],[125.01367,11.28208],[125.01372,11.282],[125.01381,11.28175],[125.01379,11.28173],[125.01369,11.28199]]]}},{"type":"Feature","properties":{"class":"barangay","barangay":"San Antonio"},"geometry":{"type":"Polygon","coordinates":[[[125.00913,11.27938],[125.00905,11.27941],[125.00901,11.27942],[125.009,11.27941],[125.00887,11.27933],[125.00875,11.27946],[125.00862,11.27961],[125.00847,11.27977],[125.00839,11.27984],[125.00842,11.27987],[125.00842,11.27987],[125.00869,11.27959],[125.00888,11.27937],[125.00889,11.27937],[125.00899,11.27944],[125.00901,11.27945],[125.00913,11.27942],[125.00916,11.27942],[125.00919,11.27937],[125.00913,11.27938]]]}},{"type":"Feature","properties":{"class":"barangay","barangay":"San Antonio"},"geometry":{"type":"Polygon","coordinates":[[[125.00867,11.27919],[125.00822,11.27974],[125.00839,11.27984],[125.00841,11.27982],[125.00827,11.27973],[125.00868,11.27925],[125.00885,11.27936],[125.00887,11.27933],[125.00867,11.27919]]]}},{"type":"Feature","properties":{"class":"barangay","barangay":"San Antonio"},"geometry":{"type":"Polygon","coordinates":[[[125.00672,11.27634],[125.00678,11.27597],[125.00681,11.27563],[125.00684,11.27547],[125.00684,11.2753],[125.00675,11.27487],[125.00657,11.27428],[125.00645,11.2739],[125.00635,11.27346],[125.00624,11.27308],[125.00619,11.27269],[125.00615,11.27231],[125.00611,11.27177],[125.0061,11.27137],[125.00609,11.27133],[125.00604,11.27134],[125.00605,11.27139],[125.00606,11.27185],[125.00609,11.27217],[125.00613,11.27264],[125.00621,11.27311],[125.00631,11.27355],[125.00641,11.27392],[125.00654,11.27431],[125.00665,11.27469],[125.00675,11.27505],[125.00679,11.27527],[125.00681,11.27543],[125.0068,11.27549],[125.00678,11.27563],[125.00676,11.27583],[125.00675,11.27598],[125.00669,11.27633],[125.00665,11.27655],[125.00664,11.27664],[125.00668,11.27664],[125.00672,11.27634]]]}},{"type":"Feature","properties":{"class":"barangay","barangay":"San Antonio"},"geometry":{"type":"Polygon","coordinates":[[[125.00631,11.27113],[125.00637,11.27119],[125.00651,11.27132],[125.00662,11.27142],[125.0067,11.27155],[125.00677,11.27167],[125.00681,11.27178],[125.00685,11.27191],[125.00688,11.27198],[125.0069,11.27203],[125.00704,11.27226],[125.00714,11.27243],[125.0072,11.27256],[125.00733,11.27282],[125.00741,11.27297],[125.00753,11.2732],[125.00766,11.2734],[125.00778,11.27358],[125.00789,11.27371],[125.00791,11.27369],[125.00789,11.27367],[125.00781,11.27356],[125.0076,11.27323],[125.00738,11.27282],[125.0072,11.27244],[125.00702,11.27214],[125.00693,11.27199],[125.00687,11.27181],[125.00681,11.27165],[125.0067,11.27147],[125.00659,11.27134],[125.00634,11.2711],[125.00631,11.27113]]]}},{"type":"Feature","properties":{"class":"barangay","barangay":"San Antonio"},"geometry":{"type":"Polygon","coordinates":[[[125.00626,11.2718],[125.00656,11.27162],[125.0067,11.27155],[125.00668,11.27152],[125.00648,11.27162],[125.00633,11.27171],[125.00616,11.27182],[125.00612,11.27186],[125.00612,11.2719],[125.00626,11.2718]]]}},{"type":"Feature","properties":{"class":"barangay","barangay":"San Antonio"},"geometry":{"type":"Polygon","coordinates":[[[125.00771,11.27385],[125.00739,11.27412],[125.00721,11.27426],[125.00715,11.27428],[125.00707,11.2743],[125.007,11.27431],[125.00691,11.27436],[125.00678,11.27444],[125.00665,11.27454],[125.00666,11.27457],[125.00677,11.27449],[125.00693,11.27438],[125.00702,11.27433],[125.00715,11.27431],[125.00721,11.27429],[125.00724,11.27427],[125.00735,11.27418],[125.00751,11.27406],[125.00767,11.27393],[125.00783,11.2738],[125.00798,11.27368],[125.00821,11.27349],[125.00819,11.27346],[125.00791,11.27369],[125.00789,11.27371],[125.00771,11.27385]]]}},{"type":"Feature","properties":{"class":"barangay","barangay":"San Antonio"},"geometry":{"type":"Polygon","coordinates":[[[125.00714,11.27649],[125.00736,11.27592],[125.00754,11.27552],[125.00772,11.27519],[125.00779,11.27509],[125.00781,11.27508],[125.00785,11.27509],[125.0079,11.27511],[125.00796,11.27513],[125.00802,11.27514],[125.00806,11.27514],[125.0081,11.27512],[125.00815,11.27508],[125.00817,11.27506],[125.00819,11.27506],[125.00824,11.27507],[125.0083,11.2751],[125.00843,11.27519],[125.00848,11.27523],[125.0085,11.27521],[125.00844,11.27517],[125.00835,11.2751],[125.00831,11.27508],[125.00825,11.27505],[125.00819,11.27504],[125.00816,11.27505],[125.00813,11.27507],[125.0081,11.27509],[125.00807,11.27511],[125.00805,11.27511],[125.00802,11.27512],[125.00798,11.27511],[125.00792,11.27509],[125.00785,11.27507],[125.0078,11.27506],[125.00778,11.27507],[125.00776,11.27509],[125.00765,11.27524],[125.00753,11.27545],[125.00744,11.27564],[125.00731,11.27591],[125.00719,11.27626],[125.00711,11.27649],[125.00704,11.27671],[125.00708,11.27672],[125.00708,11.27672],[125.00714,11.27649]]]}},{"type":"Feature","properties":{"class":"barangay","barangay":"San Antonio"},"geometry":{"type":"Polygon","coordinates":[[[125.00892,11.27574],[125.00877,11.27589],[125.00864,11.27605],[125.00869,11.27609],[125.00885,11.2759],[125.00907,11.2757],[125.00904,11.27564],[125.00892,11.27574]]]}},{"type":"Feature","properties":{"class":"barangay","barangay":"San Antonio"},"geometry":{"type":"Polygon","coordinates":[[[125.00912,11.2762],[125.00914,11.27621],[125.00928,11.27597],[125.00925,11.27596],[125.00925,11.27596],[125.00912,11.2762]]]}},{"type":"Feature","properties":{"class":"barangay","barangay":"San Antonio"},"geometry":{"type":"Polygon","coordinates":[[[125.00909,11.27605],[125.00907,11.27607],[125.00915,11.27614],[125.00916,11.27612],[125.00909,11.27605]]]}},{"type":"Feature","properties":{"class":"barangay","barangay":"Amandayehan"},"geometry":{"type":"Polygon","coordinates":[[[125.00008,11.27642],[125.00084,11.27674],[125.00086,11.2767],[124.99999,11.27634],[124.9995,11.2761],[124.9995,11.27612],[124.9995,11.27615],[125.00008,11.27642]]]}},{"type":"Feature","properties":{"class":"barangay","barangay":"Amandayehan"},"geometry":{"type":"Polygon","coordinates":[[[124.99844,11.27502],[124.99856,11.27472],[124.99864,11.27438],[124.99871,11.27405],[124.99875,11.27382],[124.99875,11.27365],[124.99875,11.27351],[124.99872,11.27331],[124.99875,11.27305],[124.99879,11.27267],[124.99883,11.27233],[124.99885,11.27214],[124.99895,11.27181],[124.999,11.2717],[124.99906,11.2716],[124.99911,11.27152],[124.99915,11.27147],[124.99924,11.27136],[124.99937,11.27123],[124.99945,11.27114],[124.99953,11.27101],[124.99961,11.27086],[124.99972,11.27064],[124.99988,11.2704],[124.99999,11.2702],[125.00013,11.26993],[125.00025,11.26968],[125.00018,11.26965],[125.00015,11.2697],[125.00002,11.26997],[124.99983,11.2703],[124.99964,11.27061],[124.99948,11.27098],[124.9994,11.27109],[124.99924,11.27128],[124.99907,11.27147],[124.99896,11.27163],[124.99889,11.27177],[124.99885,11.27192],[124.99879,11.27215],[124.99873,11.27265],[124.99868,11.27305],[124.99866,11.2733],[124.99869,11.27361],[124.99868,11.27378],[124.99864,11.27399],[124.99856,11.27441],[124.99846,11.27469],[124.99828,11.27518],[124.9982,11.27542],[124.99828,11.27544],[124.99844,11.27502]]]}},{"type":"Feature","properties":{"class":"barangay","barangay":"Amandayehan"},"geometry":{"type":"Polygon","coordinates":[[[124.99916,11.27482],[124.99956,11.27487],[124.99962,11.27488],[124.9997,11.27488],[124.99976,11.27487],[124.9998,11.27483],[124.99982,11.27478],[124.99988,11.27462],[124.99989,11.27435],[124.9999,11.27431],[124.99992,11.27428],[124.99996,11.27428],[125.00003,11.27428],[125.00008,11.27429],[125.00013,11.2743],[125.00018,11.27433],[125.00027,11.27439],[125.00039,11.2745],[125.00047,11.27455],[125.00058,11.27461],[125.00073,11.27469],[125.00089,11.27476],[125.001,11.27481],[125.00101,11.27477],[125.00095,11.27474],[125.0007,11.27463],[125.00051,11.27453],[125.0004,11.27443],[125.00028,11.27432],[125.00018,11.27426],[125.00002,11.27422],[124.99991,11.27422],[124.99987,11.27423],[124.99985,11.27427],[124.99983,11.27442],[124.99981,11.27461],[124.99975,11.27479],[124.99972,11.27482],[124.99969,11.27483],[124.99966,11.27483],[124.99963,11.27482],[124.99958,11.27481],[124.99923,11.27476],[124.99873,11.27471],[124.99856,11.27469],[124.99856,11.27472],[124.99855,11.27474],[124.99916,11.27482]]]}},{"type":"Feature","properties":{"class":"barangay","barangay":"Amandayehan"},"geometry":{"type":"Polygon","coordinates":[[[124.999,11.27555],[124.99901,11.27555],[124.99907,11.27555],[124.99916,11.27482],[124.99908,11.27481],[124.999,11.27555]]]}},{"type":"Feature","properties":{"class":"barangay","barangay":"Amandayehan"},"geometry":{"type":"Polygon","coordinates":[[[124.99864,11.27592],[124.9986,11.27634],[124.9994,11.27668],[124.99941,11.27666],[124.99941,11.27662],[124.99942,11.27662],[124.99865,11.27632],[124.99868,11.27601],[124.99872,11.27557],[124.99869,11.27557],[124.99864,11.27592]]]}},{"type":"Feature","properties":{"class":"barangay","barangay":"Cambayan"},"geometry":{"type":"Polygon","coordinates":[[[124.99593,11.28274],[124.99595,11.2829],[124.99597,11.28298],[124.99601,11.28306],[124.99605,11.28316],[124.99612,11.28327],[124.99614,11.28326],[124.99609,11.28318],[124.99602,11.28302],[124.99599,11.28292],[124.99595,11.28267],[124.99592,11.28244],[124.99591,11.28245],[124.9959,11.28248],[124.99589,11.28249],[124.99593,11.28274]]]}},{"type":"Feature","properties":{"class":"barangay","barangay":"Cambayan"},"geometry":{"type":"Polygon","coordinates":[[[124.99597,11.28313],[124.99576,11.28317],[124.99562,11.2832],[124.99555,11.28319],[124.99552,11.28315],[124.99546,11.28299],[124.99545,11.28301],[124.99542,11.28303],[124.99548,11.28317],[124.99552,11.28321],[124.99556,11.28323],[124.99563,11.28323],[124.99585,11.28319],[124.996,11.28316],[124.99605,11.28316],[124.99604,11.28313],[124.99597,11.28313]]]}},{"type":"Feature","properties":{"class":"barangay","barangay":"Cambayan"},"geometry":{"type":"Polygon","coordinates":[[[124.99565,11.28337],[124.99575,11.28351],[124.99581,11.28357],[124.99588,11.28362],[124.9959,11.28366],[124.99593,11.2837],[124.99595,11.28369],[124.9959,11.28361],[124.99583,11.28355],[124.99578,11.28351],[124.99576,11.2835],[124.99568,11.28337],[124.99562,11.28327],[124.9956,11.28323],[124.99557,11.28323],[124.99565,11.28337]]]}},{"type":"Feature","properties":{"class":"barangay","barangay":"Cambayan"},"geometry":{"type":"Polygon","coordinates":[[[124.99543,11.28285],[124.99541,11.28279],[124.99535,11.28273],[124.99528,11.28261],[124.99512,11.28233],[124.995,11.28211],[124.99493,11.28198],[124.99481,11.28183],[124.99471,11.28174],[124.99465,11.28172],[124.99457,11.28168],[124.9945,11.28163],[124.99445,11.28162],[124.99432,11.2816],[124.99417,11.28154],[124.99406,11.28146],[124.99391,11.28131],[124.99384,11.28124],[124.99382,11.28125],[124.99384,11.28129],[124.99392,11.28137],[124.99404,11.28148],[124.99414,11.28157],[124.99422,11.2816],[124.99432,11.28164],[124.99438,11.28164],[124.99444,11.28165],[124.99448,11.28167],[124.99454,11.28171],[124.99462,11.28174],[124.99468,11.28176],[124.99472,11.28179],[124.9948,11.2819],[124.99488,11.28199],[124.99499,11.28219],[124.99508,11.28235],[124.99522,11.28258],[124.99533,11.28276],[124.99538,11.28282],[124.99541,11.28296],[124.99542,11.28295],[124.99544,11.28292],[124.99543,11.28285]]]}},{"type":"Feature","properties":{"class":"barangay","barangay":"Cambayan"},"geometry":{"type":"Polygon","coordinates":[[[124.99514,11.28156],[124.99546,11.28127],[124.99583,11.28095],[124.99599,11.28083],[124.99599,11.28082],[124.99598,11.28078],[124.99576,11.28093],[124.99524,11.28138],[124.99478,11.2818],[124.99481,11.28183],[124.99481,11.28183],[124.99514,11.28156]]]}},{"type":"Feature","properties":{"class":"barangay","barangay":"Cambayan"},"geometry":{"type":"Polygon","coordinates":[[[124.99291,11.2856],[124.99312,11.28589],[124.99319,11.28599],[124.9932,11.28602],[124.99298,11.28624],[124.993,11.28627],[124.9931,11.28617],[124.99322,11.28605],[124.99324,11.28602],[124.99324,11.28599],[124.99323,11.28596],[124.99314,11.28585],[124.99276,11.28528],[124.99275,11.28529],[124.99272,11.28531],[124.99291,11.2856]]]}},{"type":"Feature","properties":{"class":"barangay","barangay":"Can-manila"},"geometry":{"type":"Polygon","coordinates":[[[125.05837,11.28776],[125.05834,11.2884],[125.05833,11.28907],[125.05833,11.28917],[125.05833,11.28925],[125.05831,11.28933],[125.05828,11.28945],[125.05802,11.29024],[125.05781,11.291],[125.05759,11.29165],[125.05731,11.29265],[125.05711,11.29333],[125.05707,11.29378],[125.0573,11.29297],[125.05749,11.2923],[125.05766,11.29169],[125.05788,11.29102],[125.05812,11.29017],[125.05834,11.28951],[125.05837,11.28939],[125.05839,11.28927],[125.05839,11.28919],[125.05839,11.28903],[125.0584,11.28858],[125.05844,11.2877],[125.05845,11.28728],[125.05841,11.28732],[125.05838,11.28734],[125.05837,11.28776]]]}},{"type":"Feature","properties":{"class":"national","barangay":"Roxas"},"geometry":{"type":"Polygon","coordinates":[[[125.05684,11.29418],[125.05651,11.29513],[125.0561,11.29652],[125.05571,11.2978],[125.0554,11.29887],[125.05501,11.30029],[125.05479,11.30089],[125.05442,11.30163],[125.05408,11.30234],[125.05369,11.30289],[125.05228,11.30478],[125.05144,11.30599],[125.05104,11.3065],[125.04855,11.30986],[125.04753,11.31122],[125.04678,11.31221],[125.04615,11.31303],[125.04545,11.31398],[125.04482,11.31483],[125.0441,11.31573],[125.04334,11.31678],[125.04286,11.31746],[125.04236,11.31814],[125.04173,11.31894],[125.04133,11.31948],[125.04086,11.32005],[125.04044,11.3206],[125.03982,11.32139],[125.0394,11.32196],[125.03898,11.32253],[125.03902,11.32257],[125.03924,11.3223],[125.03976,11.32159],[125.04061,11.32055],[125.04125,11.31972],[125.04176,11.31901],[125.04253,11.31801],[125.04331,11.31693],[125.04373,11.31641],[125.04415,11.3158],[125.04462,11.3152],[125.04512,11.31451],[125.0458,11.31364],[125.0465,11.31269],[125.04706,11.31196],[125.0478,11.311],[125.04809,11.31059],[125.04843,11.31015],[125.04877,11.3097],[125.0491,11.30925],[125.04945,11.30877],[125.04974,11.30837],[125.05005,11.30798],[125.05035,11.3076],[125.05056,11.30729],[125.05082,11.30693],[125.05104,11.30664],[125.05127,11.30633],[125.05147,11.30607],[125.05173,11.3057],[125.05205,11.30526],[125.05226,11.30496],[125.05276,11.30433],[125.05319,11.30374],[125.05384,11.30285],[125.05425,11.30224],[125.05456,11.30164],[125.05472,11.30129],[125.05485,11.30094],[125.05504,11.30047],[125.05519,11.29995],[125.05542,11.29915],[125.05553,11.29873],[125.05565,11.2983],[125.05579,11.29787],[125.05609,11.29687],[125.05641,11.29576],[125.05689,11.29438],[125.05707,11.29378],[125.05711,11.29333],[125.05684,11.29418]]]}},{"type":"Feature","properties":{"class":"municipal","barangay":"Roxas"},"geometry":{"type":"Polygon","coordinates":[[[125.04266,11.31753],[125.04202,11.31733],[125.04163,11.31722],[125.04154,11.31719],[125.04145,11.31719],[125.04121,11.3172],[125.04077,11.31725],[125.04049,11.31729],[125.04019,11.31733],[125.04011,11.31733],[125.03954,11.31733],[125.03931,11.31732],[125.03919,11.31731],[125.03911,11.3173],[125.03903,11.31728],[125.03895,11.31724],[125.03882,11.31712],[125.03869,11.31702],[125.03853,11.31688],[125.03827,11.31667],[125.03812,11.31657],[125.03803,11.31648],[125.03795,11.31638],[125.03788,11.31629],[125.03775,11.31606],[125.03764,11.31585],[125.03752,11.31565],[125.03743,11.31551],[125.03736,11.31543],[125.03701,11.31513],[125.0368,11.31496],[125.03662,11.3148],[125.03643,11.31458],[125.03609,11.31419],[125.03579,11.3138],[125.03562,11.31358],[125.03558,11.31354],[125.03549,11.31352],[125.0354,11.31351],[125.03531,11.31352],[125.03521,11.31354],[125.03503,11.31362],[125.03479,11.31372],[125.0347,11.31376],[125.03462,11.31378],[125.03457,11.31379],[125.03456,11.31381],[125.0346,11.31381],[125.03465,11.3138],[125.0347,11.31379],[125.03481,11.31375],[125.03492,11.3137],[125.03509,11.31363],[125.03523,11.31357],[125.03539,11.31355],[125.03553,11.31356],[125.03559,11.3136],[125.03572,11.31376],[125.03604,11.3142],[125.03626,11.31446],[125.03658,11.31482],[125.03676,11.31499],[125.03693,11.31512],[125.03705,11.31522],[125.03732,11.31546],[125.03745,11.31564],[125.03759,11.31587],[125.03771,11.31612],[125.03782,11.31629],[125.03798,11.31651],[125.03803,11.31656],[125.03835,11.31679],[125.03856,11.31696],[125.03876,11.31714],[125.03895,11.3173],[125.03905,11.31734],[125.0392,11.31736],[125.03941,11.31738],[125.03963,11.31738],[125.03998,11.31739],[125.04015,11.31738],[125.04058,11.31733],[125.04113,11.31727],[125.04133,11.31725],[125.04152,11.31725],[125.04162,11.31728],[125.04201,11.31739],[125.04274,11.31762],[125.04277,11.31757],[125.04266,11.31753]]]}},{"type":"Feature","properties":{"class":"municipal","barangay":"Roxas"},"geometry":{"type":"Polygon","coordinates":[[[125.05705,11.29339],[125.05696,11.29336],[125.05683,11.29335],[125.05666,11.29334],[125.05654,11.29331],[125.05648,11.29327],[125.0564,11.29321],[125.05632,11.29315],[125.05612,11.29306],[125.05598,11.29298],[125.05581,11.2929],[125.05572,11.29286],[125.05564,11.29285],[125.05558,11.29287],[125.05551,11.2929],[125.05545,11.29293],[125.05539,11.29296],[125.05533,11.29299],[125.05522,11.29304],[125.05518,11.29305],[125.05509,11.29307],[125.05502,11.29309],[125.05495,11.2931],[125.05489,11.29311],[125.0548,11.29311],[125.05471,11.29311],[125.05465,11.29311],[125.05456,11.29311],[125.05441,11.29312],[125.05432,11.29313],[125.05427,11.29313],[125.05423,11.29314],[125.05412,11.29316],[125.05403,11.29316],[125.05399,11.29316],[125.05393,11.29314],[125.05386,11.29311],[125.05375,11.29308],[125.05367,11.29306],[125.05363,11.29305],[125.05358,11.29305],[125.05353,11.29305],[125.05349,11.29306],[125.05344,11.29309],[125.05342,11.29311],[125.05338,11.29315],[125.05334,11.2932],[125.05337,11.29322],[125.05342,11.29316],[125.05345,11.29313],[125.05348,11.29311],[125.05351,11.29309],[125.05354,11.29308],[125.05357,11.29308],[125.0536,11.29308],[125.05365,11.29309],[125.05371,11.2931],[125.05384,11.29315],[125.05393,11.29318],[125.05399,11.29319],[125.05404,11.2932],[125.05409,11.2932],[125.05416,11.29319],[125.05426,11.29317],[125.05439,11.29316],[125.05456,11.29315],[125.05477,11.29315],[125.05493,11.29314],[125.05503,11.29312],[125.05513,11.29309],[125.05522,11.29307],[125.05533,11.29304],[125.05548,11.29297],[125.05554,11.29293],[125.05561,11.29291],[125.05565,11.2929],[125.0557,11.29291],[125.05573,11.29291],[125.05578,11.29292],[125.05582,11.29295],[125.05598,11.29304],[125.05604,11.29307],[125.0561,11.2931],[125.05618,11.29314],[125.05623,11.29316],[125.05628,11.29318],[125.05635,11.29323],[125.05642,11.29329],[125.05646,11.29332],[125.05651,11.29334],[125.05658,11.29337],[125.05666,11.29338],[125.05675,11.29339],[125.0569,11.2934],[125.05698,11.29341],[125.05708,11.29343],[125.05709,11.2934],[125.05705,11.29339]]]}},{"type":"Feature","properties":{"class":"barangay","barangay":"Roxas"},"geometry":{"type":"Polygon","coordinates":[[[125.04851,11.30929],[125.04836,11.30915],[125.04828,11.30906],[125.04808,11.30871],[125.04781,11.30821],[125.04764,11.30785],[125.04748,11.30749],[125.04718,11.30676],[125.04711,11.30679],[125.04732,11.30729],[125.04753,11.3078],[125.04769,11.30813],[125.04795,11.30864],[125.04821,11.30909],[125.04846,11.30936],[125.04876,11.30957],[125.04881,11.30951],[125.04851,11.30929]]]}},{"type":"Feature","properties":{"class":"barangay","barangay":"Roxas"},"geometry":{"type":"Polygon","coordinates":[[[125.04766,11.30946],[125.04769,11.3095],[125.04822,11.3091],[125.04821,11.30909],[125.04819,11.30906],[125.04766,11.30946]]]}},{"type":"Feature","properties":{"class":"barangay","barangay":"Roxas"},"geometry":{"type":"Polygon","coordinates":[[[125.04614,11.30727],[125.04634,11.30777],[125.04639,11.30785],[125.04643,11.30783],[125.04638,11.30775],[125.04619,11.3073],[125.04713,11.30685],[125.04711,11.30679],[125.04711,11.30679],[125.04711,11.30679],[125.04614,11.30727]]]}},{"type":"Feature","properties":{"class":"barangay","barangay":"Roxas"},"geometry":{"type":"Polygon","coordinates":[[[125.04606,11.30793],[125.04608,11.30797],[125.04634,11.30777],[125.04633,11.30774],[125.04606,11.30793]]]}},{"type":"Feature","properties":{"class":"barangay","barangay":"Roxas"},"geometry":{"type":"Polygon","coordinates":[[[125.04656,11.30771],[125.04664,11.30787],[125.0474,11.309],[125.04773,11.30941],[125.04777,11.30938],[125.04744,11.30897],[125.04669,11.30784],[125.0466,11.30769],[125.04641,11.30719],[125.04637,11.30721],[125.04656,11.30771]]]}},{"type":"Feature","properties":{"class":"barangay","barangay":"Roxas"},"geometry":{"type":"Polygon","coordinates":[[[125.04735,11.30736],[125.04733,11.30731],[125.04659,11.30765],[125.0466,11.30769],[125.04661,11.30771],[125.04735,11.30736]]]}},{"type":"Feature","properties":{"class":"barangay","barangay":"Roxas"},"geometry":{"type":"Polygon","coordinates":[[[125.04813,11.30836],[125.04824,11.30728],[125.04828,11.30696],[125.04802,11.30631],[125.04797,11.30634],[125.04822,11.30696],[125.04807,11.30835],[125.04793,11.30843],[125.04795,11.30847],[125.04813,11.30836]]]}},{"type":"Feature","properties":{"class":"barangay","barangay":"Roxas"},"geometry":{"type":"Polygon","coordinates":[[[125.04821,11.30692],[125.04819,11.30687],[125.04739,11.30728],[125.04742,11.30733],[125.04821,11.30692]]]}},{"type":"Feature","properties":{"class":"barangay","barangay":"Roxas"},"geometry":{"type":"Polygon","coordinates":[[[125.04789,11.30853],[125.04786,11.30848],[125.0473,11.30876],[125.04734,11.30881],[125.04789,11.30853]]]}},{"type":"Feature","properties":{"class":"barangay","barangay":"Roxas"},"geometry":{"type":"Polygon","coordinates":[[[125.04753,11.30692],[125.04748,11.30694],[125.04757,11.30719],[125.04762,11.30716],[125.04753,11.30692]]]}},{"type":"Feature","properties":{"class":"barangay","barangay":"Roxas"},"geometry":{"type":"Polygon","coordinates":[[[125.04789,11.30785],[125.04774,11.30752],[125.04764,11.30722],[125.0476,11.30724],[125.0477,11.30753],[125.04785,11.30786],[125.04808,11.30827],[125.04808,11.30821],[125.04789,11.30785]]]}},{"type":"Feature","properties":{"class":"barangay","barangay":"Roxas"},"geometry":{"type":"Polygon","coordinates":[[[125.04814,11.30767],[125.04815,11.30763],[125.04814,11.30763],[125.04785,11.30776],[125.04787,11.3078],[125.04814,11.30767]]]}},{"type":"Feature","properties":{"class":"barangay","barangay":"Roxas"},"geometry":{"type":"Polygon","coordinates":[[[125.04783,11.30782],[125.04781,11.30778],[125.04765,11.30787],[125.04767,11.3079],[125.04783,11.30782]]]}},{"type":"Feature","properties":{"class":"barangay","barangay":"Roxas"},"geometry":{"type":"Polygon","coordinates":[[[125.0476,11.30794],[125.04758,11.3079],[125.04694,11.30822],[125.04697,11.30825],[125.0476,11.30794]]]}},{"type":"Feature","properties":{"class":"barangay","barangay":"Roxas"},"geometry":{"type":"Polygon","coordinates":[[[125.04741,11.30803],[125.04738,11.30805],[125.04765,11.30858],[125.04769,11.30856],[125.04741,11.30803]]]}},{"type":"Feature","properties":{"class":"barangay","barangay":"Roxas"},"geometry":{"type":"Polygon","coordinates":[[[125.04757,11.30844],[125.04756,11.3084],[125.04756,11.3084],[125.04719,11.30858],[125.04721,11.30862],[125.04757,11.30844]]]}},{"type":"Feature","properties":{"class":"barangay","barangay":"Roxas"},"geometry":{"type":"Polygon","coordinates":[[[125.04748,11.30825],[125.04746,11.30822],[125.04707,11.30841],[125.04709,11.30844],[125.04748,11.30825]]]}},{"type":"Feature","properties":{"class":"barangay","barangay":"Roxas"},"geometry":{"type":"Polygon","coordinates":[[[125.04736,11.30801],[125.0474,11.30799],[125.04716,11.30745],[125.04711,11.30747],[125.04736,11.30801]]]}},{"type":"Feature","properties":{"class":"barangay","barangay":"Roxas"},"geometry":{"type":"Polygon","coordinates":[[[125.04728,11.30785],[125.04727,11.30781],[125.04682,11.30803],[125.04684,11.30806],[125.04728,11.30785]]]}},{"type":"Feature","properties":{"class":"barangay","barangay":"Roxas"},"geometry":{"type":"Polygon","coordinates":[[[125.0472,11.30766],[125.04718,11.30763],[125.0467,11.30786],[125.04672,11.30789],[125.0472,11.30766]]]}},{"type":"Feature","properties":{"class":"barangay","barangay":"Roxas"},"geometry":{"type":"Polygon","coordinates":[[[125.04709,11.30742],[125.04713,11.3074],[125.04696,11.30693],[125.04691,11.30696],[125.04709,11.30742]]]}},{"type":"Feature","properties":{"class":"barangay","barangay":"Roxas"},"geometry":{"type":"Polygon","coordinates":[[[125.04703,11.30726],[125.04702,11.30723],[125.04652,11.30747],[125.04653,11.3075],[125.04703,11.30726]]]}},{"type":"Feature","properties":{"class":"barangay","barangay":"Roxas"},"geometry":{"type":"Polygon","coordinates":[[[125.04696,11.30707],[125.04694,11.30704],[125.04645,11.30728],[125.04646,11.30731],[125.04696,11.30707]]]}},{"type":"Feature","properties":{"class":"barangay","barangay":"Roxas"},"geometry":{"type":"Polygon","coordinates":[[[125.04813,11.30672],[125.04811,11.30668],[125.04755,11.30698],[125.04756,11.30701],[125.04813,11.30672]]]}},{"type":"Feature","properties":{"class":"barangay","barangay":"Roxas"},"geometry":{"type":"Polygon","coordinates":[[[125.0482,11.30717],[125.0482,11.30713],[125.04769,11.30738],[125.04771,11.30741],[125.0482,11.30717]]]}},{"type":"Feature","properties":{"class":"barangay","barangay":"Roxas"},"geometry":{"type":"Polygon","coordinates":[[[125.04817,11.30741],[125.04818,11.30737],[125.04776,11.30757],[125.04778,11.3076],[125.04817,11.30741]]]}},{"type":"Feature","properties":{"class":"barangay","barangay":"Roxas"},"geometry":{"type":"Polygon","coordinates":[[[125.04836,11.30851],[125.04838,11.30851],[125.04885,11.30774],[125.04963,11.30643],[125.04958,11.3064],[125.04895,11.30745],[125.04853,11.30817],[125.04836,11.30846],[125.04813,11.30835],[125.04813,11.30836],[125.04809,11.30838],[125.04836,11.30851]]]}},{"type":"Feature","properties":{"class":"barangay","barangay":"Roxas"},"geometry":{"type":"Polygon","coordinates":[[[125.04872,11.30832],[125.04874,11.30829],[125.04857,11.30819],[125.04855,11.30823],[125.04872,11.30832]]]}},{"type":"Feature","properties":{"class":"barangay","barangay":"Roxas"},"geometry":{"type":"Polygon","coordinates":[[[125.04887,11.30816],[125.0489,11.30813],[125.04869,11.308],[125.04867,11.30804],[125.04887,11.30816]]]}},{"type":"Feature","properties":{"class":"barangay","barangay":"Roxas"},"geometry":{"type":"Polygon","coordinates":[[[125.04901,11.308],[125.04903,11.30796],[125.04881,11.30782],[125.04878,11.30786],[125.04901,11.308]]]}},{"type":"Feature","properties":{"class":"barangay","barangay":"Roxas"},"geometry":{"type":"Polygon","coordinates":[[[125.04916,11.30782],[125.04918,11.30778],[125.04892,11.30763],[125.0489,11.30767],[125.04916,11.30782]]]}},{"type":"Feature","properties":{"class":"barangay","barangay":"Roxas"},"geometry":{"type":"Polygon","coordinates":[[[125.04928,11.30763],[125.0493,11.30759],[125.04903,11.30744],[125.04901,11.30747],[125.04928,11.30763]]]}},{"type":"Feature","properties":{"class":"barangay","barangay":"Roxas"},"geometry":{"type":"Polygon","coordinates":[[[125.04939,11.30745],[125.04941,11.30741],[125.04914,11.30726],[125.04912,11.30729],[125.04939,11.30745]]]}},{"type":"Feature","properties":{"class":"barangay","barangay":"Roxas"},"geometry":{"type":"Polygon","coordinates":[[[125.04943,11.30722],[125.04945,11.30718],[125.04926,11.30706],[125.04923,11.3071],[125.04943,11.30722]]]}},{"type":"Feature","properties":{"class":"barangay","barangay":"Roxas"},"geometry":{"type":"Polygon","coordinates":[[[125.04952,11.307],[125.04954,11.30696],[125.04937,11.30687],[125.04935,11.3069],[125.04952,11.307]]]}},{"type":"Feature","properties":{"class":"barangay","barangay":"Roxas"},"geometry":{"type":"Polygon","coordinates":[[[125.04962,11.30681],[125.04965,11.30678],[125.04948,11.30669],[125.04946,11.30672],[125.04962,11.30681]]]}},{"type":"Feature","properties":{"class":"municipal","barangay":"Guintigui-an"},"geometry":{"type":"Polygon","coordinates":[[[125.03441,11.31377],[125.03423,11.31376],[125.03409,11.31376],[125.03392,11.31377],[125.03363,11.31378],[125.03344,11.31378],[125.03326,11.31375],[125.03315,11.31372],[125.03303,11.31368],[125.03292,11.31362],[125.03284,11.31357],[125.03276,11.31347],[125.0327,11.3134],[125.03265,11.31332],[125.03261,11.31323],[125.03256,11.3131],[125.03254,11.31302],[125.03252,11.31294],[125.03252,11.31286],[125.03253,11.3127],[125.03255,11.31239],[125.03257,11.31228],[125.03257,11.31215],[125.03257,11.31206],[125.03258,11.31198],[125.03263,11.3118],[125.03266,11.31169],[125.03271,11.31157],[125.03276,11.31144],[125.03279,11.31134],[125.03281,11.31127],[125.0328,11.31118],[125.03277,11.3111],[125.03274,11.31105],[125.0327,11.31101],[125.03264,11.31098],[125.03256,11.31095],[125.03247,11.31094],[125.03237,11.31094],[125.03226,11.31095],[125.03217,11.31096],[125.03207,11.31095],[125.03201,11.31095],[125.03194,11.31097],[125.03186,11.31102],[125.03177,11.31111],[125.0317,11.31117],[125.03167,11.31119],[125.03164,11.31122],[125.03162,11.31126],[125.03161,11.31129],[125.0316,11.31133],[125.03158,11.31137],[125.03157,11.31142],[125.03155,11.31146],[125.03152,11.3115],[125.03147,11.31156],[125.03136,11.31167],[125.03129,11.31174],[125.03123,11.3118],[125.03116,11.31184],[125.03106,11.31191],[125.03095,11.31198],[125.03081,11.31204],[125.03075,11.31208],[125.03069,11.31213],[125.03065,11.31216],[125.03062,11.31219],[125.0306,11.31221],[125.03057,11.31227],[125.03052,11.31234],[125.03045,11.31245],[125.03038,11.31257],[125.03035,11.31261],[125.03034,11.31263],[125.03033,11.31269],[125.03031,11.31271],[125.03027,11.31276],[125.0302,11.31285],[125.03017,11.31288],[125.03009,11.31295],[125.03006,11.31298],[125.03003,11.31299],[125.02999,11.31299],[125.02995,11.31298],[125.02994,11.31298],[125.02991,11.31298],[125.02989,11.31299],[125.02987,11.31299],[125.02982,11.31298],[125.02973,11.31296],[125.02969,11.31296],[125.02967,11.31294],[125.02965,11.31293],[125.02963,11.31293],[125.02958,11.31295],[125.02953,11.31297],[125.02954,11.31298],[125.02959,11.31296],[125.02963,11.31295],[125.02965,11.31295],[125.02968,11.31297],[125.02972,11.31298],[125.0298,11.31299],[125.02986,11.313],[125.02988,11.313],[125.0299,11.313],[125.02993,11.31299],[125.02996,11.313],[125.03,11.313],[125.03004,11.313],[125.03006,11.31299],[125.03011,11.31295],[125.03014,11.31292],[125.0302,11.31287],[125.03026,11.3128],[125.03029,11.31276],[125.03033,11.31271],[125.03036,11.31264],[125.03039,11.31258],[125.03051,11.31238],[125.03061,11.31224],[125.03064,11.31219],[125.03069,11.31215],[125.03078,11.31208],[125.031,11.31196],[125.03123,11.31182],[125.03142,11.31165],[125.03152,11.31153],[125.03156,11.31147],[125.03161,11.31138],[125.03164,11.31129],[125.03168,11.31121],[125.03171,11.31118],[125.03181,11.31109],[125.03191,11.31102],[125.03197,11.31099],[125.03203,11.31098],[125.03215,11.31098],[125.03233,11.31098],[125.03244,11.31098],[125.03252,11.31098],[125.0326,11.311],[125.03268,11.31105],[125.03272,11.31109],[125.03275,11.31115],[125.03277,11.3112],[125.03277,11.31125],[125.03276,11.31131],[125.03273,11.3114],[125.03267,11.31155],[125.03261,11.31172],[125.03257,11.31184],[125.03254,11.31197],[125.03253,11.31206],[125.03253,11.31219],[125.03252,11.31235],[125.03251,11.3125],[125.03248,11.31275],[125.03248,11.31287],[125.03248,11.31295],[125.03249,11.31303],[125.03253,11.31313],[125.03256,11.31323],[125.03261,11.31333],[125.03266,11.31341],[125.03274,11.31352],[125.03283,11.31362],[125.03295,11.31369],[125.03317,11.31376],[125.0333,11.31379],[125.03343,11.31381],[125.03353,11.31381],[125.0337,11.31381],[125.0338,11.31381],[125.03397,11.31379],[125.0341,11.3138],[125.03429,11.3138],[125.0344,11.3138],[125.03456,11.31381],[125.03457,11.31379],[125.03441,11.31377]]]}},{"type":"Feature","properties":{"class":"barangay","barangay":"Guintigui-an"},"geometry":{"type":"Polygon","coordinates":[[[125.03205,11.31092],[125.03212,11.31084],[125.03216,11.31079],[125.03222,11.31072],[125.03225,11.31066],[125.03229,11.31057],[125.03237,11.31042],[125.03243,11.31032],[125.0325,11.31023],[125.03254,11.31017],[125.0326,11.31011],[125.03266,11.31005],[125.03272,11.31],[125.03278,11.30995],[125.03288,11.30991],[125.03299,11.30984],[125.03305,11.30981],[125.0331,11.30979],[125.03314,11.30978],[125.03318,11.30978],[125.03325,11.30978],[125.03332,11.30976],[125.03339,11.30975],[125.03349,11.30971],[125.03361,11.30968],[125.03373,11.30963],[125.03381,11.3096],[125.03389,11.30957],[125.03395,11.30955],[125.03399,11.30955],[125.03403,11.30955],[125.03408,11.30957],[125.03413,11.30959],[125.03417,11.30962],[125.03421,11.30968],[125.03423,11.30972],[125.03423,11.30975],[125.03424,11.30978],[125.03423,11.30982],[125.03422,11.30988],[125.03421,11.30992],[125.03421,11.30996],[125.03422,11.31],[125.03424,11.31007],[125.03425,11.31011],[125.03427,11.31014],[125.03429,11.31017],[125.03433,11.31019],[125.03436,11.31021],[125.03438,11.31023],[125.03446,11.31037],[125.0345,11.31041],[125.03458,11.31044],[125.0347,11.31045],[125.03482,11.31041],[125.03489,11.31038],[125.03501,11.3103],[125.03511,11.31024],[125.03522,11.31017],[125.0353,11.31011],[125.03545,11.31],[125.03562,11.3099],[125.03571,11.30986],[125.03578,11.30984],[125.03589,11.30981],[125.03596,11.30981],[125.03604,11.30981],[125.03612,11.30982],[125.03622,11.30984],[125.03635,11.30987],[125.0364,11.30988],[125.03646,11.30988],[125.03655,11.30987],[125.03663,11.30983],[125.03673,11.30978],[125.03684,11.3097],[125.03694,11.30963],[125.03702,11.30955],[125.0371,11.30948],[125.03724,11.30933],[125.0373,11.30928],[125.03735,11.30927],[125.03741,11.30927],[125.0375,11.30928],[125.03775,11.30929],[125.03781,11.30931],[125.03789,11.30935],[125.03797,11.30939],[125.03803,11.3094],[125.03811,11.30941],[125.03817,11.30941],[125.03828,11.30939],[125.03835,11.30936],[125.03841,11.30932],[125.03849,11.30924],[125.03859,11.30911],[125.0387,11.30898],[125.03877,11.30891],[125.03883,11.30888],[125.03889,11.30886],[125.03896,11.30883],[125.03903,11.30882],[125.03908,11.30881],[125.03914,11.30881],[125.03919,11.30882],[125.03924,11.30885],[125.03927,11.30888],[125.03931,11.30892],[125.0394,11.30898],[125.03946,11.30899],[125.03951,11.309],[125.03959,11.309],[125.03969,11.30897],[125.03976,11.30895],[125.03985,11.30891],[125.03998,11.3088],[125.04015,11.30869],[125.04028,11.3086],[125.04026,11.30857],[125.04023,11.3086],[125.04012,11.30867],[125.03996,11.30878],[125.03985,11.30886],[125.03976,11.30892],[125.03971,11.30894],[125.03962,11.30896],[125.03955,11.30897],[125.03948,11.30896],[125.03941,11.30893],[125.03934,11.30889],[125.0393,11.30884],[125.03925,11.3088],[125.03914,11.30877],[125.03905,11.30877],[125.03891,11.30881],[125.03883,11.30884],[125.0387,11.30892],[125.03862,11.30901],[125.03853,11.30911],[125.03846,11.30921],[125.03842,11.30925],[125.03834,11.30933],[125.03828,11.30935],[125.03819,11.30938],[125.03814,11.30938],[125.03805,11.30937],[125.03795,11.30934],[125.03788,11.3093],[125.03783,11.30928],[125.03777,11.30926],[125.03756,11.30925],[125.03739,11.30923],[125.0373,11.30924],[125.03726,11.30926],[125.03713,11.30939],[125.03695,11.30956],[125.03667,11.30976],[125.03654,11.30983],[125.03647,11.30985],[125.03641,11.30984],[125.03629,11.30981],[125.03613,11.30978],[125.03596,11.30977],[125.03582,11.30979],[125.03569,11.30982],[125.03556,11.30987],[125.03542,11.30997],[125.03523,11.31011],[125.03508,11.31021],[125.03488,11.31034],[125.03478,11.31039],[125.03469,11.31041],[125.03462,11.31042],[125.03457,11.3104],[125.03452,11.31038],[125.03447,11.31032],[125.03442,11.31025],[125.03438,11.31018],[125.03432,11.31014],[125.03429,11.31012],[125.03427,11.31008],[125.03425,11.31],[125.03424,11.30992],[125.03426,11.30979],[125.03426,11.30973],[125.03424,11.30969],[125.03419,11.3096],[125.03412,11.30955],[125.03404,11.30952],[125.03399,11.30951],[125.03387,11.30954],[125.03374,11.3096],[125.03356,11.30966],[125.03338,11.30973],[125.03325,11.30975],[125.0331,11.30976],[125.03288,11.30987],[125.03269,11.30999],[125.03251,11.31016],[125.03241,11.3103],[125.0323,11.31048],[125.03221,11.31065],[125.03208,11.31082],[125.03194,11.31097],[125.03201,11.31095],[125.03202,11.31095],[125.03205,11.31092]]]}},{"type":"Feature","properties":{"class":"barangay","barangay":"Guintigui-an"},"geometry":{"type":"Polygon","coordinates":[[[125.03159,11.311],[125.03149,11.31084],[125.03137,11.31065],[125.03129,11.31053],[125.0312,11.31044],[125.03113,11.31033],[125.03102,11.31016],[125.03098,11.31011],[125.03091,11.31006],[125.03087,11.31004],[125.03086,11.31006],[125.03088,11.31007],[125.03098,11.31014],[125.03114,11.31039],[125.03118,11.31045],[125.03128,11.31056],[125.03168,11.31118],[125.03169,11.31117],[125.03159,11.311]]]}},{"type":"Feature","properties":{"class":"municipal","barangay":"Can-abay"},"geometry":{"type":"Polygon","coordinates":[[[125.01164,11.30151],[125.01178,11.30167],[125.01203,11.30193],[125.01218,11.30207],[125.01246,11.30226],[125.01275,11.30246],[125.01308,11.30271],[125.0132,11.30278],[125.01329,11.30283],[125.01379,11.30301],[125.01395,11.30309],[125.01404,11.30315],[125.01408,11.30321],[125.01421,11.30345],[125.01434,11.30376],[125.01439,11.30389],[125.01442,11.30394],[125.01447,11.30398],[125.01483,11.30422],[125.01495,11.3043],[125.01501,11.30437],[125.01509,11.30448],[125.01513,11.30457],[125.01519,11.30486],[125.01521,11.30509],[125.01523,11.30526],[125.01527,11.3054],[125.01527,11.30511],[125.01524,11.30487],[125.01522,11.30474],[125.0152,11.3046],[125.01516,11.30449],[125.01511,11.3044],[125.01506,11.30434],[125.01499,11.30426],[125.01488,11.30419],[125.01471,11.30407],[125.01456,11.30397],[125.01451,11.30393],[125.01444,11.30386],[125.01441,11.30381],[125.01436,11.30366],[125.01429,11.3035],[125.01424,11.30338],[125.01417,11.30324],[125.01411,11.30314],[125.01405,11.30309],[125.01393,11.30301],[125.01376,11.30294],[125.01349,11.30284],[125.01333,11.30278],[125.01324,11.30275],[125.0132,11.30273],[125.01316,11.30271],[125.013,11.30259],[125.01276,11.30242],[125.01247,11.3022],[125.01227,11.30207],[125.0122,11.30202],[125.01203,11.30186],[125.01189,11.30172],[125.0118,11.3016],[125.01171,11.30149],[125.01164,11.30139],[125.0116,11.30132],[125.01156,11.30134],[125.01164,11.30151]]]}},{"type":"Feature","properties":{"class":"municipal","barangay":"May-it"},"geometry":{"type":"Polygon","coordinates":[[[125.01523,11.30538],[125.01523,11.30558],[125.01524,11.30578],[125.01529,11.30614],[125.01532,11.3065],[125.01535,11.30693],[125.01535,11.30719],[125.01535,11.30721],[125.01531,11.30741],[125.01524,11.30783],[125.0152,11.3081],[125.01517,11.30826],[125.01515,11.30837],[125.01516,11.30846],[125.01519,11.30855],[125.01524,11.30869],[125.01531,11.30881],[125.01533,11.30893],[125.01536,11.30909],[125.01538,11.30919],[125.01542,11.30927],[125.01549,11.30936],[125.01558,11.30944],[125.01563,11.30947],[125.01573,11.30951],[125.01583,11.30955],[125.01589,11.30959],[125.01598,11.30968],[125.01609,11.30987],[125.01611,11.30992],[125.01611,11.30997],[125.01611,11.31009],[125.01609,11.31025],[125.01606,11.31049],[125.01604,11.31064],[125.01604,11.31074],[125.01607,11.3109],[125.01608,11.31096],[125.01613,11.31111],[125.01618,11.31135],[125.01623,11.31151],[125.01625,11.31155],[125.01627,11.31159],[125.0163,11.31163],[125.01636,11.31169],[125.01644,11.31176],[125.0165,11.31182],[125.01657,11.31189],[125.0166,11.31194],[125.01663,11.31197],[125.01669,11.312],[125.0168,11.31205],[125.01687,11.31208],[125.01699,11.3121],[125.01709,11.31211],[125.0172,11.31209],[125.01724,11.31208],[125.01735,11.31202],[125.01744,11.31199],[125.01756,11.31197],[125.01774,11.31193],[125.01785,11.31191],[125.01794,11.31188],[125.01802,11.31183],[125.01815,11.31178],[125.01817,11.31176],[125.01819,11.31172],[125.01821,11.31168],[125.01823,11.31153],[125.01828,11.31148],[125.01831,11.31145],[125.01841,11.31137],[125.01839,11.31135],[125.0183,11.31142],[125.01825,11.31147],[125.01822,11.3115],[125.0182,11.31152],[125.0182,11.31155],[125.01818,11.31168],[125.01817,11.31171],[125.01815,11.31174],[125.01813,11.31176],[125.01809,11.31177],[125.01806,11.31179],[125.018,11.31181],[125.01794,11.31184],[125.01788,11.31186],[125.01779,11.31189],[125.01758,11.31194],[125.01743,11.31197],[125.01734,11.31199],[125.01721,11.31206],[125.01713,11.31207],[125.01706,11.31208],[125.017,11.31208],[125.01691,11.31206],[125.01682,11.31204],[125.01672,11.312],[125.01665,11.31195],[125.01658,11.31187],[125.01648,11.31176],[125.01638,11.31166],[125.01633,11.3116],[125.01628,11.31152],[125.01623,11.31138],[125.01618,11.31115],[125.01612,11.31095],[125.01608,11.31076],[125.01609,11.31056],[125.01614,11.3101],[125.01615,11.30995],[125.01614,11.30987],[125.01609,11.30977],[125.01603,11.30968],[125.01595,11.30958],[125.01586,11.30951],[125.01575,11.30946],[125.01567,11.30944],[125.01557,11.30936],[125.01546,11.30923],[125.01542,11.30915],[125.01541,11.30906],[125.01539,11.30893],[125.01537,11.30885],[125.01529,11.30866],[125.01522,11.30846],[125.0152,11.30839],[125.0152,11.30835],[125.01526,11.30797],[125.01537,11.30735],[125.01539,11.3072],[125.01539,11.30693],[125.01539,11.30683],[125.01537,11.30656],[125.01534,11.30623],[125.01532,11.30604],[125.01527,11.30571],[125.01527,11.3054],[125.01527,11.3054],[125.01523,11.30526],[125.01523,11.30538]]]}},{"type":"Feature","properties":{"class":"barangay","barangay":"May-it"},"geometry":{"type":"Polygon","coordinates":[[[125.01535,11.30861],[125.01538,11.30855],[125.01541,11.30847],[125.01544,11.30836],[125.01546,11.30824],[125.01549,11.30811],[125.01551,11.30799],[125.01552,11.3079],[125.01559,11.30764],[125.0156,11.30757],[125.01557,11.30756],[125.01556,11.30763],[125.01549,11.3079],[125.01545,11.30813],[125.01542,11.30831],[125.01539,11.30841],[125.01537,11.30848],[125.01532,11.30859],[125.01529,11.30864],[125.01529,11.30866],[125.0153,11.30868],[125.01535,11.30861]]]}},{"type":"Feature","properties":{"class":"barangay","barangay":"May-it"},"geometry":{"type":"Polygon","coordinates":[[[125.0156,11.30816],[125.0157,11.30817],[125.01578,11.30818],[125.01583,11.30819],[125.01586,11.30819],[125.01587,11.30819],[125.01588,11.30817],[125.01589,11.30815],[125.01589,11.30808],[125.01592,11.30775],[125.01594,11.30762],[125.01595,11.30755],[125.01596,11.3075],[125.01598,11.30748],[125.01603,11.30744],[125.01612,11.30739],[125.01619,11.30736],[125.01624,11.30734],[125.0163,11.30733],[125.01636,11.30734],[125.01639,11.30735],[125.0164,11.30735],[125.01641,11.30733],[125.01638,11.30731],[125.01634,11.30731],[125.01631,11.3073],[125.01626,11.3073],[125.01622,11.30731],[125.01617,11.30733],[125.01603,11.3074],[125.01594,11.30746],[125.01593,11.30749],[125.01592,11.30755],[125.0159,11.30766],[125.01588,11.30795],[125.01586,11.30812],[125.01586,11.30815],[125.01585,11.30816],[125.01581,11.30816],[125.01548,11.30811],[125.01548,11.30814],[125.0156,11.30816]]]}},{"type":"Feature","properties":{"class":"barangay","barangay":"May-it"},"geometry":{"type":"Polygon","coordinates":[[[125.01559,11.30754],[125.01534,11.30751],[125.01534,11.30753],[125.01556,11.30756],[125.01557,11.30756],[125.01557,11.30756],[125.0156,11.30757],[125.0156,11.30757],[125.01591,11.30759],[125.01592,11.30756],[125.01559,11.30754]]]}},{"type":"Feature","properties":{"class":"barangay","barangay":"May-it"},"geometry":{"type":"Polygon","coordinates":[[[125.01545,11.30813],[125.01545,11.30813],[125.01545,11.30811],[125.01525,11.30807],[125.01524,11.3081],[125.01545,11.30813]]]}},{"type":"Feature","properties":{"class":"barangay","barangay":"Tinaogan"},"geometry":{"type":"Polygon","coordinates":[[[125.00002,11.30327],[125.00004,11.30326],[124.99994,11.30319],[124.99979,11.30312],[124.99944,11.30302],[124.99935,11.30298],[124.99929,11.30295],[124.99926,11.30291],[124.99916,11.30264],[124.99912,11.30253],[124.99909,11.30244],[124.99909,11.30236],[124.99908,11.30232],[124.99909,11.30225],[124.9991,11.3022],[124.99912,11.30207],[124.99915,11.30192],[124.99912,11.30191],[124.99911,11.30194],[124.99909,11.30209],[124.99906,11.30224],[124.99905,11.30237],[124.99905,11.30243],[124.9991,11.30258],[124.99919,11.30282],[124.99923,11.30292],[124.99926,11.30297],[124.99933,11.30301],[124.99943,11.30305],[124.99977,11.30314],[124.99994,11.30322],[125.00002,11.30327]]]}},{"type":"Feature","properties":{"class":"barangay","barangay":"Tinaogan"},"geometry":{"type":"Polygon","coordinates":[[[124.99887,11.30216],[124.99882,11.30214],[124.99877,11.30211],[124.99875,11.30211],[124.99857,11.30208],[124.99847,11.30206],[124.99847,11.30209],[124.99855,11.3021],[124.99875,11.30213],[124.99879,11.30216],[124.99884,11.30218],[124.99906,11.30223],[124.99906,11.3022],[124.99887,11.30216]]]}},{"type":"Feature","properties":{"class":"barangay","barangay":"Can-abay"},"geometry":{"type":"Polygon","coordinates":[[[125.01725,11.29606],[125.017,11.29579],[125.01692,11.29565],[125.01687,11.29557],[125.01678,11.29547],[125.01672,11.29538],[125.0166,11.29529],[125.01654,11.29523],[125.01646,11.29515],[125.01639,11.29509],[125.01627,11.29499],[125.01624,11.29495],[125.01622,11.29497],[125.01627,11.29501],[125.01643,11.29516],[125.01658,11.29531],[125.0167,11.2954],[125.01684,11.29558],[125.01696,11.29578],[125.017,11.29584],[125.01722,11.29607],[125.01746,11.29627],[125.01747,11.29625],[125.01748,11.29624],[125.01725,11.29606]]]}},{"type":"Feature","properties":{"class":"barangay","barangay":"Can-abay"},"geometry":{"type":"Polygon","coordinates":[[[125.01683,11.29559],[125.01667,11.29548],[125.01661,11.29544],[125.01659,11.29544],[125.01656,11.29547],[125.01654,11.29547],[125.01649,11.29544],[125.01639,11.29539],[125.01638,11.29541],[125.01641,11.29543],[125.01654,11.2955],[125.01656,11.2955],[125.0166,11.29546],[125.01665,11.29549],[125.01681,11.2956],[125.01691,11.29569],[125.01688,11.29564],[125.01683,11.29559]]]}},{"type":"Feature","properties":{"class":"barangay","barangay":"Can-abay"},"geometry":{"type":"Polygon","coordinates":[[[125.01688,11.29598],[125.01689,11.29599],[125.01701,11.29585],[125.01701,11.29584],[125.01688,11.29598]]]}},{"type":"Feature","properties":{"class":"barangay","barangay":"Can-abay"},"geometry":{"type":"Polygon","coordinates":[[[125.01687,11.29568],[125.01685,11.29567],[125.01672,11.29586],[125.01673,11.29586],[125.01686,11.29569],[125.01688,11.2957],[125.01693,11.29572],[125.01692,11.2957],[125.01687,11.29568]]]}},{"type":"Feature","properties":{"class":"barangay","barangay":"Can-abay"},"geometry":{"type":"Polygon","coordinates":[[[125.01738,11.29579],[125.01738,11.29579],[125.01741,11.29578],[125.01746,11.29578],[125.01753,11.29581],[125.01758,11.29583],[125.01766,11.29589],[125.01767,11.29588],[125.0176,11.29583],[125.01754,11.2958],[125.01746,11.29577],[125.01741,11.29577],[125.01737,11.29578],[125.01737,11.29579],[125.01745,11.2959],[125.01754,11.29601],[125.01761,11.2961],[125.01762,11.29609],[125.01738,11.29579]]]}},{"type":"Feature","properties":{"class":"barangay","barangay":"Can-abay"},"geometry":{"type":"Polygon","coordinates":[[[125.01758,11.29584],[125.01758,11.29583],[125.01758,11.29583],[125.01749,11.29593],[125.01749,11.29594],[125.01758,11.29584]]]}},{"type":"Feature","properties":{"class":"barangay","barangay":"Can-abay"},"geometry":{"type":"Polygon","coordinates":[[[125.01737,11.29675],[125.01738,11.29677],[125.01742,11.29697],[125.01745,11.29696],[125.0174,11.29677],[125.01739,11.29675],[125.01729,11.29663],[125.01728,11.29665],[125.01737,11.29675]]]}},{"type":"Feature","properties":{"class":"barangay","barangay":"Can-abay"},"geometry":{"type":"Polygon","coordinates":[[[125.01744,11.29666],[125.01749,11.2966],[125.01748,11.2966],[125.01743,11.29666],[125.01736,11.29671],[125.01737,11.29673],[125.01744,11.29666]]]}},{"type":"Feature","properties":{"class":"barangay","barangay":"Can-abay"},"geometry":{"type":"Polygon","coordinates":[[[125.01761,11.29631],[125.01762,11.29633],[125.01763,11.29636],[125.01764,11.29638],[125.01765,11.2964],[125.01777,11.29652],[125.01782,11.29658],[125.01784,11.29657],[125.01782,11.29655],[125.01779,11.29651],[125.01776,11.29648],[125.01768,11.2964],[125.01765,11.29636],[125.01763,11.29631],[125.01759,11.29626],[125.01757,11.29628],[125.01761,11.29631]]]}},{"type":"Feature","properties":{"class":"barangay","barangay":"Can-abay"},"geometry":{"type":"Polygon","coordinates":[[[125.01671,11.29701],[125.01657,11.29692],[125.01655,11.29695],[125.01669,11.29703],[125.01681,11.29711],[125.01682,11.29709],[125.01671,11.29701]]]}},{"type":"Feature","properties":{"class":"national","barangay":"Dolongan"},"geometry":{"type":"Polygon","coordinates":[[[125.03817,11.3236],[125.03676,11.32548],[125.03607,11.32639],[125.03514,11.32766],[125.03423,11.32887],[125.03336,11.33004],[125.03249,11.3312],[125.03163,11.33235],[125.0307,11.33356],[125.0301,11.33437],[125.02954,11.33512],[125.02919,11.33559],[125.02896,11.33592],[125.02877,11.33626],[125.02868,11.33643],[125.02863,11.33663],[125.02859,11.33688],[125.02858,11.33704],[125.02858,11.33712],[125.02858,11.33732],[125.02863,11.33756],[125.02864,11.33738],[125.02864,11.33709],[125.0287,11.33671],[125.02874,11.33649],[125.02881,11.33636],[125.0289,11.33619],[125.029,11.33601],[125.02929,11.33558],[125.02977,11.33495],[125.03024,11.33432],[125.03073,11.33368],[125.03122,11.33302],[125.03176,11.33231],[125.03243,11.3314],[125.03327,11.33027],[125.03408,11.32919],[125.03505,11.3279],[125.03587,11.32678],[125.0367,11.3257],[125.03848,11.32329],[125.03902,11.32257],[125.03898,11.32253],[125.03817,11.3236]]]}},{"type":"Feature","properties":{"class":"municipal","barangay":"Dolongan"},"geometry":{"type":"Polygon","coordinates":[[[125.03332,11.33132],[125.03384,11.33186],[125.03439,11.33241],[125.03474,11.33275],[125.03499,11.33295],[125.03535,11.33323],[125.03592,11.3337],[125.0362,11.33395],[125.03641,11.33414],[125.03658,11.33434],[125.03663,11.33441],[125.03664,11.33444],[125.03664,11.33446],[125.03661,11.3345],[125.03656,11.33456],[125.03654,11.33462],[125.03654,11.33465],[125.03655,11.33471],[125.03657,11.33477],[125.03663,11.33482],[125.03732,11.33562],[125.03745,11.33572],[125.03765,11.33583],[125.03789,11.3359],[125.03806,11.33594],[125.03823,11.33595],[125.03841,11.33597],[125.03852,11.33601],[125.03859,11.33607],[125.03865,11.33619],[125.03879,11.33655],[125.03886,11.33675],[125.03893,11.33702],[125.03893,11.33711],[125.03891,11.33722],[125.03887,11.33733],[125.03886,11.33744],[125.03888,11.33752],[125.03894,11.33766],[125.03898,11.33772],[125.03905,11.33769],[125.03897,11.33759],[125.03893,11.33752],[125.03891,11.33745],[125.03891,11.33737],[125.03893,11.33728],[125.03896,11.33718],[125.03897,11.33712],[125.03897,11.33701],[125.03892,11.33683],[125.03884,11.33656],[125.03871,11.3362],[125.03865,11.3361],[125.03862,11.33603],[125.03857,11.33598],[125.03851,11.33594],[125.03843,11.33592],[125.0383,11.3359],[125.0381,11.33589],[125.03804,11.33588],[125.03795,11.33586],[125.03783,11.33583],[125.03772,11.33579],[125.0376,11.33574],[125.0375,11.33568],[125.0374,11.33562],[125.03734,11.33556],[125.03707,11.33527],[125.03692,11.3351],[125.03676,11.33492],[125.03663,11.33478],[125.0366,11.33475],[125.03658,11.3347],[125.03657,11.33468],[125.03657,11.33464],[125.03658,11.33461],[125.0366,11.33458],[125.03661,11.33456],[125.03664,11.33453],[125.03666,11.33451],[125.03667,11.33449],[125.03668,11.33446],[125.03667,11.33443],[125.03667,11.33441],[125.03666,11.33439],[125.03662,11.33432],[125.03651,11.33419],[125.03644,11.33412],[125.03636,11.33405],[125.03625,11.33393],[125.03605,11.33374],[125.03578,11.33353],[125.03556,11.33334],[125.03529,11.33312],[125.03504,11.33293],[125.03484,11.33277],[125.03476,11.33269],[125.03457,11.33251],[125.03442,11.33236],[125.0342,11.33214],[125.03367,11.33161],[125.03318,11.33108],[125.03293,11.33079],[125.0329,11.33077],[125.03287,11.33082],[125.03332,11.33132]]]}},{"type":"Feature","properties":{"class":"barangay","barangay":"Buenavista"},"geometry":{"type":"Polygon","coordinates":[[[125.06541,11.33919],[125.06538,11.33914],[125.06537,11.33911],[125.06538,11.33905],[125.06539,11.33898],[125.0654,11.33889],[125.06542,11.33878],[125.06545,11.33866],[125.06546,11.33858],[125.06546,11.33855],[125.06541,11.33849],[125.06531,11.33837],[125.0653,11.33835],[125.06519,11.33822],[125.06517,11.33818],[125.06517,11.33815],[125.06519,11.33807],[125.06521,11.338],[125.06518,11.33799],[125.06514,11.33813],[125.06514,11.33817],[125.06515,11.33822],[125.06519,11.33827],[125.06526,11.33836],[125.06529,11.33842],[125.06537,11.33851],[125.0654,11.33855],[125.06541,11.33858],[125.06539,11.33872],[125.06535,11.33885],[125.06534,11.33902],[125.06533,11.33907],[125.06533,11.33912],[125.06534,11.33916],[125.06536,11.33921],[125.06539,11.33925],[125.06542,11.33928],[125.06542,11.33928],[125.06546,11.33928],[125.06548,11.33928],[125.06541,11.33919]]]}},{"type":"Feature","properties":{"class":"barangay","barangay":"Buenavista"},"geometry":{"type":"Polygon","coordinates":[[[125.0656,11.33913],[125.06565,11.339],[125.06569,11.33885],[125.06566,11.33884],[125.06565,11.33888],[125.06563,11.33896],[125.0656,11.33906],[125.06556,11.33917],[125.06551,11.33928],[125.06551,11.33928],[125.06555,11.33928],[125.0656,11.33913]]]}},{"type":"Feature","properties":{"class":"barangay","barangay":"Buenavista"},"geometry":{"type":"Polygon","coordinates":[[[125.06584,11.33831],[125.06581,11.33836],[125.06575,11.33841],[125.06566,11.33847],[125.06565,11.33848],[125.06563,11.33848],[125.06559,11.33848],[125.06556,11.33847],[125.06552,11.33845],[125.06548,11.33846],[125.06544,11.33847],[125.06541,11.33849],[125.06543,11.33851],[125.06545,11.33849],[125.06549,11.33848],[125.06552,11.33848],[125.06556,11.33849],[125.06559,11.3385],[125.06564,11.3385],[125.06567,11.33849],[125.06571,11.33848],[125.06575,11.33845],[125.06579,11.33841],[125.06583,11.33837],[125.06587,11.33831],[125.06587,11.33831],[125.06585,11.3383],[125.06584,11.33831]]]}},{"type":"Feature","properties":{"class":"barangay","barangay":"Old San Agustin"},"geometry":{"type":"Polygon","coordinates":[[[125.09675,11.33251],[125.09668,11.33264],[125.09653,11.3329],[125.09642,11.33306],[125.09633,11.33314],[125.09589,11.33363],[125.09591,11.33365],[125.09604,11.3335],[125.09616,11.33337],[125.09625,11.33328],[125.09637,11.33316],[125.09642,11.33311],[125.09647,11.33306],[125.09655,11.33295],[125.09661,11.33284],[125.09673,11.33262],[125.09686,11.33237],[125.09686,11.33237],[125.09684,11.33234],[125.09675,11.33251]]]}},{"type":"Feature","properties":{"class":"barangay","barangay":"Old San Agustin"},"geometry":{"type":"Polygon","coordinates":[[[125.09569,11.33353],[125.09552,11.33343],[125.09552,11.33342],[125.09555,11.33334],[125.09568,11.33298],[125.09576,11.33273],[125.09584,11.33244],[125.09586,11.3324],[125.09594,11.33234],[125.09607,11.33223],[125.09615,11.3322],[125.09623,11.33221],[125.09669,11.33224],[125.09681,11.33225],[125.09679,11.33222],[125.09663,11.3322],[125.09615,11.33217],[125.0961,11.33218],[125.09604,11.33219],[125.09591,11.3323],[125.09582,11.33238],[125.0958,11.33241],[125.09574,11.33262],[125.09567,11.33288],[125.09559,11.33311],[125.0955,11.33334],[125.09548,11.33343],[125.09549,11.33345],[125.09561,11.33352],[125.0958,11.33361],[125.09594,11.33369],[125.09607,11.33375],[125.09615,11.3338],[125.09627,11.33388],[125.09627,11.33388],[125.09628,11.33386],[125.09627,11.33385],[125.09619,11.3338],[125.09612,11.33376],[125.09591,11.33365],[125.09589,11.33363],[125.09569,11.33353]]]}},{"type":"Feature","properties":{"class":"barangay","barangay":"Old San Agustin"},"geometry":{"type":"Polygon","coordinates":[[[125.09653,11.33358],[125.09633,11.33344],[125.0962,11.33333],[125.09619,11.33335],[125.09629,11.33344],[125.09646,11.33357],[125.09652,11.33361],[125.09673,11.3337],[125.09674,11.33367],[125.09653,11.33358]]]}},{"type":"Feature","properties":{"class":"barangay","barangay":"Old San Agustin"},"geometry":{"type":"Polygon","coordinates":[[[125.09609,11.33324],[125.0959,11.33314],[125.0958,11.33309],[125.09566,11.33304],[125.09565,11.33306],[125.09579,11.33311],[125.09593,11.33318],[125.09607,11.33325],[125.09617,11.33332],[125.09618,11.33331],[125.09609,11.33324]]]}},{"type":"Feature","properties":{"class":"barangay","barangay":"Bulao"},"geometry":{"type":"Polygon","coordinates":[[[125.10146,11.33824],[125.10145,11.3387],[125.10152,11.339],[125.10165,11.33951],[125.10168,11.33952],[125.10228,11.33942],[125.1023,11.33937],[125.1017,11.33947],[125.10169,11.33947],[125.10155,11.3389],[125.10151,11.3387],[125.10153,11.33823],[125.1016,11.33759],[125.10153,11.33758],[125.10146,11.33824]]]}},{"type":"Feature","properties":{"class":"barangay","barangay":"Bulao"},"geometry":{"type":"Polygon","coordinates":[[[125.10265,11.3381],[125.10265,11.33806],[125.10155,11.33806],[125.10154,11.33811],[125.10265,11.3381]]]}},{"type":"Feature","properties":{"class":"barangay","barangay":"Old San Agustin"},"geometry":{"type":"Polygon","coordinates":[[[125.10577,11.32484],[125.10567,11.32487],[125.10559,11.32492],[125.10556,11.32497],[125.10553,11.32504],[125.10552,11.32521],[125.10552,11.32532],[125.10549,11.32637],[125.10554,11.32638],[125.10555,11.32521],[125.10557,11.32505],[125.10561,11.32497],[125.10566,11.32493],[125.10578,11.32489],[125.10611,11.32478],[125.10649,11.32465],[125.10691,11.32452],[125.10707,11.32446],[125.10701,11.32445],[125.10701,11.32444],[125.10577,11.32484]]]}},{"type":"Feature","properties":{"class":"barangay","barangay":"Old San Agustin"},"geometry":{"type":"Polygon","coordinates":[[[125.10512,11.32226],[125.1052,11.3226],[125.10532,11.32314],[125.10546,11.32358],[125.10556,11.32383],[125.10599,11.32477],[125.10604,11.32476],[125.10565,11.32393],[125.1055,11.32357],[125.10543,11.32336],[125.10534,11.32301],[125.10522,11.32251],[125.1051,11.32189],[125.10505,11.32189],[125.10512,11.32226]]]}},{"type":"Feature","properties":{"class":"barangay","barangay":"Old San Agustin"},"geometry":{"type":"Polygon","coordinates":[[[125.10557,11.32231],[125.10565,11.3227],[125.10576,11.32313],[125.10585,11.32345],[125.10597,11.32388],[125.10607,11.32419],[125.10626,11.32469],[125.10631,11.32467],[125.10611,11.32415],[125.10594,11.32363],[125.10585,11.3233],[125.10569,11.3227],[125.10564,11.32242],[125.10552,11.32188],[125.10547,11.32188],[125.10557,11.32231]]]}},{"type":"Feature","properties":{"class":"barangay","barangay":"Old San Agustin"},"geometry":{"type":"Polygon","coordinates":[[[125.10674,11.32426],[125.10672,11.32424],[125.10672,11.32423],[125.1062,11.32439],[125.10621,11.32443],[125.10674,11.32426]]]}},{"type":"Feature","properties":{"class":"barangay","barangay":"Old San Agustin"},"geometry":{"type":"Polygon","coordinates":[[[125.10617,11.32445],[125.10616,11.32442],[125.10591,11.32448],[125.10592,11.32451],[125.10617,11.32445]]]}},{"type":"Feature","properties":{"class":"barangay","barangay":"Old San Agustin"},"geometry":{"type":"Polygon","coordinates":[[[125.10567,11.32456],[125.10568,11.3246],[125.10588,11.32453],[125.10587,11.32449],[125.10567,11.32456]]]}},{"type":"Feature","properties":{"class":"barangay","barangay":"Old San Agustin"},"geometry":{"type":"Polygon","coordinates":[[[125.1066,11.32366],[125.1066,11.32363],[125.1066,11.32362],[125.10599,11.32381],[125.10601,11.32385],[125.1066,11.32366]]]}},{"type":"Feature","properties":{"class":"barangay","barangay":"Old San Agustin"},"geometry":{"type":"Polygon","coordinates":[[[125.10597,11.32386],[125.10596,11.32382],[125.10565,11.32392],[125.10565,11.32393],[125.10566,11.32395],[125.10597,11.32386]]]}},{"type":"Feature","properties":{"class":"barangay","barangay":"Old San Agustin"},"geometry":{"type":"Polygon","coordinates":[[[125.10538,11.32401],[125.1054,11.32405],[125.10562,11.32397],[125.10561,11.32394],[125.10538,11.32401]]]}},{"type":"Feature","properties":{"class":"barangay","barangay":"Old San Agustin"},"geometry":{"type":"Polygon","coordinates":[[[125.10582,11.32335],[125.10581,11.32331],[125.10546,11.32343],[125.10547,11.32347],[125.10582,11.32335]]]}},{"type":"Feature","properties":{"class":"barangay","barangay":"Old San Agustin"},"geometry":{"type":"Polygon","coordinates":[[[125.10574,11.32304],[125.10573,11.323],[125.10536,11.32309],[125.10537,11.32313],[125.10574,11.32304]]]}},{"type":"Feature","properties":{"class":"barangay","barangay":"Old San Agustin"},"geometry":{"type":"Polygon","coordinates":[[[125.10498,11.32316],[125.105,11.3232],[125.10532,11.32314],[125.10531,11.3231],[125.10498,11.32316]]]}},{"type":"Feature","properties":{"class":"barangay","barangay":"Old San Agustin"},"geometry":{"type":"Polygon","coordinates":[[[125.10557,11.32229],[125.10556,11.32226],[125.10518,11.3223],[125.10519,11.32234],[125.10557,11.32229]]]}},{"type":"Feature","properties":{"class":"barangay","barangay":"Old San Agustin"},"geometry":{"type":"Polygon","coordinates":[[[125.10507,11.32166],[125.10504,11.32148],[125.10504,11.32134],[125.10503,11.32127],[125.105,11.32126],[125.10501,11.32141],[125.10501,11.32149],[125.10504,11.32166],[125.10505,11.32182],[125.10508,11.32182],[125.10507,11.32166]]]}},{"type":"Feature","properties":{"class":"barangay","barangay":"Anglit"},"geometry":{"type":"Polygon","coordinates":[[[125.10773,11.29722],[125.10774,11.29744],[125.10777,11.29773],[125.10781,11.29773],[125.10778,11.29745],[125.10778,11.29721],[125.10779,11.29712],[125.10775,11.29712],[125.10773,11.29722]]]}},{"type":"Feature","properties":{"class":"barangay","barangay":"Sugca"},"geometry":{"type":"Polygon","coordinates":[[[125.09976,11.29532],[125.09987,11.29509],[125.09988,11.29507],[125.09982,11.29495],[125.09982,11.29492],[125.10007,11.29433],[125.10016,11.29411],[125.10021,11.29402],[125.10024,11.29398],[125.10029,11.29393],[125.10034,11.29386],[125.10046,11.29358],[125.10061,11.29318],[125.10087,11.29252],[125.10098,11.29212],[125.10117,11.29157],[125.10122,11.29143],[125.10125,11.29123],[125.10126,11.29093],[125.1013,11.2908],[125.10144,11.29057],[125.10156,11.29025],[125.10152,11.29024],[125.10141,11.29056],[125.10126,11.2908],[125.10122,11.29093],[125.1012,11.29123],[125.10117,11.29142],[125.10082,11.2925],[125.10031,11.29383],[125.10025,11.2939],[125.10017,11.29399],[125.09979,11.29492],[125.09979,11.29496],[125.09981,11.29502],[125.09983,11.29507],[125.09957,11.29558],[125.09962,11.29559],[125.09976,11.29532]]]}},{"type":"Feature","properties":{"class":"barangay","barangay":"Sugca"},"geometry":{"type":"Polygon","coordinates":[[[125.10168,11.29027],[125.10202,11.29038],[125.10253,11.29048],[125.10298,11.29055],[125.10305,11.29057],[125.10317,11.29063],[125.10344,11.29088],[125.10356,11.29103],[125.1038,11.29143],[125.10396,11.29169],[125.10421,11.29211],[125.10442,11.2925],[125.10466,11.29297],[125.10481,11.29327],[125.10486,11.2935],[125.10489,11.29349],[125.10485,11.2933],[125.10484,11.29326],[125.10469,11.29296],[125.10456,11.2927],[125.10444,11.29245],[125.1043,11.2922],[125.10415,11.29194],[125.10398,11.29167],[125.10382,11.2914],[125.10371,11.2912],[125.1036,11.291],[125.10347,11.29084],[125.10335,11.29074],[125.10319,11.2906],[125.10307,11.29054],[125.103,11.29052],[125.10284,11.2905],[125.10245,11.29043],[125.10217,11.29038],[125.10203,11.29035],[125.10174,11.29025],[125.10088,11.28999],[125.09995,11.28974],[125.09943,11.28959],[125.09862,11.28939],[125.09853,11.28936],[125.09811,11.28916],[125.09785,11.2891],[125.09733,11.28899],[125.0965,11.28886],[125.09616,11.28887],[125.09586,11.28882],[125.09585,11.28887],[125.09617,11.28892],[125.09651,11.28893],[125.09714,11.28902],[125.09779,11.28914],[125.09806,11.28922],[125.09815,11.28926],[125.09846,11.2894],[125.09875,11.28947],[125.09929,11.2896],[125.09978,11.28976],[125.10037,11.28992],[125.10104,11.2901],[125.10152,11.29024],[125.10156,11.29025],[125.10168,11.29027]]]}},{"type":"Feature","properties":{"class":"barangay","barangay":"Sugca"},"geometry":{"type":"Polygon","coordinates":[[[125.10078,11.29065],[125.10082,11.29067],[125.10108,11.29011],[125.10104,11.2901],[125.10103,11.29009],[125.10078,11.29065]]]}},{"type":"Feature","properties":{"class":"barangay","barangay":"Sugca"},"geometry":{"type":"Polygon","coordinates":[[[125.10146,11.29097],[125.10149,11.29097],[125.10166,11.29027],[125.10162,11.29026],[125.10146,11.29097]]]}},{"type":"Feature","properties":{"class":"barangay","barangay":"Sugca"},"geometry":{"type":"Polygon","coordinates":[[[125.10245,11.29074],[125.10248,11.29076],[125.10258,11.29049],[125.10255,11.29049],[125.10245,11.29074]]]}},{"type":"Feature","properties":{"class":"barangay","barangay":"San Fernando"},"geometry":{"type":"Polygon","coordinates":[[[125.14535,11.27849],[125.14536,11.27849],[125.14538,11.27848],[125.14528,11.27823],[125.14525,11.27824],[125.14535,11.27849]]]}},{"type":"Feature","properties":{"class":"barangay","barangay":"San Fernando"},"geometry":{"type":"Polygon","coordinates":[[[125.14519,11.27801],[125.14517,11.27802],[125.14524,11.27819],[125.14526,11.27818],[125.14519,11.27801]]]}},{"type":"Feature","properties":{"class":"barangay","barangay":"San Fernando"},"geometry":{"type":"Polygon","coordinates":[[[125.14501,11.27863],[125.14503,11.27862],[125.14518,11.27857],[125.14517,11.27854],[125.14517,11.27854],[125.14503,11.27859],[125.14494,11.27835],[125.14491,11.27837],[125.14501,11.27863]]]}},{"type":"Feature","properties":{"class":"barangay","barangay":"San Fernando"},"geometry":{"type":"Polygon","coordinates":[[[125.1449,11.2782],[125.14486,11.27823],[125.14489,11.27832],[125.14493,11.27831],[125.1449,11.2782]]]}},{"type":"Feature","properties":{"class":"barangay","barangay":"San Fernando"},"geometry":{"type":"Polygon","coordinates":[[[125.14505,11.2781],[125.14502,11.27812],[125.14507,11.27826],[125.14511,11.27824],[125.14505,11.2781]]]}},{"type":"Feature","properties":{"class":"barangay","barangay":"San Fernando"},"geometry":{"type":"Polygon","coordinates":[[[125.1454,11.27787],[125.14536,11.2779],[125.14544,11.2781],[125.14545,11.2781],[125.14549,11.27809],[125.14549,11.27809],[125.1454,11.27787]]]}},{"type":"Feature","properties":{"class":"barangay","barangay":"San Fernando"},"geometry":{"type":"Polygon","coordinates":[[[125.14568,11.27772],[125.14566,11.27779],[125.14568,11.27784],[125.14569,11.27787],[125.14573,11.27799],[125.14576,11.27798],[125.14578,11.27797],[125.14568,11.27772]]]}},{"type":"Feature","properties":{"class":"barangay","barangay":"San Fernando"},"geometry":{"type":"Polygon","coordinates":[[[125.14593,11.2786],[125.14592,11.27857],[125.14592,11.27856],[125.14566,11.27864],[125.14567,11.27865],[125.14567,11.27868],[125.14593,11.2786]]]}},{"type":"Feature","properties":{"class":"barangay","barangay":"San Fernando"},"geometry":{"type":"Polygon","coordinates":[[[125.14564,11.27869],[125.14563,11.27865],[125.14529,11.27875],[125.14529,11.27875],[125.1453,11.27879],[125.14564,11.27869]]]}},{"type":"Feature","properties":{"class":"barangay","barangay":"Iba"},"geometry":{"type":"Polygon","coordinates":[[[125.09154,11.29467],[125.09171,11.2955],[125.09185,11.2962],[125.09201,11.29693],[125.09216,11.29774],[125.09225,11.2982],[125.09227,11.29823],[125.09236,11.29823],[125.09299,11.29819],[125.09306,11.29816],[125.09314,11.29812],[125.09312,11.29809],[125.09299,11.29815],[125.09296,11.29815],[125.09235,11.29819],[125.09231,11.29819],[125.09221,11.29769],[125.09211,11.29718],[125.09202,11.29672],[125.09193,11.29632],[125.09183,11.29587],[125.09173,11.29537],[125.09156,11.29461],[125.0915,11.29425],[125.09144,11.29424],[125.09154,11.29467]]]}},{"type":"Feature","properties":{"class":"barangay","barangay":"Iba"},"geometry":{"type":"Polygon","coordinates":[[[125.09347,11.29485],[125.09342,11.29538],[125.09339,11.29554],[125.09332,11.29581],[125.09319,11.2961],[125.09306,11.29637],[125.09299,11.29653],[125.09298,11.29665],[125.09299,11.29678],[125.093,11.29692],[125.09301,11.29701],[125.09301,11.29709],[125.09305,11.29719],[125.09312,11.29739],[125.09321,11.29764],[125.09334,11.29795],[125.09338,11.29805],[125.09345,11.29831],[125.09348,11.29847],[125.0935,11.29865],[125.0935,11.29872],[125.09355,11.29872],[125.09353,11.29847],[125.09352,11.29841],[125.09348,11.29823],[125.09342,11.29803],[125.09338,11.29793],[125.09329,11.2977],[125.09324,11.29757],[125.09317,11.29737],[125.09309,11.29717],[125.09306,11.29709],[125.09304,11.29699],[125.09304,11.29687],[125.09303,11.29679],[125.09302,11.29665],[125.09304,11.29654],[125.09311,11.29638],[125.09321,11.29615],[125.0933,11.29598],[125.09336,11.29582],[125.09344,11.29555],[125.09349,11.29521],[125.09351,11.29495],[125.09351,11.29486],[125.09355,11.29461],[125.09351,11.2946],[125.09347,11.29485]]]}},{"type":"Feature","properties":{"class":"barangay","barangay":"Sawa"},"geometry":{"type":"Polygon","coordinates":[[[125.073,11.29533],[125.07243,11.29578],[125.07204,11.29609],[125.07197,11.29615],[125.0718,11.29624],[125.07128,11.29645],[125.07131,11.29651],[125.07161,11.2964],[125.07193,11.29628],[125.07203,11.29622],[125.07219,11.29607],[125.07258,11.29574],[125.07334,11.29514],[125.0733,11.29508],[125.073,11.29533]]]}},{"type":"Feature","properties":{"class":"barangay","barangay":"Sawa"},"geometry":{"type":"Polygon","coordinates":[[[125.07223,11.29397],[125.07219,11.29402],[125.07205,11.29424],[125.07193,11.29442],[125.07179,11.29464],[125.07154,11.29502],[125.07153,11.29504],[125.07151,11.29505],[125.07129,11.29509],[125.07097,11.29514],[125.07062,11.29519],[125.07051,11.29521],[125.07051,11.29534],[125.07064,11.29557],[125.07088,11.29599],[125.07108,11.29629],[125.07129,11.29662],[125.07137,11.29659],[125.07131,11.29651],[125.07128,11.29645],[125.07112,11.29619],[125.07097,11.29598],[125.07087,11.29581],[125.07076,11.29562],[125.07061,11.29536],[125.07059,11.29532],[125.07059,11.29526],[125.07097,11.2952],[125.0713,11.29514],[125.07153,11.29511],[125.07155,11.2951],[125.07177,11.29476],[125.07204,11.29435],[125.07223,11.29405],[125.07241,11.29389],[125.07237,11.29385],[125.07223,11.29397]]]}},{"type":"Feature","properties":{"class":"barangay","barangay":"Sawa"},"geometry":{"type":"Polygon","coordinates":[[[125.072,11.29612],[125.07204,11.29609],[125.07205,11.29609],[125.07149,11.29512],[125.07142,11.29512],[125.072,11.29612]]]}},{"type":"Feature","properties":{"class":"barangay","barangay":"Sawa"},"geometry":{"type":"Polygon","coordinates":[[[125.07179,11.29576],[125.07176,11.29571],[125.07104,11.29609],[125.07107,11.29613],[125.07179,11.29576]]]}},{"type":"Feature","properties":{"class":"barangay","barangay":"Sawa"},"geometry":{"type":"Polygon","coordinates":[[[125.07306,11.29649],[125.07345,11.29687],[125.07349,11.29683],[125.07312,11.29646],[125.07254,11.29577],[125.07249,11.29581],[125.07306,11.29649]]]}},{"type":"Feature","properties":{"class":"barangay","barangay":"Sawa"},"geometry":{"type":"Polygon","coordinates":[[[125.07252,11.29706],[125.07257,11.29703],[125.07207,11.29618],[125.07203,11.29622],[125.07252,11.29706]]]}},{"type":"Feature","properties":{"class":"barangay","barangay":"Sawa"},"geometry":{"type":"Polygon","coordinates":[[[125.07311,11.29653],[125.07307,11.2965],[125.07251,11.29693],[125.07254,11.29697],[125.07311,11.29653]]]}},{"type":"Feature","properties":{"class":"barangay","barangay":"Sawa"},"geometry":{"type":"Polygon","coordinates":[[[125.07343,11.2959],[125.07346,11.29586],[125.07345,11.29583],[125.07341,11.29576],[125.07327,11.29555],[125.07312,11.29531],[125.07308,11.29535],[125.0734,11.29584],[125.0734,11.29586],[125.073,11.29632],[125.07303,11.29636],[125.07343,11.2959]]]}},{"type":"Feature","properties":{"class":"barangay","barangay":"Sawa"},"geometry":{"type":"Polygon","coordinates":[[[125.07291,11.29498],[125.07288,11.295],[125.07306,11.29527],[125.07309,11.29525],[125.07291,11.29498]]]}},{"type":"Feature","properties":{"class":"barangay","barangay":"Sawa"},"geometry":{"type":"Polygon","coordinates":[[[125.07295,11.29511],[125.07294,11.29508],[125.07194,11.29589],[125.07195,11.29592],[125.07295,11.29511]]]}},{"type":"Feature","properties":{"class":"barangay","barangay":"Sawa"},"geometry":{"type":"Polygon","coordinates":[[[125.07268,11.29469],[125.07237,11.29503],[125.0724,11.29505],[125.07271,11.29471],[125.07268,11.29469]]]}},{"type":"Feature","properties":{"class":"barangay","barangay":"Sawa"},"geometry":{"type":"Polygon","coordinates":[[[125.07274,11.29524],[125.07274,11.29524],[125.07277,11.29522],[125.07248,11.29496],[125.07246,11.29498],[125.07274,11.29524]]]}},{"type":"Feature","properties":{"class":"barangay","barangay":"Sawa"},"geometry":{"type":"Polygon","coordinates":[[[125.07195,11.29382],[125.07193,11.29384],[125.07217,11.29405],[125.07219,11.29402],[125.07195,11.29382]]]}},{"type":"Feature","properties":{"class":"barangay","barangay":"Sawa"},"geometry":{"type":"Polygon","coordinates":[[[125.07139,11.29475],[125.07139,11.29472],[125.07203,11.29393],[125.07201,11.29391],[125.07182,11.29414],[125.07164,11.29436],[125.07138,11.29466],[125.07136,11.2947],[125.07135,11.29473],[125.07136,11.29476],[125.07151,11.29505],[125.07151,11.29505],[125.07153,11.29504],[125.07154,11.29502],[125.07139,11.29475]]]}},{"type":"Feature","properties":{"class":"barangay","barangay":"Sawa"},"geometry":{"type":"Polygon","coordinates":[[[125.07182,11.29459],[125.07184,11.29457],[125.07165,11.29439],[125.07163,11.29442],[125.07182,11.29459]]]}},{"type":"Feature","properties":{"class":"barangay","barangay":"Sawa"},"geometry":{"type":"Polygon","coordinates":[[[125.07171,11.29477],[125.07172,11.29474],[125.07152,11.29456],[125.0715,11.29458],[125.07171,11.29477]]]}},{"type":"Feature","properties":{"class":"barangay","barangay":"Sawa"},"geometry":{"type":"Polygon","coordinates":[[[125.07142,11.2948],[125.07143,11.29483],[125.07156,11.29464],[125.07154,11.29462],[125.07142,11.2948]]]}},{"type":"Feature","properties":{"class":"barangay","barangay":"Sawa"},"geometry":{"type":"Polygon","coordinates":[[[125.07194,11.29441],[125.07195,11.29438],[125.07178,11.29423],[125.07176,11.29426],[125.07194,11.29441]]]}},{"type":"Feature","properties":{"class":"barangay","barangay":"Sawa"},"geometry":{"type":"Polygon","coordinates":[[[125.07205,11.29423],[125.07207,11.2942],[125.07192,11.29407],[125.0719,11.29409],[125.07205,11.29423]]]}},{"type":"Feature","properties":{"class":"barangay","barangay":"Sawa"},"geometry":{"type":"Polygon","coordinates":[[[125.07167,11.29555],[125.07165,11.29551],[125.07092,11.29591],[125.07095,11.29594],[125.07167,11.29555]]]}},{"type":"Feature","properties":{"class":"barangay","barangay":"Sawa"},"geometry":{"type":"Polygon","coordinates":[[[125.0704,11.29569],[125.07038,11.29572],[125.07038,11.29601],[125.07038,11.29614],[125.07041,11.29619],[125.07045,11.29617],[125.07086,11.29595],[125.07084,11.29593],[125.07043,11.29614],[125.0704,11.29611],[125.07042,11.29572],[125.07065,11.29559],[125.07064,11.29557],[125.07064,11.29557],[125.0704,11.29569]]]}},{"type":"Feature","properties":{"class":"barangay","barangay":"Sawa"},"geometry":{"type":"Polygon","coordinates":[[[125.07076,11.29577],[125.07074,11.29575],[125.07041,11.29592],[125.07041,11.29595],[125.07076,11.29577]]]}},{"type":"Feature","properties":{"class":"barangay","barangay":"Sawa"},"geometry":{"type":"Polygon","coordinates":[[[125.07109,11.29582],[125.07112,11.2958],[125.07079,11.29523],[125.07075,11.29523],[125.07109,11.29582]]]}},{"type":"Feature","properties":{"class":"barangay","barangay":"Sawa"},"geometry":{"type":"Polygon","coordinates":[[[125.07127,11.29572],[125.0713,11.2957],[125.07102,11.29519],[125.07097,11.2952],[125.07097,11.2952],[125.07127,11.29572]]]}},{"type":"Feature","properties":{"class":"barangay","barangay":"Sawa"},"geometry":{"type":"Polygon","coordinates":[[[125.07146,11.29562],[125.07149,11.2956],[125.07123,11.29515],[125.07118,11.29516],[125.07146,11.29562]]]}},{"type":"Feature","properties":{"class":"barangay","barangay":"Sawa"},"geometry":{"type":"Polygon","coordinates":[[[125.07244,11.29435],[125.07247,11.29433],[125.07223,11.29406],[125.07221,11.29409],[125.07244,11.29435]]]}},{"type":"Feature","properties":{"class":"barangay","barangay":"Sawa"},"geometry":{"type":"Polygon","coordinates":[[[125.07215,11.29632],[125.07217,11.29634],[125.07263,11.29598],[125.07261,11.29595],[125.07215,11.29632]]]}},{"type":"Feature","properties":{"class":"barangay","barangay":"Sawa"},"geometry":{"type":"Polygon","coordinates":[[[125.07225,11.29649],[125.07227,11.29651],[125.07277,11.29614],[125.07275,11.29611],[125.07225,11.29649]]]}},{"type":"Feature","properties":{"class":"barangay","barangay":"Sawa"},"geometry":{"type":"Polygon","coordinates":[[[125.07238,11.29671],[125.07241,11.29675],[125.07293,11.29633],[125.0729,11.2963],[125.07238,11.29671]]]}},{"type":"Feature","properties":{"class":"barangay","barangay":"Sawa"},"geometry":{"type":"Polygon","coordinates":[[[125.07288,11.29711],[125.0729,11.29709],[125.07271,11.29684],[125.07269,11.29686],[125.07288,11.29711]]]}},{"type":"Feature","properties":{"class":"barangay","barangay":"Sawa"},"geometry":{"type":"Polygon","coordinates":[[[125.07282,11.29699],[125.07284,11.29702],[125.07327,11.29669],[125.07324,11.29666],[125.07282,11.29699]]]}},{"type":"Feature","properties":{"class":"barangay","barangay":"Sawa"},"geometry":{"type":"Polygon","coordinates":[[[125.07312,11.29703],[125.07315,11.29705],[125.07341,11.29683],[125.07339,11.29681],[125.07312,11.29703]]]}},{"type":"Feature","properties":{"class":"barangay","barangay":"Sawa"},"geometry":{"type":"Polygon","coordinates":[[[125.07332,11.29705],[125.07334,11.29703],[125.07325,11.29697],[125.07322,11.29699],[125.07332,11.29705]]]}},{"type":"Feature","properties":{"class":"barangay","barangay":"Sawa"},"geometry":{"type":"Polygon","coordinates":[[[125.07266,11.29592],[125.07268,11.29595],[125.0732,11.29554],[125.07318,11.29551],[125.07266,11.29592]]]}},{"type":"Feature","properties":{"class":"barangay","barangay":"Sawa"},"geometry":{"type":"Polygon","coordinates":[[[125.07312,11.29619],[125.07314,11.29617],[125.07285,11.29581],[125.07282,11.29583],[125.07312,11.29619]]]}},{"type":"Feature","properties":{"class":"barangay","barangay":"Sawa"},"geometry":{"type":"Polygon","coordinates":[[[125.07325,11.29603],[125.07328,11.29601],[125.07301,11.29568],[125.07298,11.2957],[125.07325,11.29603]]]}},{"type":"Feature","properties":{"class":"barangay","barangay":"Sawa"},"geometry":{"type":"Polygon","coordinates":[[[125.08039,11.30534],[125.0811,11.30479],[125.08108,11.30475],[125.08094,11.30486],[125.08063,11.30511],[125.08026,11.30537],[125.08029,11.30542],[125.08039,11.30534]]]}},{"type":"Feature","properties":{"class":"barangay","barangay":"Sawa"},"geometry":{"type":"Polygon","coordinates":[[[125.08115,11.30485],[125.08119,11.30483],[125.08117,11.30481],[125.08106,11.30466],[125.08095,11.3045],[125.0809,11.30438],[125.08085,11.30438],[125.08091,11.30452],[125.08108,11.30475],[125.0811,11.30479],[125.08115,11.30485]]]}},{"type":"Feature","properties":{"class":"barangay","barangay":"New San Agustin"},"geometry":{"type":"Polygon","coordinates":[[[125.09693,11.31522],[125.09699,11.31478],[125.09707,11.3143],[125.09712,11.31393],[125.09704,11.31391],[125.09698,11.31434],[125.09693,11.31465],[125.09685,11.31521],[125.09678,11.31544],[125.09685,11.31546],[125.09693,11.31522]]]}},{"type":"Feature","properties":{"class":"barangay","barangay":"New San Agustin"},"geometry":{"type":"Polygon","coordinates":[[[125.09675,11.31432],[125.09654,11.3143],[125.09651,11.31432],[125.09642,11.31448],[125.0963,11.31468],[125.09622,11.31489],[125.09612,11.31522],[125.09618,11.31524],[125.0963,11.31482],[125.09635,11.31469],[125.09653,11.31439],[125.09657,11.31435],[125.09696,11.31441],[125.09697,11.31435],[125.09675,11.31432]]]}},{"type":"Feature","properties":{"class":"barangay","barangay":"New San Agustin"},"geometry":{"type":"Polygon","coordinates":[[[125.09689,11.31494],[125.09689,11.31488],[125.09633,11.31476],[125.09631,11.31481],[125.09689,11.31494]]]}},{"type":"Feature","properties":{"class":"barangay","barangay":"Tinaogan"},"geometry":{"type":"Polygon","coordinates":[[[124.9767,11.28891],[124.97675,11.28898],[124.9768,11.28902],[124.97699,11.28909],[124.97715,11.28914],[124.97727,11.28919],[124.97734,11.28919],[124.97733,11.28916],[124.97728,11.28915],[124.97713,11.2891],[124.977,11.28906],[124.97681,11.28898],[124.97677,11.28895],[124.97665,11.28877],[124.97664,11.28878],[124.97663,11.2888],[124.9767,11.28891]]]}},{"type":"Feature","properties":{"class":"barangay","barangay":"Tinaogan"},"geometry":{"type":"Polygon","coordinates":[[[124.97713,11.28878],[124.97717,11.28864],[124.97723,11.28844],[124.97725,11.28836],[124.97725,11.28825],[124.97726,11.28819],[124.97726,11.28808],[124.97724,11.288],[124.97723,11.28797],[124.97721,11.28794],[124.97717,11.28792],[124.97705,11.28789],[124.97705,11.2879],[124.97705,11.28791],[124.97713,11.28793],[124.97716,11.28795],[124.9772,11.28797],[124.97721,11.28799],[124.97722,11.28802],[124.97723,11.28809],[124.97724,11.28815],[124.97723,11.2882],[124.97723,11.28829],[124.97722,11.28835],[124.97721,11.28843],[124.97717,11.28854],[124.97714,11.28864],[124.9771,11.28878],[124.97706,11.2889],[124.977,11.28906],[124.97703,11.28907],[124.97713,11.28878]]]}},{"type":"Feature","properties":{"class":"barangay","barangay":"Tinaogan"},"geometry":{"type":"Polygon","coordinates":[[[124.97727,11.28854],[124.97733,11.2886],[124.97739,11.28867],[124.97745,11.28878],[124.97751,11.28892],[124.97753,11.28898],[124.97756,11.28897],[124.9775,11.28883],[124.97747,11.28877],[124.97742,11.28868],[124.97737,11.28861],[124.97731,11.28854],[124.97722,11.28848],[124.97721,11.2885],[124.97727,11.28854]]]}},{"type":"Feature","properties":{"class":"barangay","barangay":"Tinaogan"},"geometry":{"type":"Polygon","coordinates":[[[124.97758,11.28946],[124.9776,11.28938],[124.9776,11.28934],[124.9776,11.28928],[124.9776,11.28925],[124.97761,11.28922],[124.97763,11.28919],[124.97767,11.28914],[124.97769,11.28911],[124.97768,11.28907],[124.97767,11.28904],[124.97759,11.289],[124.97756,11.28897],[124.97756,11.28897],[124.97756,11.28897],[124.97753,11.28898],[124.97754,11.28899],[124.97756,11.28901],[124.97759,11.28903],[124.97763,11.28905],[124.97765,11.28906],[124.97766,11.28908],[124.97766,11.28909],[124.97766,11.28911],[124.97765,11.28912],[124.97763,11.28915],[124.9776,11.28918],[124.97758,11.28921],[124.97757,11.28925],[124.97757,11.28931],[124.97757,11.28938],[124.97756,11.28944],[124.97755,11.28947],[124.97757,11.28948],[124.97757,11.28948],[124.97758,11.28946]]]}},{"type":"Feature","properties":{"class":"barangay","barangay":"Cambayan"},"geometry":{"type":"Polygon","coordinates":[[[124.99642,11.28123],[124.99642,11.2812],[124.99606,11.28121],[124.99606,11.28124],[124.99642,11.28123]]]}},{"type":"Feature","properties":{"class":"barangay","barangay":"Cambayan"},"geometry":{"type":"Polygon","coordinates":[[[124.99643,11.2814],[124.99643,11.28137],[124.99606,11.28137],[124.99606,11.28138],[124.99606,11.28141],[124.99643,11.2814]]]}},{"type":"Feature","properties":{"class":"barangay","barangay":"Cambayan"},"geometry":{"type":"Polygon","coordinates":[[[124.99648,11.28158],[124.99647,11.28155],[124.99605,11.28155],[124.99605,11.28158],[124.99648,11.28158]]]}},{"type":"Feature","properties":{"class":"barangay","barangay":"Cambayan"},"geometry":{"type":"Polygon","coordinates":[[[124.99647,11.28176],[124.99647,11.28172],[124.99603,11.28172],[124.99603,11.28175],[124.99647,11.28176]]]}},{"type":"Feature","properties":{"class":"barangay","barangay":"Cambayan"},"geometry":{"type":"Polygon","coordinates":[[[124.99647,11.28193],[124.99647,11.2819],[124.99602,11.2819],[124.99601,11.28192],[124.99601,11.28193],[124.99647,11.28193]]]}},{"type":"Feature","properties":{"class":"barangay","barangay":"Cambayan"},"geometry":{"type":"Polygon","coordinates":[[[124.99646,11.28211],[124.99646,11.28208],[124.99601,11.28207],[124.99601,11.28211],[124.99646,11.28211]]]}},{"type":"Feature","properties":{"class":"barangay","barangay":"Cambayan"},"geometry":{"type":"Polygon","coordinates":[[[124.99645,11.28229],[124.99645,11.28225],[124.996,11.28225],[124.996,11.28227],[124.99599,11.28228],[124.99645,11.28229]]]}},{"type":"Feature","properties":{"class":"barangay","barangay":"Cambayan"},"geometry":{"type":"Polygon","coordinates":[[[124.99645,11.28247],[124.99645,11.28243],[124.99615,11.28243],[124.99592,11.28244],[124.99593,11.28248],[124.99645,11.28247]]]}},{"type":"Feature","properties":{"class":"barangay","barangay":"Cambayan"},"geometry":{"type":"Polygon","coordinates":[[[124.99612,11.28262],[124.99614,11.28267],[124.99645,11.28266],[124.99644,11.28261],[124.99618,11.28261],[124.99617,11.28247],[124.99612,11.28247],[124.99612,11.28262]]]}},{"type":"Feature","properties":{"class":"barangay","barangay":"Amandayehan"},"geometry":{"type":"Polygon","coordinates":[[[125.00002,11.27629],[125.00003,11.27621],[125.0001,11.27578],[125.00007,11.27578],[125.00003,11.27601],[125,11.27621],[124.99998,11.27629],[124.99999,11.27634],[125.00002,11.27635],[125.00002,11.27629]]]}},{"type":"Feature","properties":{"class":"barangay","barangay":"San Antonio"},"geometry":{"type":"Polygon","coordinates":[[[125.01155,11.27638],[125.0115,11.27635],[125.01146,11.27651],[125.01149,11.27654],[125.01155,11.27638]]]}},{"type":"Feature","properties":{"class":"barangay","barangay":"Can-abay"},"geometry":{"type":"Polygon","coordinates":[[[125.0205,11.29299],[125.0205,11.29301],[125.02071,11.29316],[125.02072,11.29314],[125.0205,11.29299]]]}},{"type":"Feature","properties":{"class":"barangay","barangay":"Can-abay"},"geometry":{"type":"Polygon","coordinates":[[[125.02037,11.29331],[125.02044,11.29316],[125.0205,11.29301],[125.0205,11.29299],[125.02051,11.29297],[125.0204,11.29294],[125.02029,11.29293],[125.02026,11.2931],[125.02026,11.29311],[125.02035,11.29313],[125.02043,11.29316],[125.02043,11.29315],[125.02028,11.2931],[125.0203,11.29294],[125.02041,11.29296],[125.02049,11.29298],[125.02043,11.29315],[125.02043,11.29316],[125.02036,11.29331],[125.02037,11.29331]]]}},{"type":"Feature","properties":{"class":"barangay","barangay":"Dolongan"},"geometry":{"type":"Polygon","coordinates":[[[125.03476,11.32728],[125.03447,11.32715],[125.03407,11.32695],[125.03365,11.32673],[125.03313,11.32645],[125.03269,11.32622],[125.03224,11.32597],[125.03177,11.3257],[125.03139,11.32547],[125.0312,11.32537],[125.03108,11.32532],[125.031,11.3253],[125.03076,11.32518],[125.03053,11.32506],[125.02997,11.32472],[125.02935,11.32434],[125.02906,11.32414],[125.02887,11.32396],[125.02848,11.32365],[125.02831,11.32352],[125.02808,11.32344],[125.02829,11.32356],[125.02856,11.32376],[125.02879,11.32394],[125.02907,11.3242],[125.02931,11.32438],[125.02961,11.32457],[125.03012,11.32488],[125.03071,11.32524],[125.03096,11.32535],[125.03112,11.32539],[125.03121,11.32542],[125.0316,11.32564],[125.03256,11.3262],[125.0336,11.32675],[125.03453,11.32723],[125.0352,11.32758],[125.03523,11.32754],[125.03476,11.32728]]]}},{"type":"Feature","properties":{"class":"barangay","barangay":"Mongabong"},"geometry":{"type":"Polygon","coordinates":[[[125.02827,11.32349],[125.02814,11.32342],[125.02806,11.3234],[125.02755,11.32336],[125.0272,11.32339],[125.02705,11.32342],[125.02697,11.32346],[125.02689,11.32349],[125.02676,11.32351],[125.02671,11.32352],[125.02668,11.32355],[125.02665,11.32359],[125.02662,11.32363],[125.02647,11.32369],[125.02629,11.32374],[125.02611,11.32379],[125.02587,11.32384],[125.02581,11.32385],[125.02578,11.32386],[125.02575,11.3239],[125.02563,11.32402],[125.02557,11.32406],[125.02536,11.32418],[125.02526,11.32425],[125.02521,11.32426],[125.02509,11.32427],[125.02491,11.32426],[125.02475,11.32424],[125.02435,11.32425],[125.024,11.32426],[125.02371,11.32427],[125.02357,11.32428],[125.02354,11.32427],[125.02351,11.32425],[125.02349,11.32422],[125.02345,11.3242],[125.02335,11.32418],[125.02326,11.32416],[125.02322,11.32416],[125.02321,11.32414],[125.02316,11.3241],[125.02301,11.32396],[125.02293,11.32386],[125.02287,11.3238],[125.02284,11.32373],[125.02281,11.32364],[125.02279,11.32359],[125.02271,11.32349],[125.02262,11.32338],[125.02258,11.3234],[125.02265,11.3235],[125.02273,11.32362],[125.02278,11.32373],[125.02283,11.32384],[125.0229,11.32392],[125.02298,11.32401],[125.02319,11.3242],[125.02323,11.32421],[125.02328,11.32421],[125.02333,11.32421],[125.02337,11.32422],[125.02345,11.32426],[125.02348,11.3243],[125.02351,11.32433],[125.02362,11.32432],[125.0242,11.3243],[125.0244,11.32429],[125.02474,11.32429],[125.02487,11.3243],[125.02523,11.32431],[125.02565,11.32404],[125.02581,11.32388],[125.02605,11.32384],[125.02628,11.32378],[125.02646,11.32372],[125.02667,11.32364],[125.02672,11.32355],[125.02694,11.32352],[125.02706,11.32346],[125.0272,11.32342],[125.02755,11.3234],[125.02808,11.32344],[125.02831,11.32352],[125.02827,11.32349]]]}},{"type":"Feature","properties":{"class":"barangay","barangay":"Mongabong"},"geometry":{"type":"Polygon","coordinates":[[[125.02419,11.3249],[125.02422,11.3249],[125.02416,11.3243],[125.02412,11.32431],[125.02419,11.3249]]]}},{"type":"Feature","properties":{"class":"barangay","barangay":"Villa Aurora"},"geometry":{"type":"Polygon","coordinates":[[[125.07262,11.3468],[125.07267,11.3467],[125.07289,11.34637],[125.07316,11.34603],[125.07343,11.34574],[125.07358,11.34562],[125.07382,11.34546],[125.07413,11.34516],[125.07425,11.34496],[125.07434,11.34468],[125.07437,11.34452],[125.07444,11.34437],[125.07454,11.34423],[125.07457,11.34417],[125.0746,11.34409],[125.07461,11.34395],[125.07459,11.34378],[125.0746,11.34365],[125.07463,11.34355],[125.07469,11.3434],[125.07474,11.34326],[125.07474,11.34319],[125.07475,11.34306],[125.07486,11.3428],[125.07497,11.34257],[125.07502,11.34245],[125.07505,11.34237],[125.07496,11.34233],[125.07493,11.34244],[125.07484,11.34262],[125.07469,11.34295],[125.07467,11.34304],[125.07466,11.34311],[125.07465,11.34323],[125.07465,11.34328],[125.07461,11.34339],[125.07452,11.3436],[125.07451,11.34367],[125.07452,11.34386],[125.07453,11.34396],[125.07452,11.34404],[125.07449,11.34411],[125.07435,11.34435],[125.0743,11.34446],[125.07424,11.34468],[125.0742,11.34484],[125.07417,11.34494],[125.07411,11.345],[125.07404,11.34513],[125.07388,11.34529],[125.07374,11.3454],[125.07354,11.34555],[125.07342,11.34563],[125.07335,11.3457],[125.07317,11.34589],[125.07303,11.34606],[125.0729,11.34622],[125.07275,11.34641],[125.07265,11.34659],[125.07256,11.34676],[125.07252,11.34688],[125.07253,11.34689],[125.07257,11.34694],[125.07257,11.34694],[125.07262,11.3468]]]}},{"type":"Feature","properties":{"class":"barangay","barangay":"Sawa"},"geometry":{"type":"Polygon","coordinates":[[[125.07511,11.34221],[125.07518,11.34198],[125.07526,11.34168],[125.07535,11.34134],[125.07547,11.34092],[125.0756,11.3407],[125.07572,11.3405],[125.07582,11.34025],[125.07584,11.34015],[125.07585,11.34012],[125.07579,11.34011],[125.07578,11.34017],[125.07575,11.34026],[125.0757,11.3404],[125.07566,11.34048],[125.07554,11.34069],[125.07548,11.34078],[125.07542,11.3409],[125.07539,11.34097],[125.07532,11.3412],[125.07524,11.34152],[125.07516,11.34183],[125.07505,11.34217],[125.075,11.34227],[125.07496,11.34233],[125.07505,11.34237],[125.07511,11.34221]]]}},{"type":"Feature","properties":{"class":"barangay","barangay":"Sawa"},"geometry":{"type":"Polygon","coordinates":[[[125.07518,11.34157],[125.07512,11.34165],[125.07507,11.34167],[125.07502,11.34166],[125.07489,11.34165],[125.07466,11.34162],[125.07453,11.34159],[125.07452,11.34165],[125.07484,11.34168],[125.07507,11.34172],[125.07511,11.34172],[125.07515,11.3417],[125.07522,11.34161],[125.07524,11.34152],[125.07525,11.3415],[125.07518,11.34157]]]}},{"type":"Feature","properties":{"class":"municipal","barangay":"Guirang"},"geometry":{"type":"Polygon","coordinates":[[[125.16737,11.3528],[125.16721,11.35244],[125.16716,11.35224],[125.16715,11.35212],[125.16715,11.35205],[125.16708,11.35204],[125.16709,11.35223],[125.16713,11.35238],[125.16718,11.35255],[125.16732,11.35284],[125.16739,11.35301],[125.16741,11.353],[125.16746,11.353],[125.16737,11.3528]]]}},{"type":"Feature","properties":{"class":"barangay","barangay":"Guirang"},"geometry":{"type":"Polygon","coordinates":[[[125.21895,11.36442],[125.21908,11.36391],[125.21911,11.36373],[125.21914,11.36328],[125.2192,11.36285],[125.21924,11.36275],[125.21936,11.36263],[125.2197,11.36227],[125.21993,11.36202],[125.22021,11.36172],[125.22045,11.36144],[125.22056,11.36132],[125.22058,11.36125],[125.22058,11.3611],[125.22056,11.36093],[125.2205,11.36067],[125.2205,11.36061],[125.2205,11.36031],[125.22047,11.3603],[125.22042,11.3603],[125.22044,11.36052],[125.22044,11.36065],[125.2205,11.36093],[125.22052,11.36111],[125.22051,11.36128],[125.22044,11.36136],[125.22025,11.36155],[125.22003,11.3618],[125.21982,11.36203],[125.21959,11.36226],[125.2194,11.36249],[125.21919,11.3627],[125.21913,11.36287],[125.21911,11.36299],[125.21907,11.36338],[125.21904,11.36368],[125.21903,11.36383],[125.21899,11.36399],[125.21892,11.36426],[125.21884,11.36453],[125.21891,11.36456],[125.21895,11.36442]]]}},{"type":"Feature","properties":{"class":"barangay","barangay":"Pelit"},"geometry":{"type":"Polygon","coordinates":[[[125.157,11.30151],[125.15618,11.30235],[125.15619,11.30237],[125.15718,11.30136],[125.15758,11.30095],[125.15756,11.30093],[125.157,11.30151]]]}},{"type":"Feature","properties":{"class":"barangay","barangay":"Pelit"},"geometry":{"type":"Polygon","coordinates":[[[125.15618,11.30272],[125.15565,11.30205],[125.15515,11.3017],[125.15512,11.30173],[125.15562,11.30208],[125.15586,11.30236],[125.15616,11.30273],[125.15621,11.30284],[125.15624,11.30285],[125.15618,11.30272]]]}},{"type":"Feature","properties":{"class":"barangay","barangay":"Pelit"},"geometry":{"type":"Polygon","coordinates":[[[125.15764,11.30325],[125.15764,11.30323],[125.15755,11.30323],[125.15736,11.30324],[125.15728,11.30325],[125.15727,11.30326],[125.15727,11.30333],[125.15727,11.30334],[125.15719,11.30335],[125.15714,11.30335],[125.15713,11.30334],[125.15708,11.30325],[125.15707,11.30326],[125.15711,11.30335],[125.15712,11.30336],[125.15715,11.30336],[125.15719,11.30336],[125.15727,11.30335],[125.15728,11.30334],[125.15728,11.30334],[125.15728,11.30327],[125.15728,11.30327],[125.15737,11.30325],[125.15757,11.30325],[125.15764,11.30325]]]}},{"type":"Feature","properties":{"class":"barangay","barangay":"Pelit"},"geometry":{"type":"Polygon","coordinates":[[[125.15744,11.30323],[125.15746,11.30323],[125.15746,11.30294],[125.15744,11.30295],[125.15744,11.30323]]]}},{"type":"Feature","properties":{"class":"barangay","barangay":"Pelit"},"geometry":{"type":"Polygon","coordinates":[[[125.15617,11.30325],[125.15616,11.30328],[125.15569,11.30328],[125.15547,11.30323],[125.15538,11.30323],[125.15524,11.30325],[125.15503,11.30327],[125.15492,11.3033],[125.15486,11.3033],[125.15485,11.30329],[125.15483,11.30321],[125.15484,11.30313],[125.15486,11.30302],[125.15485,11.30288],[125.15482,11.3028],[125.15478,11.3028],[125.15482,11.30288],[125.15482,11.30301],[125.15482,11.30303],[125.1548,11.30313],[125.15479,11.30322],[125.15481,11.30332],[125.15483,11.30334],[125.15487,11.30335],[125.15495,11.30334],[125.15505,11.3033],[125.15537,11.30327],[125.15547,11.30327],[125.15568,11.30332],[125.15572,11.30333],[125.15617,11.30334],[125.15621,11.30331],[125.15622,11.30328],[125.15627,11.30288],[125.15624,11.30287],[125.15622,11.30287],[125.15617,11.30325]]]}},{"type":"Feature","properties":{"class":"barangay","barangay":"Pelit"},"geometry":{"type":"Polygon","coordinates":[[[125.15544,11.30316],[125.1554,11.30303],[125.15535,11.30289],[125.15531,11.3029],[125.15541,11.30317],[125.15541,11.30323],[125.15545,11.30323],[125.15544,11.30316]]]}},{"type":"Feature","properties":{"class":"barangay","barangay":"Balo-og"},"geometry":{"type":"Polygon","coordinates":[[[125.05395,11.38145],[125.05399,11.3814],[125.05356,11.38091],[125.05346,11.38085],[125.05336,11.3808],[125.05327,11.38072],[125.05321,11.38066],[125.05308,11.38059],[125.05299,11.38052],[125.05287,11.3804],[125.05277,11.38029],[125.05271,11.3802],[125.05262,11.38004],[125.05252,11.3799],[125.05249,11.37975],[125.05244,11.37976],[125.05247,11.3799],[125.05254,11.38003],[125.05264,11.38021],[125.0527,11.38031],[125.05295,11.38056],[125.05307,11.38064],[125.05317,11.38071],[125.05331,11.38083],[125.05353,11.38096],[125.05395,11.38145]]]}},{"type":"Feature","properties":{"class":"barangay","barangay":"Balo-og"},"geometry":{"type":"Polygon","coordinates":[[[125.0528,11.38058],[125.05264,11.38059],[125.05249,11.38064],[125.05251,11.38068],[125.05259,11.38065],[125.05265,11.38064],[125.0528,11.38062],[125.05292,11.38053],[125.05289,11.3805],[125.0528,11.38058]]]}},{"type":"Feature","properties":{"class":"barangay","barangay":"Balo-og"},"geometry":{"type":"Polygon","coordinates":[[[125.05262,11.38049],[125.05258,11.3804],[125.05256,11.38042],[125.05259,11.3805],[125.05262,11.3806],[125.05264,11.38059],[125.05264,11.38059],[125.05262,11.38049]]]}},{"type":"Feature","properties":{"class":"barangay","barangay":"Balo-og"},"geometry":{"type":"Polygon","coordinates":[[[125.05232,11.37985],[125.05229,11.37988],[125.05229,11.37993],[125.05243,11.3802],[125.05253,11.38033],[125.05257,11.3803],[125.05247,11.38017],[125.05233,11.37992],[125.05233,11.37989],[125.05235,11.37988],[125.05246,11.37985],[125.05245,11.37981],[125.05232,11.37985]]]}},{"type":"Feature","properties":{"class":"barangay","barangay":"Balo-og"},"geometry":{"type":"Polygon","coordinates":[[[125.0525,11.37963],[125.05247,11.37928],[125.05243,11.37898],[125.05237,11.37886],[125.05205,11.37853],[125.05201,11.37809],[125.05191,11.37798],[125.05152,11.37781],[125.05145,11.37771],[125.05138,11.37744],[125.05132,11.37729],[125.05126,11.37717],[125.05122,11.37712],[125.05117,11.37707],[125.05115,11.37706],[125.05114,11.37703],[125.05114,11.37697],[125.05114,11.37694],[125.05113,11.3769],[125.05112,11.37685],[125.05111,11.37677],[125.0511,11.37672],[125.0511,11.37664],[125.05111,11.37657],[125.05109,11.37649],[125.05107,11.37645],[125.05104,11.37633],[125.05099,11.37626],[125.05094,11.37618],[125.05092,11.37616],[125.0509,11.37613],[125.0509,11.37608],[125.05085,11.37597],[125.05074,11.37576],[125.05074,11.37568],[125.05073,11.37562],[125.05072,11.37556],[125.05072,11.37552],[125.05073,11.37549],[125.05074,11.37545],[125.05078,11.37536],[125.05082,11.37526],[125.05084,11.37517],[125.05089,11.37504],[125.05085,11.37503],[125.0508,11.37517],[125.05077,11.37525],[125.05071,11.37538],[125.05069,11.37546],[125.05067,11.37553],[125.05067,11.37557],[125.05068,11.37565],[125.05069,11.3757],[125.05069,11.37579],[125.0508,11.376],[125.05084,11.37611],[125.05085,11.37616],[125.05087,11.37621],[125.05091,11.37625],[125.05095,11.37633],[125.05099,11.37639],[125.05104,11.37657],[125.05104,11.37677],[125.05107,11.37693],[125.05108,11.37703],[125.05108,11.37707],[125.05112,11.37714],[125.05119,11.37719],[125.05133,11.37745],[125.05138,11.3777],[125.05141,11.37776],[125.05146,11.37784],[125.05159,11.37791],[125.05189,11.37804],[125.05194,11.37811],[125.05198,11.37852],[125.05205,11.37865],[125.0523,11.3789],[125.05236,11.379],[125.05243,11.37963],[125.0525,11.37963]]]}},{"type":"Feature","properties":{"class":"other","barangay":null},"geometry":{"type":"Polygon","coordinates":[[[125.22987,11.3655],[125.22989,11.36554],[125.2305,11.36532],[125.2312,11.36511],[125.23133,11.36508],[125.23144,11.36509],[125.23155,11.36508],[125.23165,11.36511],[125.23183,11.3652],[125.23218,11.36538],[125.23262,11.36564],[125.23271,11.36568],[125.23277,11.36577],[125.23288,11.36596],[125.23315,11.3664],[125.23352,11.36698],[125.23405,11.36783],[125.23449,11.36852],[125.23505,11.36874],[125.23564,11.36895],[125.23598,11.36888],[125.23616,11.36883],[125.23632,11.36875],[125.23708,11.36814],[125.23827,11.36748],[125.2387,11.36739],[125.23912,11.36739],[125.24035,11.3678],[125.24087,11.36804],[125.24116,11.36841],[125.24151,11.36893],[125.24171,11.36945],[125.24205,11.37021],[125.24233,11.37043],[125.24363,11.37063],[125.24416,11.37057],[125.24495,11.36968],[125.2458,11.3686],[125.24683,11.36754],[125.24733,11.36705],[125.2476,11.36681],[125.24789,11.36671],[125.25051,11.36692],[125.25176,11.3669],[125.25209,11.36668],[125.25237,11.36643],[125.25297,11.36629],[125.25424,11.36638],[125.25473,11.36659],[125.25507,11.36676],[125.25556,11.36681],[125.25638,11.3669],[125.25678,11.36664],[125.25738,11.36619],[125.25772,11.36602],[125.25857,11.36595],[125.25927,11.36596],[125.26017,11.36547],[125.26146,11.36417],[125.26174,11.36405],[125.26286,11.36404],[125.26499,11.36438],[125.26526,11.36439],[125.26585,11.36422],[125.26657,11.36395],[125.26727,11.3639],[125.2675,11.36398],[125.26771,11.36411],[125.26817,11.36448],[125.26846,11.36473],[125.26871,11.36488],[125.26909,11.3651],[125.26917,11.36519],[125.26939,11.36544],[125.27001,11.36613],[125.27027,11.3663],[125.27034,11.36633],[125.27039,11.36635],[125.27039,11.36629],[125.27037,11.36629],[125.27005,11.3661],[125.26965,11.36566],[125.26949,11.36546],[125.26946,11.36543],[125.26927,11.3652],[125.26913,11.36507],[125.26853,11.36471],[125.26773,11.36406],[125.26751,11.36392],[125.26732,11.36386],[125.26653,11.36388],[125.26587,11.36413],[125.26522,11.36431],[125.26502,11.36428],[125.26408,11.36414],[125.26281,11.36393],[125.26168,11.36393],[125.26139,11.36404],[125.26081,11.36462],[125.25999,11.36545],[125.25922,11.3658],[125.25865,11.36579],[125.25777,11.36582],[125.25742,11.36593],[125.25716,11.36612],[125.25715,11.36612],[125.25712,11.36615],[125.257,11.36631],[125.25651,11.36666],[125.25645,11.36669],[125.25639,11.36672],[125.25633,11.36675],[125.25628,11.36676],[125.25516,11.36665],[125.25434,11.36625],[125.2529,11.36613],[125.25218,11.36629],[125.25186,11.36664],[125.25135,11.36671],[125.24853,11.3666],[125.24769,11.36653],[125.24763,11.36654],[125.24612,11.36789],[125.24505,11.36912],[125.24444,11.36999],[125.2439,11.37047],[125.24257,11.37029],[125.24227,11.37016],[125.24212,11.36995],[125.24161,11.36858],[125.24098,11.36781],[125.24023,11.36758],[125.23912,11.36722],[125.23828,11.3673],[125.23709,11.36798],[125.23607,11.36878],[125.23572,11.36886],[125.2347,11.36851],[125.23445,11.36829],[125.23409,11.36765],[125.23334,11.36652],[125.23276,11.36564],[125.23204,11.36525],[125.23175,11.3651],[125.23169,11.36504],[125.23126,11.36503],[125.23046,11.36526],[125.22987,11.3655]]]}}]}